customer_id,decision,decision_reason,underwriting_income_p10,median_income_p50,optimistic_income_p90,existing_monthly_obligations,current_foir_percent,projected_foir_percent,max_affordable_emi,approved_term_loan_limit,approved_revolving_card_limit,applied_interest_rate_annual
CUST0000004,DECLINED,INSAGFFICIENT_NET_DISPOSABLE_INCOME,3.8267462858951e-07,4.701210519579216e-06,0.008046414676757957,0.0,0.0,0.0,0.0,0.0,0.0,24%
CUST0000022,DECLINED,INSAGFFICIENT_NET_DISPOSABLE_INCOME,3.8267462858951e-07,4.701210519579216e-06,0.008046414676757957,0.0,0.0,0.0,0.0,0.0,0.0,24%
CUST0000115,DECLINED,INSAGFFICIENT_NET_DISPOSABLE_INCOME,3.8267462858951e-07,4.701210519579216e-06,0.008046414676757957,0.0,0.0,0.0,0.0,0.0,0.0,24%
CUST0000128,DECLINED,INSAGFFICIENT_NET_DISPOSABLE_INCOME,3.8267462858951e-07,4.701210519579216e-06,0.008046414676757957,0.0,0.0,0.0,0.0,0.0,0.0,24%
CUST0000150,DECLINED,INSAGFFICIENT_NET_DISPOSABLE_INCOME,3.8267462858951e-07,4.701210519579216e-06,0.008046414676757957,0.0,0.0,0.0,0.0,0.0,0.0,24%
CUST0000203,DECLINED,INSAGFFICIENT_NET_DISPOSABLE_INCOME,3.8267462858951e-07,4.701210519579216e-06,0.008046414676757957,0.0,0.0,0.0,0.0,0.0,0.0,24%
CUST0000227,DECLINED,INSAGFFICIENT_NET_DISPOSABLE_INCOME,3.8267462858951e-07,4.701210519579216e-06,0.008046414676757957,0.0,0.0,0.0,0.0,0.0,0.0,24%
CUST0000232,DECLINED,INSAGFFICIENT_NET_DISPOSABLE_INCOME,3.8267462858951e-07,4.701210519579216e-06,0.008046414676757957,0.0,0.0,0.0,0.0,0.0,0.0,24%
CUST0000311,DECLINED,INSAGFFICIENT_NET_DISPOSABLE_INCOME,3.8267462858951e-07,4.701210519579216e-06,0.008046414676757957,0.0,0.0,0.0,0.0,0.0,0.0,24%
CUST0000502,DECLINED,INSAGFFICIENT_NET_DISPOSABLE_INCOME,3.8267462858951e-07,4.701210519579216e-06,0.008046414676757957,0.0,0.0,0.0,0.0,0.0,0.0,24%
CUST0000571,DECLINED,INSAGFFICIENT_NET_DISPOSABLE_INCOME,6495.626740396821,8570.804297220322,14936.202441458596,0.0,0.0,0.0,0.0,0.0,0.0,24%
CUST0000737,DECLINED,INSAGFFICIENT_NET_DISPOSABLE_INCOME,3902.8171110397566,20106.97126991227,36163.55800138149,0.0,0.0,0.0,0.0,0.0,0.0,24%
CUST0000882,DECLINED,INSAGFFICIENT_NET_DISPOSABLE_INCOME,3.8267462858951e-07,4.701210519579216e-06,0.008046414676757957,0.0,0.0,0.0,0.0,0.0,0.0,24%
CUST0000892,DECLINED,INSAGFFICIENT_NET_DISPOSABLE_INCOME,3.8267462858951e-07,4.701210519579216e-06,0.008046414676757957,0.0,0.0,0.0,0.0,0.0,0.0,24%
CUST0000936,DECLINED,INSAGFFICIENT_NET_DISPOSABLE_INCOME,3.8267462858951e-07,4.701210519579216e-06,0.008046414676757957,0.0,0.0,0.0,0.0,0.0,0.0,24%
CUST0000964,DECLINED,INSAGFFICIENT_NET_DISPOSABLE_INCOME,3.8267462858951e-07,4.701210519579216e-06,0.008046414676757957,0.0,0.0,0.0,0.0,0.0,0.0,24%
CUST0001002,DECLINED,INSAGFFICIENT_NET_DISPOSABLE_INCOME,3.8267462858951e-07,4.701210519579216e-06,0.008046414676757957,0.0,0.0,0.0,0.0,0.0,0.0,24%
CUST0001060,DECLINED,INSAGFFICIENT_NET_DISPOSABLE_INCOME,3.8267462858951e-07,4.701210519579216e-06,0.008046414676757957,0.0,0.0,0.0,0.0,0.0,0.0,24%
CUST0001101,DECLINED,INSAGFFICIENT_NET_DISPOSABLE_INCOME,3.8267462858951e-07,4.701210519579216e-06,0.008046414676757957,0.0,0.0,0.0,0.0,0.0,0.0,24%
CUST0001200,DECLINED,INSAGFFICIENT_NET_DISPOSABLE_INCOME,3.8267462858951e-07,4.701210519579216e-06,0.008046414676757957,0.0,0.0,0.0,0.0,0.0,0.0,24%
CUST0001201,DECLINED,INSAGFFICIENT_NET_DISPOSABLE_INCOME,3.8267462858951e-07,4.701210519579216e-06,0.008046414676757957,0.0,0.0,0.0,0.0,0.0,0.0,24%
CUST0001204,DECLINED,INSAGFFICIENT_NET_DISPOSABLE_INCOME,3.8267462858951e-07,4.701210519579216e-06,0.008046414676757957,0.0,0.0,0.0,0.0,0.0,0.0,24%
CUST0001274,DECLINED,INSAGFFICIENT_NET_DISPOSABLE_INCOME,3.8267462858951e-07,4.701210519579216e-06,0.008046414676757957,0.0,0.0,0.0,0.0,0.0,0.0,24%
CUST0001392,DECLINED,INSAGFFICIENT_NET_DISPOSABLE_INCOME,3.8267462858951e-07,4.701210519579216e-06,0.008046414676757957,0.0,0.0,0.0,0.0,0.0,0.0,24%
CUST0001453,DECLINED,INSAGFFICIENT_NET_DISPOSABLE_INCOME,3.8267462858951e-07,4.701210519579216e-06,0.008046414676757957,0.0,0.0,0.0,0.0,0.0,0.0,24%
CUST0001480,DECLINED,INSAGFFICIENT_NET_DISPOSABLE_INCOME,3.8267462858951e-07,4.701210519579216e-06,0.008046414676757957,0.0,0.0,0.0,0.0,0.0,0.0,24%
CUST0001513,DECLINED,INSAGFFICIENT_NET_DISPOSABLE_INCOME,3.8267462858951e-07,4.701210519579216e-06,0.008046414676757957,0.0,0.0,0.0,0.0,0.0,0.0,24%
CUST0001568,DECLINED,INSAGFFICIENT_NET_DISPOSABLE_INCOME,3.8267462858951e-07,4.701210519579216e-06,0.008046414676757957,0.0,0.0,0.0,0.0,0.0,0.0,24%
CUST0001675,DECLINED,INSAGFFICIENT_NET_DISPOSABLE_INCOME,3.8267462858951e-07,4.701210519579216e-06,0.008046414676757957,0.0,0.0,0.0,0.0,0.0,0.0,24%
CUST0001691,DECLINED,INSAGFFICIENT_NET_DISPOSABLE_INCOME,3.8267462858951e-07,4.701210519579216e-06,0.008046414676757957,0.0,0.0,0.0,0.0,0.0,0.0,24%
CUST0001734,DECLINED,INSAGFFICIENT_NET_DISPOSABLE_INCOME,4376.674052234084,4851.470432296682,21502.891820243713,0.0,0.0,0.0,0.0,0.0,0.0,24%
CUST0001745,DECLINED,INSAGFFICIENT_NET_DISPOSABLE_INCOME,4893.482357790999,4988.654319007435,18158.392291140903,0.0,0.0,0.0,0.0,0.0,0.0,24%
CUST0001822,DECLINED,INSAGFFICIENT_NET_DISPOSABLE_INCOME,3.8267462858951e-07,4.701210519579216e-06,0.008046414676757957,0.0,0.0,0.0,0.0,0.0,0.0,24%
CUST0001941,DECLINED,INSAGFFICIENT_NET_DISPOSABLE_INCOME,3.8267462858951e-07,4.701210519579216e-06,0.008046414676757957,0.0,0.0,0.0,0.0,0.0,0.0,24%
CUST0001981,DECLINED,INSAGFFICIENT_NET_DISPOSABLE_INCOME,3.8267462858951e-07,4.701210519579216e-06,0.008046414676757957,0.0,0.0,0.0,0.0,0.0,0.0,24%
CUST0002022,DECLINED,INSAGFFICIENT_NET_DISPOSABLE_INCOME,3.8267462858951e-07,4.701210519579216e-06,0.008046414676757957,0.0,0.0,0.0,0.0,0.0,0.0,24%
CUST0002046,DECLINED,INSAGFFICIENT_NET_DISPOSABLE_INCOME,3902.8171110397566,20106.97126991227,36163.55800138149,0.0,0.0,0.0,0.0,0.0,0.0,24%
CUST0002056,DECLINED,INSAGFFICIENT_NET_DISPOSABLE_INCOME,3.8267462858951e-07,4.701210519579216e-06,0.008046414676757957,0.0,0.0,0.0,0.0,0.0,0.0,24%
CUST0002112,DECLINED,INSAGFFICIENT_NET_DISPOSABLE_INCOME,3.8267462858951e-07,4.701210519579216e-06,0.008046414676757957,0.0,0.0,0.0,0.0,0.0,0.0,24%
CUST0002128,DECLINED,INSAGFFICIENT_NET_DISPOSABLE_INCOME,3.8267462858951e-07,4.701210519579216e-06,0.008046414676757957,0.0,0.0,0.0,0.0,0.0,0.0,24%
CUST0002195,DECLINED,INSAGFFICIENT_NET_DISPOSABLE_INCOME,3.8267462858951e-07,4.701210519579216e-06,0.008046414676757957,0.0,0.0,0.0,0.0,0.0,0.0,24%
CUST0002200,DECLINED,INSAGFFICIENT_NET_DISPOSABLE_INCOME,3902.8171110397566,20106.97126991227,36163.55800138149,0.0,0.0,0.0,0.0,0.0,0.0,24%
CUST0002412,DECLINED,INSAGFFICIENT_NET_DISPOSABLE_INCOME,3.8267462858951e-07,4.701210519579216e-06,0.008046414676757957,0.0,0.0,0.0,0.0,0.0,0.0,24%
CUST0002470,DECLINED,INSAGFFICIENT_NET_DISPOSABLE_INCOME,3.8267462858951e-07,4.701210519579216e-06,0.008046414676757957,0.0,0.0,0.0,0.0,0.0,0.0,24%
CUST0002510,DECLINED,INSAGFFICIENT_NET_DISPOSABLE_INCOME,3.8267462858951e-07,4.701210519579216e-06,0.008046414676757957,0.0,0.0,0.0,0.0,0.0,0.0,24%
CUST0002523,DECLINED,INSAGFFICIENT_NET_DISPOSABLE_INCOME,3.8267462858951e-07,4.701210519579216e-06,0.008046414676757957,0.0,0.0,0.0,0.0,0.0,0.0,24%
CUST0002533,DECLINED,INSAGFFICIENT_NET_DISPOSABLE_INCOME,5416.144958955638,5750.152341745131,18387.03915206679,0.0,0.0,0.0,0.0,0.0,0.0,24%
CUST0002748,DECLINED,INSAGFFICIENT_NET_DISPOSABLE_INCOME,3.8267462858951e-07,4.701210519579216e-06,0.008046414676757957,0.0,0.0,0.0,0.0,0.0,0.0,24%
CUST0002761,DECLINED,INSAGFFICIENT_NET_DISPOSABLE_INCOME,3.8267462858951e-07,4.701210519579216e-06,0.008046414676757957,0.0,0.0,0.0,0.0,0.0,0.0,24%
CUST0002781,DECLINED,INSAGFFICIENT_NET_DISPOSABLE_INCOME,3.8267462858951e-07,4.701210519579216e-06,0.008046414676757957,0.0,0.0,0.0,0.0,0.0,0.0,24%
CUST0002784,DECLINED,INSAGFFICIENT_NET_DISPOSABLE_INCOME,3.8267462858951e-07,4.701210519579216e-06,0.008046414676757957,0.0,0.0,0.0,0.0,0.0,0.0,24%
CUST0002904,DECLINED,INSAGFFICIENT_NET_DISPOSABLE_INCOME,3.8267462858951e-07,4.701210519579216e-06,0.008046414676757957,0.0,0.0,0.0,0.0,0.0,0.0,24%
CUST0002928,DECLINED,INSAGFFICIENT_NET_DISPOSABLE_INCOME,3.8267462858951e-07,4.701210519579216e-06,0.008046414676757957,0.0,0.0,0.0,0.0,0.0,0.0,24%
CUST0003012,DECLINED,INSAGFFICIENT_NET_DISPOSABLE_INCOME,3.8267462858951e-07,4.701210519579216e-06,0.008046414676757957,0.0,0.0,0.0,0.0,0.0,0.0,24%
CUST0003039,DECLINED,INSAGFFICIENT_NET_DISPOSABLE_INCOME,3.8267462858951e-07,4.701210519579216e-06,0.008046414676757957,0.0,0.0,0.0,0.0,0.0,0.0,24%
CUST0003045,DECLINED,INSAGFFICIENT_NET_DISPOSABLE_INCOME,3.8267462858951e-07,4.701210519579216e-06,0.008046414676757957,0.0,0.0,0.0,0.0,0.0,0.0,24%
CUST0003147,DECLINED,INSAGFFICIENT_NET_DISPOSABLE_INCOME,3.8267462858951e-07,4.701210519579216e-06,0.008046414676757957,0.0,0.0,0.0,0.0,0.0,0.0,24%
CUST0003261,DECLINED,INSAGFFICIENT_NET_DISPOSABLE_INCOME,3.8267462858951e-07,4.701210519579216e-06,0.008046414676757957,0.0,0.0,0.0,0.0,0.0,0.0,24%
CUST0003297,DECLINED,INSAGFFICIENT_NET_DISPOSABLE_INCOME,3.8267462858951e-07,4.701210519579216e-06,0.008046414676757957,0.0,0.0,0.0,0.0,0.0,0.0,24%
CUST0003430,DECLINED,INSAGFFICIENT_NET_DISPOSABLE_INCOME,3.8267462858951e-07,4.701210519579216e-06,0.008046414676757957,0.0,0.0,0.0,0.0,0.0,0.0,24%
CUST0003457,DECLINED,INSAGFFICIENT_NET_DISPOSABLE_INCOME,3.8267462858951e-07,4.701210519579216e-06,0.008046414676757957,0.0,0.0,0.0,0.0,0.0,0.0,24%
CUST0003549,DECLINED,INSAGFFICIENT_NET_DISPOSABLE_INCOME,3.8267462858951e-07,4.701210519579216e-06,0.008046414676757957,0.0,0.0,0.0,0.0,0.0,0.0,24%
CUST0003574,DECLINED,INSAGFFICIENT_NET_DISPOSABLE_INCOME,3.8267462858951e-07,4.701210519579216e-06,0.008046414676757957,0.0,0.0,0.0,0.0,0.0,0.0,24%
CUST0003646,DECLINED,INSAGFFICIENT_NET_DISPOSABLE_INCOME,3.8267462858951e-07,4.701210519579216e-06,0.008046414676757957,0.0,0.0,0.0,0.0,0.0,0.0,24%
CUST0003674,DECLINED,INSAGFFICIENT_NET_DISPOSABLE_INCOME,3.8267462858951e-07,4.701210519579216e-06,0.008046414676757957,0.0,0.0,0.0,0.0,0.0,0.0,24%
CUST0003712,DECLINED,INSAGFFICIENT_NET_DISPOSABLE_INCOME,3.8267462858951e-07,4.701210519579216e-06,0.008046414676757957,0.0,0.0,0.0,0.0,0.0,0.0,24%
CUST0003754,DECLINED,INSAGFFICIENT_NET_DISPOSABLE_INCOME,3.8267462858951e-07,4.701210519579216e-06,0.008046414676757957,0.0,0.0,0.0,0.0,0.0,0.0,24%
CUST0003941,DECLINED,INSAGFFICIENT_NET_DISPOSABLE_INCOME,3.8267462858951e-07,4.701210519579216e-06,0.008046414676757957,0.0,0.0,0.0,0.0,0.0,0.0,24%
CUST0004021,DECLINED,INSAGFFICIENT_NET_DISPOSABLE_INCOME,3.8267462858951e-07,4.701210519579216e-06,0.008046414676757957,0.0,0.0,0.0,0.0,0.0,0.0,24%
CUST0004102,DECLINED,INSAGFFICIENT_NET_DISPOSABLE_INCOME,3.8267462858951e-07,4.701210519579216e-06,0.008046414676757957,0.0,0.0,0.0,0.0,0.0,0.0,24%
CUST0004109,DECLINED,INSAGFFICIENT_NET_DISPOSABLE_INCOME,3.8267462858951e-07,4.701210519579216e-06,0.008046414676757957,0.0,0.0,0.0,0.0,0.0,0.0,24%
CUST0004153,DECLINED,INSAGFFICIENT_NET_DISPOSABLE_INCOME,3.8267462858951e-07,4.701210519579216e-06,0.008046414676757957,0.0,0.0,0.0,0.0,0.0,0.0,24%
CUST0004256,DECLINED,INSAGFFICIENT_NET_DISPOSABLE_INCOME,3.8267462858951e-07,4.701210519579216e-06,0.008046414676757957,0.0,0.0,0.0,0.0,0.0,0.0,24%
CUST0004283,DECLINED,INSAGFFICIENT_NET_DISPOSABLE_INCOME,3.8267462858951e-07,4.701210519579216e-06,0.008046414676757957,0.0,0.0,0.0,0.0,0.0,0.0,24%
CUST0004369,DECLINED,INSAGFFICIENT_NET_DISPOSABLE_INCOME,3.8267462858951e-07,4.701210519579216e-06,0.008046414676757957,0.0,0.0,0.0,0.0,0.0,0.0,24%
CUST0004373,DECLINED,INSAGFFICIENT_NET_DISPOSABLE_INCOME,3.8267462858951e-07,4.701210519579216e-06,0.008046414676757957,0.0,0.0,0.0,0.0,0.0,0.0,24%
CUST0004425,DECLINED,INSAGFFICIENT_NET_DISPOSABLE_INCOME,3.8267462858951e-07,4.701210519579216e-06,0.008046414676757957,0.0,0.0,0.0,0.0,0.0,0.0,24%
CUST0004426,DECLINED,INSAGFFICIENT_NET_DISPOSABLE_INCOME,3.8267462858951e-07,4.701210519579216e-06,0.008046414676757957,0.0,0.0,0.0,0.0,0.0,0.0,24%
CUST0004461,DECLINED,INSAGFFICIENT_NET_DISPOSABLE_INCOME,3902.8171110397566,20106.97126991227,36163.55800138149,0.0,0.0,0.0,0.0,0.0,0.0,24%
CUST0004507,DECLINED,INSAGFFICIENT_NET_DISPOSABLE_INCOME,3.8267462858951e-07,4.701210519579216e-06,0.008046414676757957,0.0,0.0,0.0,0.0,0.0,0.0,24%
CUST0004622,DECLINED,INSAGFFICIENT_NET_DISPOSABLE_INCOME,3.8267462858951e-07,4.701210519579216e-06,0.008046414676757957,0.0,0.0,0.0,0.0,0.0,0.0,24%
CUST0004750,DECLINED,INSAGFFICIENT_NET_DISPOSABLE_INCOME,3.8267462858951e-07,4.701210519579216e-06,0.008046414676757957,0.0,0.0,0.0,0.0,0.0,0.0,24%
CUST0004760,DECLINED,INSAGFFICIENT_NET_DISPOSABLE_INCOME,3.8267462858951e-07,4.701210519579216e-06,0.008046414676757957,0.0,0.0,0.0,0.0,0.0,0.0,24%
CUST0004864,DECLINED,INSAGFFICIENT_NET_DISPOSABLE_INCOME,3.8267462858951e-07,4.701210519579216e-06,0.008046414676757957,0.0,0.0,0.0,0.0,0.0,0.0,24%
CUST0004872,DECLINED,INSAGFFICIENT_NET_DISPOSABLE_INCOME,3.8267462858951e-07,4.701210519579216e-06,0.008046414676757957,0.0,0.0,0.0,0.0,0.0,0.0,24%
CUST0004914,DECLINED,INSAGFFICIENT_NET_DISPOSABLE_INCOME,3.8267462858951e-07,4.701210519579216e-06,0.008046414676757957,0.0,0.0,0.0,0.0,0.0,0.0,24%
CUST0005048,DECLINED,INSAGFFICIENT_NET_DISPOSABLE_INCOME,3.8267462858951e-07,4.701210519579216e-06,0.008046414676757957,0.0,0.0,0.0,0.0,0.0,0.0,24%
CUST0005049,DECLINED,INSAGFFICIENT_NET_DISPOSABLE_INCOME,3.8267462858951e-07,4.701210519579216e-06,0.008046414676757957,0.0,0.0,0.0,0.0,0.0,0.0,24%
CUST0005120,DECLINED,INSAGFFICIENT_NET_DISPOSABLE_INCOME,3.8267462858951e-07,4.701210519579216e-06,0.008046414676757957,0.0,0.0,0.0,0.0,0.0,0.0,24%
CUST0005154,DECLINED,INSAGFFICIENT_NET_DISPOSABLE_INCOME,3.8267462858951e-07,4.701210519579216e-06,0.008046414676757957,0.0,0.0,0.0,0.0,0.0,0.0,24%
CUST0005158,DECLINED,INSAGFFICIENT_NET_DISPOSABLE_INCOME,3902.8171110397566,20106.97126991227,36163.55800138149,0.0,0.0,0.0,0.0,0.0,0.0,24%
CUST0005195,DECLINED,INSAGFFICIENT_NET_DISPOSABLE_INCOME,3.8267462858951e-07,4.701210519579216e-06,0.008046414676757957,0.0,0.0,0.0,0.0,0.0,0.0,24%
CUST0005198,DECLINED,INSAGFFICIENT_NET_DISPOSABLE_INCOME,3.8267462858951e-07,4.701210519579216e-06,0.008046414676757957,0.0,0.0,0.0,0.0,0.0,0.0,24%
CUST0005200,DECLINED,INSAGFFICIENT_NET_DISPOSABLE_INCOME,3.8267462858951e-07,4.701210519579216e-06,0.008046414676757957,0.0,0.0,0.0,0.0,0.0,0.0,24%
CUST0005300,DECLINED,INSAGFFICIENT_NET_DISPOSABLE_INCOME,3.8267462858951e-07,4.701210519579216e-06,0.008046414676757957,0.0,0.0,0.0,0.0,0.0,0.0,24%
CUST0005305,DECLINED,INSAGFFICIENT_NET_DISPOSABLE_INCOME,3.8267462858951e-07,4.701210519579216e-06,0.008046414676757957,0.0,0.0,0.0,0.0,0.0,0.0,24%
CUST0005333,DECLINED,INSAGFFICIENT_NET_DISPOSABLE_INCOME,3.8267462858951e-07,4.701210519579216e-06,0.008046414676757957,0.0,0.0,0.0,0.0,0.0,0.0,24%
CUST0005342,DECLINED,INSAGFFICIENT_NET_DISPOSABLE_INCOME,3.8267462858951e-07,4.701210519579216e-06,0.008046414676757957,0.0,0.0,0.0,0.0,0.0,0.0,24%
CUST0005361,DECLINED,INSAGFFICIENT_NET_DISPOSABLE_INCOME,3.8267462858951e-07,4.701210519579216e-06,0.008046414676757957,0.0,0.0,0.0,0.0,0.0,0.0,24%
CUST0005401,DECLINED,INSAGFFICIENT_NET_DISPOSABLE_INCOME,3.8267462858951e-07,4.701210519579216e-06,0.008046414676757957,0.0,0.0,0.0,0.0,0.0,0.0,24%
CUST0005447,DECLINED,INSAGFFICIENT_NET_DISPOSABLE_INCOME,3.8267462858951e-07,4.701210519579216e-06,0.008046414676757957,0.0,0.0,0.0,0.0,0.0,0.0,24%
CUST0005488,DECLINED,INSAGFFICIENT_NET_DISPOSABLE_INCOME,3.8267462858951e-07,4.701210519579216e-06,0.008046414676757957,0.0,0.0,0.0,0.0,0.0,0.0,24%
CUST0005592,DECLINED,INSAGFFICIENT_NET_DISPOSABLE_INCOME,3.8267462858951e-07,4.701210519579216e-06,0.008046414676757957,0.0,0.0,0.0,0.0,0.0,0.0,24%
CUST0005699,DECLINED,INSAGFFICIENT_NET_DISPOSABLE_INCOME,3.8267462858951e-07,4.701210519579216e-06,0.008046414676757957,0.0,0.0,0.0,0.0,0.0,0.0,24%
CUST0005731,DECLINED,INSAGFFICIENT_NET_DISPOSABLE_INCOME,3.8267462858951e-07,4.701210519579216e-06,0.008046414676757957,0.0,0.0,0.0,0.0,0.0,0.0,24%
CUST0005745,DECLINED,INSAGFFICIENT_NET_DISPOSABLE_INCOME,3.8267462858951e-07,4.701210519579216e-06,0.008046414676757957,0.0,0.0,0.0,0.0,0.0,0.0,24%
CUST0005784,DECLINED,INSAGFFICIENT_NET_DISPOSABLE_INCOME,3.8267462858951e-07,4.701210519579216e-06,0.008046414676757957,0.0,0.0,0.0,0.0,0.0,0.0,24%
CUST0005805,DECLINED,INSAGFFICIENT_NET_DISPOSABLE_INCOME,3.8267462858951e-07,4.701210519579216e-06,0.008046414676757957,0.0,0.0,0.0,0.0,0.0,0.0,24%
CUST0005819,DECLINED,INSAGFFICIENT_NET_DISPOSABLE_INCOME,3.8267462858951e-07,4.701210519579216e-06,0.008046414676757957,0.0,0.0,0.0,0.0,0.0,0.0,24%
CUST0005884,DECLINED,INSAGFFICIENT_NET_DISPOSABLE_INCOME,3.8267462858951e-07,4.701210519579216e-06,0.008046414676757957,0.0,0.0,0.0,0.0,0.0,0.0,24%
CUST0005916,DECLINED,INSAGFFICIENT_NET_DISPOSABLE_INCOME,3.8267462858951e-07,4.701210519579216e-06,0.008046414676757957,0.0,0.0,0.0,0.0,0.0,0.0,24%
CUST0005951,DECLINED,INSAGFFICIENT_NET_DISPOSABLE_INCOME,3.8267462858951e-07,4.701210519579216e-06,0.008046414676757957,0.0,0.0,0.0,0.0,0.0,0.0,24%
CUST0005967,DECLINED,INSAGFFICIENT_NET_DISPOSABLE_INCOME,3.8267462858951e-07,4.701210519579216e-06,0.008046414676757957,0.0,0.0,0.0,0.0,0.0,0.0,24%
CUST0006029,DECLINED,INSAGFFICIENT_NET_DISPOSABLE_INCOME,3.8267462858951e-07,4.701210519579216e-06,0.008046414676757957,0.0,0.0,0.0,0.0,0.0,0.0,24%
CUST0006054,DECLINED,INSAGFFICIENT_NET_DISPOSABLE_INCOME,3.8267462858951e-07,4.701210519579216e-06,0.008046414676757957,0.0,0.0,0.0,0.0,0.0,0.0,24%
CUST0006077,DECLINED,INSAGFFICIENT_NET_DISPOSABLE_INCOME,3.8267462858951e-07,4.701210519579216e-06,0.008046414676757957,0.0,0.0,0.0,0.0,0.0,0.0,24%
CUST0006121,DECLINED,INSAGFFICIENT_NET_DISPOSABLE_INCOME,3.8267462858951e-07,4.701210519579216e-06,0.008046414676757957,0.0,0.0,0.0,0.0,0.0,0.0,24%
CUST0006246,DECLINED,INSAGFFICIENT_NET_DISPOSABLE_INCOME,3.8267462858951e-07,4.701210519579216e-06,0.008046414676757957,0.0,0.0,0.0,0.0,0.0,0.0,24%
CUST0006477,DECLINED,INSAGFFICIENT_NET_DISPOSABLE_INCOME,3.8267462858951e-07,4.701210519579216e-06,0.008046414676757957,0.0,0.0,0.0,0.0,0.0,0.0,24%
CUST0006530,DECLINED,INSAGFFICIENT_NET_DISPOSABLE_INCOME,3.8267462858951e-07,4.701210519579216e-06,0.008046414676757957,0.0,0.0,0.0,0.0,0.0,0.0,24%
CUST0006656,DECLINED,INSAGFFICIENT_NET_DISPOSABLE_INCOME,3.8267462858951e-07,4.701210519579216e-06,0.008046414676757957,0.0,0.0,0.0,0.0,0.0,0.0,24%
CUST0006680,DECLINED,INSAGFFICIENT_NET_DISPOSABLE_INCOME,6635.728402442695,7241.753789229307,18441.87939426246,0.0,0.0,0.0,0.0,0.0,0.0,24%
CUST0006760,DECLINED,INSAGFFICIENT_NET_DISPOSABLE_INCOME,3.8267462858951e-07,4.701210519579216e-06,0.008046414676757957,0.0,0.0,0.0,0.0,0.0,0.0,24%
CUST0006839,DECLINED,INSAGFFICIENT_NET_DISPOSABLE_INCOME,3.8267462858951e-07,4.701210519579216e-06,0.008046414676757957,0.0,0.0,0.0,0.0,0.0,0.0,24%
CUST0007060,DECLINED,INSAGFFICIENT_NET_DISPOSABLE_INCOME,3.8267462858951e-07,4.701210519579216e-06,0.008046414676757957,0.0,0.0,0.0,0.0,0.0,0.0,24%
CUST0007081,DECLINED,INSAGFFICIENT_NET_DISPOSABLE_INCOME,3.8267462858951e-07,4.701210519579216e-06,0.008046414676757957,0.0,0.0,0.0,0.0,0.0,0.0,24%
CUST0007100,DECLINED,INSAGFFICIENT_NET_DISPOSABLE_INCOME,3.8267462858951e-07,4.701210519579216e-06,0.008046414676757957,0.0,0.0,0.0,0.0,0.0,0.0,24%
CUST0007112,DECLINED,INSAGFFICIENT_NET_DISPOSABLE_INCOME,3.8267462858951e-07,4.701210519579216e-06,0.008046414676757957,0.0,0.0,0.0,0.0,0.0,0.0,24%
CUST0007144,DECLINED,INSAGFFICIENT_NET_DISPOSABLE_INCOME,3.8267462858951e-07,4.701210519579216e-06,0.008046414676757957,0.0,0.0,0.0,0.0,0.0,0.0,24%
CUST0007216,DECLINED,INSAGFFICIENT_NET_DISPOSABLE_INCOME,3.8267462858951e-07,4.701210519579216e-06,0.008046414676757957,0.0,0.0,0.0,0.0,0.0,0.0,24%
CUST0007276,DECLINED,INSAGFFICIENT_NET_DISPOSABLE_INCOME,3.8267462858951e-07,4.701210519579216e-06,0.008046414676757957,0.0,0.0,0.0,0.0,0.0,0.0,24%
CUST0007291,DECLINED,INSAGFFICIENT_NET_DISPOSABLE_INCOME,3.8267462858951e-07,4.701210519579216e-06,0.008046414676757957,0.0,0.0,0.0,0.0,0.0,0.0,24%
CUST0007292,DECLINED,INSAGFFICIENT_NET_DISPOSABLE_INCOME,3.8267462858951e-07,4.701210519579216e-06,0.008046414676757957,0.0,0.0,0.0,0.0,0.0,0.0,24%
CUST0007381,DECLINED,INSAGFFICIENT_NET_DISPOSABLE_INCOME,3.8267462858951e-07,4.701210519579216e-06,0.008046414676757957,0.0,0.0,0.0,0.0,0.0,0.0,24%
CUST0007439,DECLINED,INSAGFFICIENT_NET_DISPOSABLE_INCOME,3.8267462858951e-07,4.701210519579216e-06,0.008046414676757957,0.0,0.0,0.0,0.0,0.0,0.0,24%
CUST0007443,DECLINED,INSAGFFICIENT_NET_DISPOSABLE_INCOME,3.8267462858951e-07,4.701210519579216e-06,0.008046414676757957,0.0,0.0,0.0,0.0,0.0,0.0,24%
CUST0007471,DECLINED,INSAGFFICIENT_NET_DISPOSABLE_INCOME,3.8267462858951e-07,4.701210519579216e-06,0.008046414676757957,0.0,0.0,0.0,0.0,0.0,0.0,24%
CUST0007507,DECLINED,INSAGFFICIENT_NET_DISPOSABLE_INCOME,3.8267462858951e-07,4.701210519579216e-06,0.008046414676757957,0.0,0.0,0.0,0.0,0.0,0.0,24%
CUST0007587,DECLINED,INSAGFFICIENT_NET_DISPOSABLE_INCOME,3.8267462858951e-07,4.701210519579216e-06,0.008046414676757957,0.0,0.0,0.0,0.0,0.0,0.0,24%
CUST0007667,DECLINED,INSAGFFICIENT_NET_DISPOSABLE_INCOME,3.8267462858951e-07,4.701210519579216e-06,0.008046414676757957,0.0,0.0,0.0,0.0,0.0,0.0,24%
CUST0007749,DECLINED,INSAGFFICIENT_NET_DISPOSABLE_INCOME,3.8267462858951e-07,4.701210519579216e-06,0.008046414676757957,0.0,0.0,0.0,0.0,0.0,0.0,24%
CUST0007800,DECLINED,INSAGFFICIENT_NET_DISPOSABLE_INCOME,3.8267462858951e-07,4.701210519579216e-06,0.008046414676757957,0.0,0.0,0.0,0.0,0.0,0.0,24%
CUST0007834,DECLINED,INSAGFFICIENT_NET_DISPOSABLE_INCOME,6506.976176662467,6770.3147776780215,18751.467519860627,0.0,0.0,0.0,0.0,0.0,0.0,24%
CUST0008075,DECLINED,INSAGFFICIENT_NET_DISPOSABLE_INCOME,3.8267462858951e-07,4.701210519579216e-06,0.008046414676757957,0.0,0.0,0.0,0.0,0.0,0.0,24%
CUST0008184,DECLINED,INSAGFFICIENT_NET_DISPOSABLE_INCOME,3.8267462858951e-07,4.701210519579216e-06,0.008046414676757957,0.0,0.0,0.0,0.0,0.0,0.0,24%
CUST0008226,DECLINED,INSAGFFICIENT_NET_DISPOSABLE_INCOME,3.8267462858951e-07,4.701210519579216e-06,0.008046414676757957,0.0,0.0,0.0,0.0,0.0,0.0,24%
CUST0008308,DECLINED,INSAGFFICIENT_NET_DISPOSABLE_INCOME,3.8267462858951e-07,4.701210519579216e-06,0.008046414676757957,0.0,0.0,0.0,0.0,0.0,0.0,24%
CUST0008338,DECLINED,INSAGFFICIENT_NET_DISPOSABLE_INCOME,3.8267462858951e-07,4.701210519579216e-06,0.008046414676757957,0.0,0.0,0.0,0.0,0.0,0.0,24%
CUST0008358,DECLINED,INSAGFFICIENT_NET_DISPOSABLE_INCOME,3.8267462858951e-07,4.701210519579216e-06,0.008046414676757957,0.0,0.0,0.0,0.0,0.0,0.0,24%
CUST0008375,DECLINED,INSAGFFICIENT_NET_DISPOSABLE_INCOME,3.8267462858951e-07,4.701210519579216e-06,0.008046414676757957,0.0,0.0,0.0,0.0,0.0,0.0,24%
CUST0008406,DECLINED,INSAGFFICIENT_NET_DISPOSABLE_INCOME,3.8267462858951e-07,4.701210519579216e-06,0.008046414676757957,0.0,0.0,0.0,0.0,0.0,0.0,24%
CUST0008455,DECLINED,INSAGFFICIENT_NET_DISPOSABLE_INCOME,3.8267462858951e-07,4.701210519579216e-06,0.008046414676757957,0.0,0.0,0.0,0.0,0.0,0.0,24%
CUST0008460,DECLINED,INSAGFFICIENT_NET_DISPOSABLE_INCOME,3902.8171110397566,20106.97126991227,36163.55800138149,0.0,0.0,0.0,0.0,0.0,0.0,24%
CUST0008541,DECLINED,INSAGFFICIENT_NET_DISPOSABLE_INCOME,3.8267462858951e-07,4.701210519579216e-06,0.008046414676757957,0.0,0.0,0.0,0.0,0.0,0.0,24%
CUST0008583,DECLINED,INSAGFFICIENT_NET_DISPOSABLE_INCOME,3.8267462858951e-07,4.701210519579216e-06,0.008046414676757957,0.0,0.0,0.0,0.0,0.0,0.0,24%
CUST0008584,DECLINED,INSAGFFICIENT_NET_DISPOSABLE_INCOME,3.8267462858951e-07,4.701210519579216e-06,0.008046414676757957,0.0,0.0,0.0,0.0,0.0,0.0,24%
CUST0008647,DECLINED,INSAGFFICIENT_NET_DISPOSABLE_INCOME,3.8267462858951e-07,4.701210519579216e-06,0.008046414676757957,0.0,0.0,0.0,0.0,0.0,0.0,24%
CUST0008659,DECLINED,INSAGFFICIENT_NET_DISPOSABLE_INCOME,3.8267462858951e-07,4.701210519579216e-06,0.008046414676757957,0.0,0.0,0.0,0.0,0.0,0.0,24%
CUST0008663,DECLINED,INSAGFFICIENT_NET_DISPOSABLE_INCOME,3.8267462858951e-07,4.701210519579216e-06,0.008046414676757957,0.0,0.0,0.0,0.0,0.0,0.0,24%
CUST0008684,DECLINED,INSAGFFICIENT_NET_DISPOSABLE_INCOME,3.8267462858951e-07,4.701210519579216e-06,0.008046414676757957,0.0,0.0,0.0,0.0,0.0,0.0,24%
CUST0008744,DECLINED,INSAGFFICIENT_NET_DISPOSABLE_INCOME,3.8267462858951e-07,4.701210519579216e-06,0.008046414676757957,0.0,0.0,0.0,0.0,0.0,0.0,24%
CUST0008775,DECLINED,INSAGFFICIENT_NET_DISPOSABLE_INCOME,3.8267462858951e-07,4.701210519579216e-06,0.008046414676757957,0.0,0.0,0.0,0.0,0.0,0.0,24%
CUST0008814,DECLINED,INSAGFFICIENT_NET_DISPOSABLE_INCOME,3.8267462858951e-07,4.701210519579216e-06,0.008046414676757957,0.0,0.0,0.0,0.0,0.0,0.0,24%
CUST0008877,DECLINED,INSAGFFICIENT_NET_DISPOSABLE_INCOME,3.8267462858951e-07,4.701210519579216e-06,0.008046414676757957,0.0,0.0,0.0,0.0,0.0,0.0,24%
CUST0008945,DECLINED,INSAGFFICIENT_NET_DISPOSABLE_INCOME,3.8267462858951e-07,4.701210519579216e-06,0.008046414676757957,0.0,0.0,0.0,0.0,0.0,0.0,24%
CUST0008998,DECLINED,INSAGFFICIENT_NET_DISPOSABLE_INCOME,3902.8171110397566,20106.97126991227,36163.55800138149,0.0,0.0,0.0,0.0,0.0,0.0,24%
CUST0009056,DECLINED,INSAGFFICIENT_NET_DISPOSABLE_INCOME,6347.449563168303,8319.9617297249,15396.886930439216,0.0,0.0,0.0,0.0,0.0,0.0,24%
CUST0009143,DECLINED,INSAGFFICIENT_NET_DISPOSABLE_INCOME,3.8267462858951e-07,4.701210519579216e-06,0.008046414676757957,0.0,0.0,0.0,0.0,0.0,0.0,24%
CUST0009226,DECLINED,INSAGFFICIENT_NET_DISPOSABLE_INCOME,3.8267462858951e-07,4.701210519579216e-06,0.008046414676757957,0.0,0.0,0.0,0.0,0.0,0.0,24%
CUST0009288,DECLINED,INSAGFFICIENT_NET_DISPOSABLE_INCOME,3.8267462858951e-07,4.701210519579216e-06,0.008046414676757957,0.0,0.0,0.0,0.0,0.0,0.0,24%
CUST0009297,DECLINED,INSAGFFICIENT_NET_DISPOSABLE_INCOME,3.8267462858951e-07,4.701210519579216e-06,0.008046414676757957,0.0,0.0,0.0,0.0,0.0,0.0,24%
CUST0009347,DECLINED,INSAGFFICIENT_NET_DISPOSABLE_INCOME,3902.8171110397566,20106.97126991227,36163.55800138149,0.0,0.0,0.0,0.0,0.0,0.0,24%
CUST0009540,DECLINED,INSAGFFICIENT_NET_DISPOSABLE_INCOME,4936.977330264311,5071.971571588309,12518.895577659498,0.0,0.0,0.0,0.0,0.0,0.0,24%
CUST0009563,DECLINED,INSAGFFICIENT_NET_DISPOSABLE_INCOME,3.8267462858951e-07,4.701210519579216e-06,0.008046414676757957,0.0,0.0,0.0,0.0,0.0,0.0,24%
CUST0009624,DECLINED,INSAGFFICIENT_NET_DISPOSABLE_INCOME,3.8267462858951e-07,4.701210519579216e-06,0.008046414676757957,0.0,0.0,0.0,0.0,0.0,0.0,24%
CUST0009649,DECLINED,INSAGFFICIENT_NET_DISPOSABLE_INCOME,3.8267462858951e-07,4.701210519579216e-06,0.008046414676757957,0.0,0.0,0.0,0.0,0.0,0.0,24%
CUST0009655,DECLINED,INSAGFFICIENT_NET_DISPOSABLE_INCOME,3.8267462858951e-07,4.701210519579216e-06,0.008046414676757957,0.0,0.0,0.0,0.0,0.0,0.0,24%
CUST0009733,DECLINED,INSAGFFICIENT_NET_DISPOSABLE_INCOME,3.8267462858951e-07,4.701210519579216e-06,0.008046414676757957,0.0,0.0,0.0,0.0,0.0,0.0,24%
CUST0009929,DECLINED,INSAGFFICIENT_NET_DISPOSABLE_INCOME,3.8267462858951e-07,4.701210519579216e-06,0.008046414676757957,0.0,0.0,0.0,0.0,0.0,0.0,24%
CUST0009931,DECLINED,INSAGFFICIENT_NET_DISPOSABLE_INCOME,3.8267462858951e-07,4.701210519579216e-06,0.008046414676757957,0.0,0.0,0.0,0.0,0.0,0.0,24%
CUST0009945,DECLINED,INSAGFFICIENT_NET_DISPOSABLE_INCOME,3.8267462858951e-07,4.701210519579216e-06,0.008046414676757957,0.0,0.0,0.0,0.0,0.0,0.0,24%
CUST0009953,DECLINED,INSAGFFICIENT_NET_DISPOSABLE_INCOME,3.8267462858951e-07,4.701210519579216e-06,0.008046414676757957,0.0,0.0,0.0,0.0,0.0,0.0,24%
CUST0009984,DECLINED,INSAGFFICIENT_NET_DISPOSABLE_INCOME,4920.494655523641,5146.950851050237,18404.367489387412,0.0,0.0,0.0,0.0,0.0,0.0,24%
CUST0009985,DECLINED,INSAGFFICIENT_NET_DISPOSABLE_INCOME,3.8267462858951e-07,4.701210519579216e-06,0.008046414676757957,0.0,0.0,0.0,0.0,0.0,0.0,24%
CUST0010063,DECLINED,INSAGFFICIENT_NET_DISPOSABLE_INCOME,3.8267462858951e-07,4.701210519579216e-06,0.008046414676757957,0.0,0.0,0.0,0.0,0.0,0.0,24%
CUST0010091,DECLINED,INSAGFFICIENT_NET_DISPOSABLE_INCOME,3.8267462858951e-07,4.701210519579216e-06,0.008046414676757957,0.0,0.0,0.0,0.0,0.0,0.0,24%
CUST0010093,DECLINED,INSAGFFICIENT_NET_DISPOSABLE_INCOME,3.8267462858951e-07,4.701210519579216e-06,0.008046414676757957,0.0,0.0,0.0,0.0,0.0,0.0,24%
CUST0010142,DECLINED,INSAGFFICIENT_NET_DISPOSABLE_INCOME,4022.95775635212,4331.793259413402,18084.221939736344,0.0,0.0,0.0,0.0,0.0,0.0,24%
CUST0010159,DECLINED,INSAGFFICIENT_NET_DISPOSABLE_INCOME,6494.151439965803,6721.050480760018,17817.28318800562,0.0,0.0,0.0,0.0,0.0,0.0,24%
CUST0010196,DECLINED,INSAGFFICIENT_NET_DISPOSABLE_INCOME,3.8267462858951e-07,4.701210519579216e-06,0.008046414676757957,0.0,0.0,0.0,0.0,0.0,0.0,24%
CUST0010282,DECLINED,INSAGFFICIENT_NET_DISPOSABLE_INCOME,3.8267462858951e-07,4.701210519579216e-06,0.008046414676757957,0.0,0.0,0.0,0.0,0.0,0.0,24%
CUST0010331,DECLINED,INSAGFFICIENT_NET_DISPOSABLE_INCOME,3.8267462858951e-07,4.701210519579216e-06,0.008046414676757957,0.0,0.0,0.0,0.0,0.0,0.0,24%
CUST0010421,DECLINED,INSAGFFICIENT_NET_DISPOSABLE_INCOME,3.8267462858951e-07,4.701210519579216e-06,0.008046414676757957,0.0,0.0,0.0,0.0,0.0,0.0,24%
CUST0010425,DECLINED,INSAGFFICIENT_NET_DISPOSABLE_INCOME,6495.626740396821,8279.67717019357,14824.016227863058,0.0,0.0,0.0,0.0,0.0,0.0,24%
CUST0010451,DECLINED,INSAGFFICIENT_NET_DISPOSABLE_INCOME,3.8267462858951e-07,4.701210519579216e-06,0.008046414676757957,0.0,0.0,0.0,0.0,0.0,0.0,24%
CUST0010454,DECLINED,INSAGFFICIENT_NET_DISPOSABLE_INCOME,3.8267462858951e-07,4.701210519579216e-06,0.008046414676757957,0.0,0.0,0.0,0.0,0.0,0.0,24%
CUST0010516,DECLINED,INSAGFFICIENT_NET_DISPOSABLE_INCOME,3.8267462858951e-07,4.701210519579216e-06,0.008046414676757957,0.0,0.0,0.0,0.0,0.0,0.0,24%
CUST0010536,DECLINED,INSAGFFICIENT_NET_DISPOSABLE_INCOME,3.8267462858951e-07,4.701210519579216e-06,0.008046414676757957,0.0,0.0,0.0,0.0,0.0,0.0,24%
CUST0010553,DECLINED,INSAGFFICIENT_NET_DISPOSABLE_INCOME,3.8267462858951e-07,4.701210519579216e-06,0.008046414676757957,0.0,0.0,0.0,0.0,0.0,0.0,24%
CUST0010576,DECLINED,INSAGFFICIENT_NET_DISPOSABLE_INCOME,3.8267462858951e-07,4.701210519579216e-06,0.008046414676757957,0.0,0.0,0.0,0.0,0.0,0.0,24%
CUST0010690,DECLINED,INSAGFFICIENT_NET_DISPOSABLE_INCOME,3.8267462858951e-07,4.701210519579216e-06,0.008046414676757957,0.0,0.0,0.0,0.0,0.0,0.0,24%
CUST0010695,DECLINED,INSAGFFICIENT_NET_DISPOSABLE_INCOME,3.8267462858951e-07,4.701210519579216e-06,0.008046414676757957,0.0,0.0,0.0,0.0,0.0,0.0,24%
CUST0010717,DECLINED,INSAGFFICIENT_NET_DISPOSABLE_INCOME,3.8267462858951e-07,4.701210519579216e-06,0.008046414676757957,0.0,0.0,0.0,0.0,0.0,0.0,24%
CUST0010735,DECLINED,INSAGFFICIENT_NET_DISPOSABLE_INCOME,3902.8171110397566,20106.97126991227,36163.55800138149,0.0,0.0,0.0,0.0,0.0,0.0,24%
CUST0010767,DECLINED,INSAGFFICIENT_NET_DISPOSABLE_INCOME,3.8267462858951e-07,4.701210519579216e-06,0.008046414676757957,0.0,0.0,0.0,0.0,0.0,0.0,24%
CUST0010802,DECLINED,INSAGFFICIENT_NET_DISPOSABLE_INCOME,3.8267462858951e-07,4.701210519579216e-06,0.008046414676757957,0.0,0.0,0.0,0.0,0.0,0.0,24%
CUST0010889,DECLINED,INSAGFFICIENT_NET_DISPOSABLE_INCOME,3.8267462858951e-07,4.701210519579216e-06,0.008046414676757957,0.0,0.0,0.0,0.0,0.0,0.0,24%
CUST0011009,DECLINED,INSAGFFICIENT_NET_DISPOSABLE_INCOME,3.8267462858951e-07,4.701210519579216e-06,0.008046414676757957,0.0,0.0,0.0,0.0,0.0,0.0,24%
CUST0011109,DECLINED,INSAGFFICIENT_NET_DISPOSABLE_INCOME,5422.401713629079,5942.615374803444,19085.32907063656,0.0,0.0,0.0,0.0,0.0,0.0,24%
CUST0011299,DECLINED,INSAGFFICIENT_NET_DISPOSABLE_INCOME,3.8267462858951e-07,4.701210519579216e-06,0.008046414676757957,0.0,0.0,0.0,0.0,0.0,0.0,24%
CUST0011381,DECLINED,INSAGFFICIENT_NET_DISPOSABLE_INCOME,3.8267462858951e-07,4.701210519579216e-06,0.008046414676757957,0.0,0.0,0.0,0.0,0.0,0.0,24%
CUST0011387,DECLINED,INSAGFFICIENT_NET_DISPOSABLE_INCOME,3.8267462858951e-07,4.701210519579216e-06,0.008046414676757957,0.0,0.0,0.0,0.0,0.0,0.0,24%
CUST0011467,DECLINED,INSAGFFICIENT_NET_DISPOSABLE_INCOME,3.8267462858951e-07,4.701210519579216e-06,0.008046414676757957,0.0,0.0,0.0,0.0,0.0,0.0,24%
CUST0011597,DECLINED,INSAGFFICIENT_NET_DISPOSABLE_INCOME,3.8267462858951e-07,4.701210519579216e-06,0.008046414676757957,0.0,0.0,0.0,0.0,0.0,0.0,24%
CUST0011607,DECLINED,INSAGFFICIENT_NET_DISPOSABLE_INCOME,3.8267462858951e-07,4.701210519579216e-06,0.008046414676757957,0.0,0.0,0.0,0.0,0.0,0.0,24%
CUST0011638,DECLINED,INSAGFFICIENT_NET_DISPOSABLE_INCOME,3.8267462858951e-07,4.701210519579216e-06,0.008046414676757957,0.0,0.0,0.0,0.0,0.0,0.0,24%
CUST0011642,DECLINED,INSAGFFICIENT_NET_DISPOSABLE_INCOME,3.8267462858951e-07,4.701210519579216e-06,0.008046414676757957,0.0,0.0,0.0,0.0,0.0,0.0,24%
CUST0011652,DECLINED,INSAGFFICIENT_NET_DISPOSABLE_INCOME,3.8267462858951e-07,4.701210519579216e-06,0.008046414676757957,0.0,0.0,0.0,0.0,0.0,0.0,24%
CUST0011661,DECLINED,INSAGFFICIENT_NET_DISPOSABLE_INCOME,3.8267462858951e-07,4.701210519579216e-06,0.008046414676757957,0.0,0.0,0.0,0.0,0.0,0.0,24%
CUST0012013,DECLINED,INSAGFFICIENT_NET_DISPOSABLE_INCOME,3.8267462858951e-07,4.701210519579216e-06,0.008046414676757957,0.0,0.0,0.0,0.0,0.0,0.0,24%
CUST0012116,DECLINED,INSAGFFICIENT_NET_DISPOSABLE_INCOME,3.8267462858951e-07,4.701210519579216e-06,0.008046414676757957,0.0,0.0,0.0,0.0,0.0,0.0,24%
CUST0012227,DECLINED,INSAGFFICIENT_NET_DISPOSABLE_INCOME,3.8267462858951e-07,4.701210519579216e-06,0.008046414676757957,0.0,0.0,0.0,0.0,0.0,0.0,24%
CUST0012252,DECLINED,INSAGFFICIENT_NET_DISPOSABLE_INCOME,3.8267462858951e-07,4.701210519579216e-06,0.008046414676757957,0.0,0.0,0.0,0.0,0.0,0.0,24%
CUST0012264,DECLINED,INSAGFFICIENT_NET_DISPOSABLE_INCOME,3.8267462858951e-07,4.701210519579216e-06,0.008046414676757957,0.0,0.0,0.0,0.0,0.0,0.0,24%
CUST0012271,DECLINED,INSAGFFICIENT_NET_DISPOSABLE_INCOME,3551.370756793533,4129.537506797801,18084.221939736344,0.0,0.0,0.0,0.0,0.0,0.0,24%
CUST0012278,DECLINED,INSAGFFICIENT_NET_DISPOSABLE_INCOME,3.8267462858951e-07,4.701210519579216e-06,0.008046414676757957,0.0,0.0,0.0,0.0,0.0,0.0,24%
CUST0012281,DECLINED,INSAGFFICIENT_NET_DISPOSABLE_INCOME,3.8267462858951e-07,4.701210519579216e-06,0.008046414676757957,0.0,0.0,0.0,0.0,0.0,0.0,24%
CUST0012295,DECLINED,INSAGFFICIENT_NET_DISPOSABLE_INCOME,3.8267462858951e-07,4.701210519579216e-06,0.008046414676757957,0.0,0.0,0.0,0.0,0.0,0.0,24%
CUST0012297,DECLINED,INSAGFFICIENT_NET_DISPOSABLE_INCOME,3.8267462858951e-07,4.701210519579216e-06,0.008046414676757957,0.0,0.0,0.0,0.0,0.0,0.0,24%
CUST0012328,DECLINED,INSAGFFICIENT_NET_DISPOSABLE_INCOME,3.8267462858951e-07,4.701210519579216e-06,0.008046414676757957,0.0,0.0,0.0,0.0,0.0,0.0,24%
CUST0012350,DECLINED,INSAGFFICIENT_NET_DISPOSABLE_INCOME,5228.755780275718,5313.970479324893,12137.550882194995,0.0,0.0,0.0,0.0,0.0,0.0,24%
CUST0012425,DECLINED,INSAGFFICIENT_NET_DISPOSABLE_INCOME,3.8267462858951e-07,4.701210519579216e-06,0.008046414676757957,0.0,0.0,0.0,0.0,0.0,0.0,24%
CUST0012456,DECLINED,INSAGFFICIENT_NET_DISPOSABLE_INCOME,4714.447094619284,5368.026346445102,13056.916693900803,0.0,0.0,0.0,0.0,0.0,0.0,24%
CUST0012480,DECLINED,INSAGFFICIENT_NET_DISPOSABLE_INCOME,5643.221281252734,6162.130167822254,19093.83419861552,0.0,0.0,0.0,0.0,0.0,0.0,24%
CUST0012525,DECLINED,INSAGFFICIENT_NET_DISPOSABLE_INCOME,3.8267462858951e-07,4.701210519579216e-06,0.008046414676757957,0.0,0.0,0.0,0.0,0.0,0.0,24%
CUST0012532,DECLINED,INSAGFFICIENT_NET_DISPOSABLE_INCOME,3.8267462858951e-07,4.701210519579216e-06,0.008046414676757957,0.0,0.0,0.0,0.0,0.0,0.0,24%
CUST0012576,DECLINED,INSAGFFICIENT_NET_DISPOSABLE_INCOME,3.8267462858951e-07,4.701210519579216e-06,0.008046414676757957,0.0,0.0,0.0,0.0,0.0,0.0,24%
CUST0012643,DECLINED,INSAGFFICIENT_NET_DISPOSABLE_INCOME,3.8267462858951e-07,4.701210519579216e-06,0.008046414676757957,0.0,0.0,0.0,0.0,0.0,0.0,24%
CUST0012662,DECLINED,INSAGFFICIENT_NET_DISPOSABLE_INCOME,3.8267462858951e-07,4.701210519579216e-06,0.008046414676757957,0.0,0.0,0.0,0.0,0.0,0.0,24%
CUST0012753,DECLINED,INSAGFFICIENT_NET_DISPOSABLE_INCOME,3.8267462858951e-07,4.701210519579216e-06,0.008046414676757957,0.0,0.0,0.0,0.0,0.0,0.0,24%
CUST0012804,DECLINED,INSAGFFICIENT_NET_DISPOSABLE_INCOME,5431.8549416829055,5729.397747113755,12465.919662877614,0.0,0.0,0.0,0.0,0.0,0.0,24%
CUST0012810,DECLINED,INSAGFFICIENT_NET_DISPOSABLE_INCOME,3.8267462858951e-07,4.701210519579216e-06,0.008046414676757957,0.0,0.0,0.0,0.0,0.0,0.0,24%
CUST0012876,DECLINED,INSAGFFICIENT_NET_DISPOSABLE_INCOME,3.8267462858951e-07,4.701210519579216e-06,0.008046414676757957,0.0,0.0,0.0,0.0,0.0,0.0,24%
CUST0012931,DECLINED,INSAGFFICIENT_NET_DISPOSABLE_INCOME,5462.906234800417,5760.427820528446,12363.536989682325,0.0,0.0,0.0,0.0,0.0,0.0,24%
CUST0012964,DECLINED,INSAGFFICIENT_NET_DISPOSABLE_INCOME,3.8267462858951e-07,4.701210519579216e-06,0.008046414676757957,0.0,0.0,0.0,0.0,0.0,0.0,24%
CUST0012970,DECLINED,INSAGFFICIENT_NET_DISPOSABLE_INCOME,3.8267462858951e-07,4.701210519579216e-06,0.008046414676757957,0.0,0.0,0.0,0.0,0.0,0.0,24%
CUST0013117,DECLINED,INSAGFFICIENT_NET_DISPOSABLE_INCOME,3.8267462858951e-07,4.701210519579216e-06,0.008046414676757957,0.0,0.0,0.0,0.0,0.0,0.0,24%
CUST0013140,DECLINED,INSAGFFICIENT_NET_DISPOSABLE_INCOME,3.8267462858951e-07,4.701210519579216e-06,0.008046414676757957,0.0,0.0,0.0,0.0,0.0,0.0,24%
CUST0013208,DECLINED,INSAGFFICIENT_NET_DISPOSABLE_INCOME,3.8267462858951e-07,4.701210519579216e-06,0.008046414676757957,0.0,0.0,0.0,0.0,0.0,0.0,24%
CUST0013230,DECLINED,INSAGFFICIENT_NET_DISPOSABLE_INCOME,3.8267462858951e-07,4.701210519579216e-06,0.008046414676757957,0.0,0.0,0.0,0.0,0.0,0.0,24%
CUST0013258,DECLINED,INSAGFFICIENT_NET_DISPOSABLE_INCOME,5796.574796173857,6167.605471865784,18413.80149247557,0.0,0.0,0.0,0.0,0.0,0.0,24%
CUST0013323,DECLINED,INSAGFFICIENT_NET_DISPOSABLE_INCOME,3.8267462858951e-07,4.701210519579216e-06,0.008046414676757957,0.0,0.0,0.0,0.0,0.0,0.0,24%
CUST0013350,DECLINED,INSAGFFICIENT_NET_DISPOSABLE_INCOME,3.8267462858951e-07,4.701210519579216e-06,0.008046414676757957,0.0,0.0,0.0,0.0,0.0,0.0,24%
CUST0013359,DECLINED,INSAGFFICIENT_NET_DISPOSABLE_INCOME,3.8267462858951e-07,4.701210519579216e-06,0.008046414676757957,0.0,0.0,0.0,0.0,0.0,0.0,24%
CUST0013411,DECLINED,INSAGFFICIENT_NET_DISPOSABLE_INCOME,3.8267462858951e-07,4.701210519579216e-06,0.008046414676757957,0.0,0.0,0.0,0.0,0.0,0.0,24%
CUST0013413,DECLINED,INSAGFFICIENT_NET_DISPOSABLE_INCOME,3.8267462858951e-07,4.701210519579216e-06,0.008046414676757957,0.0,0.0,0.0,0.0,0.0,0.0,24%
CUST0013468,DECLINED,INSAGFFICIENT_NET_DISPOSABLE_INCOME,3.8267462858951e-07,4.701210519579216e-06,0.008046414676757957,0.0,0.0,0.0,0.0,0.0,0.0,24%
CUST0013555,DECLINED,INSAGFFICIENT_NET_DISPOSABLE_INCOME,3.8267462858951e-07,4.701210519579216e-06,0.008046414676757957,0.0,0.0,0.0,0.0,0.0,0.0,24%
CUST0013564,DECLINED,INSAGFFICIENT_NET_DISPOSABLE_INCOME,3.8267462858951e-07,4.701210519579216e-06,0.008046414676757957,0.0,0.0,0.0,0.0,0.0,0.0,24%
CUST0013568,DECLINED,INSAGFFICIENT_NET_DISPOSABLE_INCOME,3.8267462858951e-07,4.701210519579216e-06,0.008046414676757957,0.0,0.0,0.0,0.0,0.0,0.0,24%
CUST0013656,DECLINED,INSAGFFICIENT_NET_DISPOSABLE_INCOME,3.8267462858951e-07,4.701210519579216e-06,0.008046414676757957,0.0,0.0,0.0,0.0,0.0,0.0,24%
CUST0013755,DECLINED,INSAGFFICIENT_NET_DISPOSABLE_INCOME,3.8267462858951e-07,4.701210519579216e-06,0.008046414676757957,0.0,0.0,0.0,0.0,0.0,0.0,24%
CUST0013880,DECLINED,INSAGFFICIENT_NET_DISPOSABLE_INCOME,3.8267462858951e-07,4.701210519579216e-06,0.008046414676757957,0.0,0.0,0.0,0.0,0.0,0.0,24%
CUST0013886,DECLINED,INSAGFFICIENT_NET_DISPOSABLE_INCOME,3.8267462858951e-07,4.701210519579216e-06,0.008046414676757957,0.0,0.0,0.0,0.0,0.0,0.0,24%
CUST0013938,DECLINED,INSAGFFICIENT_NET_DISPOSABLE_INCOME,3.8267462858951e-07,4.701210519579216e-06,0.008046414676757957,0.0,0.0,0.0,0.0,0.0,0.0,24%
CUST0013941,DECLINED,INSAGFFICIENT_NET_DISPOSABLE_INCOME,3.8267462858951e-07,4.701210519579216e-06,0.008046414676757957,0.0,0.0,0.0,0.0,0.0,0.0,24%
CUST0013944,DECLINED,INSAGFFICIENT_NET_DISPOSABLE_INCOME,3.8267462858951e-07,4.701210519579216e-06,0.008046414676757957,0.0,0.0,0.0,0.0,0.0,0.0,24%
CUST0014045,DECLINED,INSAGFFICIENT_NET_DISPOSABLE_INCOME,3.8267462858951e-07,4.701210519579216e-06,0.008046414676757957,0.0,0.0,0.0,0.0,0.0,0.0,24%
CUST0014047,DECLINED,INSAGFFICIENT_NET_DISPOSABLE_INCOME,3.8267462858951e-07,4.701210519579216e-06,0.008046414676757957,0.0,0.0,0.0,0.0,0.0,0.0,24%
CUST0014054,DECLINED,INSAGFFICIENT_NET_DISPOSABLE_INCOME,3.8267462858951e-07,4.701210519579216e-06,0.008046414676757957,0.0,0.0,0.0,0.0,0.0,0.0,24%
CUST0014061,DECLINED,INSAGFFICIENT_NET_DISPOSABLE_INCOME,3.8267462858951e-07,4.701210519579216e-06,0.008046414676757957,0.0,0.0,0.0,0.0,0.0,0.0,24%
CUST0014123,DECLINED,INSAGFFICIENT_NET_DISPOSABLE_INCOME,3.8267462858951e-07,4.701210519579216e-06,0.008046414676757957,0.0,0.0,0.0,0.0,0.0,0.0,24%
CUST0014174,DECLINED,INSAGFFICIENT_NET_DISPOSABLE_INCOME,3.8267462858951e-07,4.701210519579216e-06,0.008046414676757957,0.0,0.0,0.0,0.0,0.0,0.0,24%
CUST0014293,DECLINED,INSAGFFICIENT_NET_DISPOSABLE_INCOME,3.8267462858951e-07,4.701210519579216e-06,0.008046414676757957,0.0,0.0,0.0,0.0,0.0,0.0,24%
CUST0014342,DECLINED,INSAGFFICIENT_NET_DISPOSABLE_INCOME,3.8267462858951e-07,4.701210519579216e-06,0.008046414676757957,0.0,0.0,0.0,0.0,0.0,0.0,24%
CUST0014371,DECLINED,INSAGFFICIENT_NET_DISPOSABLE_INCOME,5205.46879192445,5244.57576482383,12246.245277614902,0.0,0.0,0.0,0.0,0.0,0.0,24%
CUST0014451,DECLINED,INSAGFFICIENT_NET_DISPOSABLE_INCOME,6497.862515633288,9927.406473029034,15818.25291075471,0.0,0.0,0.0,0.0,0.0,0.0,24%
CUST0014632,DECLINED,INSAGFFICIENT_NET_DISPOSABLE_INCOME,3.8267462858951e-07,4.701210519579216e-06,0.008046414676757957,0.0,0.0,0.0,0.0,0.0,0.0,24%
CUST0014692,DECLINED,INSAGFFICIENT_NET_DISPOSABLE_INCOME,6085.338476579961,6344.6725909557545,18503.868236962764,0.0,0.0,0.0,0.0,0.0,0.0,24%
CUST0014701,DECLINED,INSAGFFICIENT_NET_DISPOSABLE_INCOME,3.8267462858951e-07,4.701210519579216e-06,0.008046414676757957,0.0,0.0,0.0,0.0,0.0,0.0,24%
CUST0014712,DECLINED,INSAGFFICIENT_NET_DISPOSABLE_INCOME,3.8267462858951e-07,4.701210519579216e-06,0.008046414676757957,0.0,0.0,0.0,0.0,0.0,0.0,24%
CUST0014722,DECLINED,INSAGFFICIENT_NET_DISPOSABLE_INCOME,3.8267462858951e-07,4.701210519579216e-06,0.008046414676757957,0.0,0.0,0.0,0.0,0.0,0.0,24%
CUST0014725,DECLINED,INSAGFFICIENT_NET_DISPOSABLE_INCOME,3.8267462858951e-07,4.701210519579216e-06,0.008046414676757957,0.0,0.0,0.0,0.0,0.0,0.0,24%
CUST0014820,DECLINED,INSAGFFICIENT_NET_DISPOSABLE_INCOME,3.8267462858951e-07,4.701210519579216e-06,0.008046414676757957,0.0,0.0,0.0,0.0,0.0,0.0,24%
CUST0014853,DECLINED,INSAGFFICIENT_NET_DISPOSABLE_INCOME,3.8267462858951e-07,4.701210519579216e-06,0.008046414676757957,0.0,0.0,0.0,0.0,0.0,0.0,24%
CUST0014895,DECLINED,INSAGFFICIENT_NET_DISPOSABLE_INCOME,3.8267462858951e-07,4.701210519579216e-06,0.008046414676757957,0.0,0.0,0.0,0.0,0.0,0.0,24%
CUST0014913,DECLINED,INSAGFFICIENT_NET_DISPOSABLE_INCOME,3.8267462858951e-07,4.701210519579216e-06,0.008046414676757957,0.0,0.0,0.0,0.0,0.0,0.0,24%
CUST0014918,DECLINED,INSAGFFICIENT_NET_DISPOSABLE_INCOME,3.8267462858951e-07,4.701210519579216e-06,0.008046414676757957,0.0,0.0,0.0,0.0,0.0,0.0,24%
CUST0014969,DECLINED,INSAGFFICIENT_NET_DISPOSABLE_INCOME,3.8267462858951e-07,4.701210519579216e-06,0.008046414676757957,0.0,0.0,0.0,0.0,0.0,0.0,24%
CUST0015247,DECLINED,INSAGFFICIENT_NET_DISPOSABLE_INCOME,3.8267462858951e-07,4.701210519579216e-06,0.008046414676757957,0.0,0.0,0.0,0.0,0.0,0.0,24%
CUST0015254,DECLINED,INSAGFFICIENT_NET_DISPOSABLE_INCOME,3.8267462858951e-07,4.701210519579216e-06,0.008046414676757957,0.0,0.0,0.0,0.0,0.0,0.0,24%
CUST0015266,DECLINED,INSAGFFICIENT_NET_DISPOSABLE_INCOME,3.8267462858951e-07,4.701210519579216e-06,0.008046414676757957,0.0,0.0,0.0,0.0,0.0,0.0,24%
CUST0015290,DECLINED,INSAGFFICIENT_NET_DISPOSABLE_INCOME,3.8267462858951e-07,4.701210519579216e-06,0.008046414676757957,0.0,0.0,0.0,0.0,0.0,0.0,24%
CUST0015317,DECLINED,INSAGFFICIENT_NET_DISPOSABLE_INCOME,6229.46180547555,7104.707068411628,13963.063272341318,0.0,0.0,0.0,0.0,0.0,0.0,24%
CUST0015445,DECLINED,INSAGFFICIENT_NET_DISPOSABLE_INCOME,3.8267462858951e-07,4.701210519579216e-06,0.008046414676757957,0.0,0.0,0.0,0.0,0.0,0.0,24%
CUST0015460,DECLINED,INSAGFFICIENT_NET_DISPOSABLE_INCOME,3.8267462858951e-07,4.701210519579216e-06,0.008046414676757957,0.0,0.0,0.0,0.0,0.0,0.0,24%
CUST0015556,DECLINED,INSAGFFICIENT_NET_DISPOSABLE_INCOME,6387.778403595871,6908.401675598558,18506.716335950106,0.0,0.0,0.0,0.0,0.0,0.0,24%
CUST0015686,DECLINED,INSAGFFICIENT_NET_DISPOSABLE_INCOME,3.8267462858951e-07,4.701210519579216e-06,0.008046414676757957,0.0,0.0,0.0,0.0,0.0,0.0,24%
CUST0015698,DECLINED,INSAGFFICIENT_NET_DISPOSABLE_INCOME,3.8267462858951e-07,4.701210519579216e-06,0.008046414676757957,0.0,0.0,0.0,0.0,0.0,0.0,24%
CUST0015699,DECLINED,INSAGFFICIENT_NET_DISPOSABLE_INCOME,3.8267462858951e-07,4.701210519579216e-06,0.008046414676757957,0.0,0.0,0.0,0.0,0.0,0.0,24%
CUST0015755,DECLINED,INSAGFFICIENT_NET_DISPOSABLE_INCOME,3.8267462858951e-07,4.701210519579216e-06,0.008046414676757957,0.0,0.0,0.0,0.0,0.0,0.0,24%
CUST0015785,DECLINED,INSAGFFICIENT_NET_DISPOSABLE_INCOME,6634.341756538592,7278.026813084078,19145.129102839666,0.0,0.0,0.0,0.0,0.0,0.0,24%
CUST0015819,DECLINED,INSAGFFICIENT_NET_DISPOSABLE_INCOME,5444.058431779743,5733.791417803352,12642.575146962203,0.0,0.0,0.0,0.0,0.0,0.0,24%
CUST0015886,DECLINED,INSAGFFICIENT_NET_DISPOSABLE_INCOME,5847.105261275547,7523.842142719054,21997.973206798226,0.0,0.0,0.0,0.0,0.0,0.0,24%
CUST0015895,DECLINED,INSAGFFICIENT_NET_DISPOSABLE_INCOME,3.8267462858951e-07,4.701210519579216e-06,0.008046414676757957,0.0,0.0,0.0,0.0,0.0,0.0,24%
CUST0015942,DECLINED,INSAGFFICIENT_NET_DISPOSABLE_INCOME,3.8267462858951e-07,4.701210519579216e-06,0.008046414676757957,0.0,0.0,0.0,0.0,0.0,0.0,24%
CUST0016007,DECLINED,INSAGFFICIENT_NET_DISPOSABLE_INCOME,3.8267462858951e-07,4.701210519579216e-06,0.008046414676757957,0.0,0.0,0.0,0.0,0.0,0.0,24%
CUST0016182,DECLINED,INSAGFFICIENT_NET_DISPOSABLE_INCOME,3.8267462858951e-07,4.701210519579216e-06,0.008046414676757957,0.0,0.0,0.0,0.0,0.0,0.0,24%
CUST0016192,DECLINED,INSAGFFICIENT_NET_DISPOSABLE_INCOME,3.8267462858951e-07,4.701210519579216e-06,0.008046414676757957,0.0,0.0,0.0,0.0,0.0,0.0,24%
CUST0016217,DECLINED,INSAGFFICIENT_NET_DISPOSABLE_INCOME,3.8267462858951e-07,4.701210519579216e-06,0.008046414676757957,0.0,0.0,0.0,0.0,0.0,0.0,24%
CUST0016221,DECLINED,INSAGFFICIENT_NET_DISPOSABLE_INCOME,3.8267462858951e-07,4.701210519579216e-06,0.008046414676757957,0.0,0.0,0.0,0.0,0.0,0.0,24%
CUST0016224,DECLINED,INSAGFFICIENT_NET_DISPOSABLE_INCOME,6465.333350377664,7916.322824706318,14192.007114007296,0.0,0.0,0.0,0.0,0.0,0.0,24%
CUST0016269,DECLINED,INSAGFFICIENT_NET_DISPOSABLE_INCOME,3.8267462858951e-07,4.701210519579216e-06,0.008046414676757957,0.0,0.0,0.0,0.0,0.0,0.0,24%
CUST0016276,DECLINED,INSAGFFICIENT_NET_DISPOSABLE_INCOME,6001.375229306301,7018.81943578643,13878.022107466726,0.0,0.0,0.0,0.0,0.0,0.0,24%
CUST0016287,DECLINED,INSAGFFICIENT_NET_DISPOSABLE_INCOME,3.8267462858951e-07,4.701210519579216e-06,0.008046414676757957,0.0,0.0,0.0,0.0,0.0,0.0,24%
CUST0016330,DECLINED,INSAGFFICIENT_NET_DISPOSABLE_INCOME,3.8267462858951e-07,4.701210519579216e-06,0.008046414676757957,0.0,0.0,0.0,0.0,0.0,0.0,24%
CUST0016361,DECLINED,INSAGFFICIENT_NET_DISPOSABLE_INCOME,3.8267462858951e-07,4.701210519579216e-06,0.008046414676757957,0.0,0.0,0.0,0.0,0.0,0.0,24%
CUST0016442,DECLINED,INSAGFFICIENT_NET_DISPOSABLE_INCOME,3.8267462858951e-07,4.701210519579216e-06,0.008046414676757957,0.0,0.0,0.0,0.0,0.0,0.0,24%
CUST0016482,DECLINED,INSAGFFICIENT_NET_DISPOSABLE_INCOME,3.8267462858951e-07,4.701210519579216e-06,0.008046414676757957,0.0,0.0,0.0,0.0,0.0,0.0,24%
CUST0016631,DECLINED,INSAGFFICIENT_NET_DISPOSABLE_INCOME,3.8267462858951e-07,4.701210519579216e-06,0.008046414676757957,0.0,0.0,0.0,0.0,0.0,0.0,24%
CUST0016748,DECLINED,INSAGFFICIENT_NET_DISPOSABLE_INCOME,3.8267462858951e-07,4.701210519579216e-06,0.008046414676757957,0.0,0.0,0.0,0.0,0.0,0.0,24%
CUST0016875,DECLINED,INSAGFFICIENT_NET_DISPOSABLE_INCOME,3.8267462858951e-07,4.701210519579216e-06,0.008046414676757957,0.0,0.0,0.0,0.0,0.0,0.0,24%
CUST0016889,DECLINED,INSAGFFICIENT_NET_DISPOSABLE_INCOME,3.8267462858951e-07,4.701210519579216e-06,0.008046414676757957,0.0,0.0,0.0,0.0,0.0,0.0,24%
CUST0016972,DECLINED,INSAGFFICIENT_NET_DISPOSABLE_INCOME,3.8267462858951e-07,4.701210519579216e-06,0.008046414676757957,0.0,0.0,0.0,0.0,0.0,0.0,24%
CUST0017048,DECLINED,INSAGFFICIENT_NET_DISPOSABLE_INCOME,3.8267462858951e-07,4.701210519579216e-06,0.008046414676757957,0.0,0.0,0.0,0.0,0.0,0.0,24%
CUST0017091,DECLINED,INSAGFFICIENT_NET_DISPOSABLE_INCOME,3902.8171110397566,20106.97126991227,36163.55800138149,0.0,0.0,0.0,0.0,0.0,0.0,24%
CUST0017102,DECLINED,INSAGFFICIENT_NET_DISPOSABLE_INCOME,3.8267462858951e-07,4.701210519579216e-06,0.008046414676757957,0.0,0.0,0.0,0.0,0.0,0.0,24%
CUST0017120,DECLINED,INSAGFFICIENT_NET_DISPOSABLE_INCOME,6496.151032956467,9537.446090935744,15818.25291075471,0.0,0.0,0.0,0.0,0.0,0.0,24%
CUST0017206,DECLINED,INSAGFFICIENT_NET_DISPOSABLE_INCOME,3.8267462858951e-07,4.701210519579216e-06,0.008046414676757957,0.0,0.0,0.0,0.0,0.0,0.0,24%
CUST0017227,DECLINED,INSAGFFICIENT_NET_DISPOSABLE_INCOME,3.8267462858951e-07,4.701210519579216e-06,0.008046414676757957,0.0,0.0,0.0,0.0,0.0,0.0,24%
CUST0017315,DECLINED,INSAGFFICIENT_NET_DISPOSABLE_INCOME,3902.8171110397566,20106.97126991227,36163.55800138149,0.0,0.0,0.0,0.0,0.0,0.0,24%
CUST0017346,DECLINED,INSAGFFICIENT_NET_DISPOSABLE_INCOME,3.8267462858951e-07,4.701210519579216e-06,0.008046414676757957,0.0,0.0,0.0,0.0,0.0,0.0,24%
CUST0017466,DECLINED,INSAGFFICIENT_NET_DISPOSABLE_INCOME,3.8267462858951e-07,4.701210519579216e-06,0.008046414676757957,0.0,0.0,0.0,0.0,0.0,0.0,24%
CUST0017605,DECLINED,INSAGFFICIENT_NET_DISPOSABLE_INCOME,3.8267462858951e-07,4.701210519579216e-06,0.008046414676757957,0.0,0.0,0.0,0.0,0.0,0.0,24%
CUST0017632,DECLINED,INSAGFFICIENT_NET_DISPOSABLE_INCOME,3.8267462858951e-07,4.701210519579216e-06,0.008046414676757957,0.0,0.0,0.0,0.0,0.0,0.0,24%
CUST0017649,DECLINED,INSAGFFICIENT_NET_DISPOSABLE_INCOME,3.8267462858951e-07,4.701210519579216e-06,0.008046414676757957,0.0,0.0,0.0,0.0,0.0,0.0,24%
CUST0017679,DECLINED,INSAGFFICIENT_NET_DISPOSABLE_INCOME,3.8267462858951e-07,4.701210519579216e-06,0.008046414676757957,0.0,0.0,0.0,0.0,0.0,0.0,24%
CUST0017746,DECLINED,INSAGFFICIENT_NET_DISPOSABLE_INCOME,3.8267462858951e-07,4.701210519579216e-06,0.008046414676757957,0.0,0.0,0.0,0.0,0.0,0.0,24%
CUST0017842,DECLINED,INSAGFFICIENT_NET_DISPOSABLE_INCOME,3.8267462858951e-07,4.701210519579216e-06,0.008046414676757957,0.0,0.0,0.0,0.0,0.0,0.0,24%
CUST0017844,DECLINED,INSAGFFICIENT_NET_DISPOSABLE_INCOME,3.8267462858951e-07,4.701210519579216e-06,0.008046414676757957,0.0,0.0,0.0,0.0,0.0,0.0,24%
CUST0017857,DECLINED,INSAGFFICIENT_NET_DISPOSABLE_INCOME,3.8267462858951e-07,4.701210519579216e-06,0.008046414676757957,0.0,0.0,0.0,0.0,0.0,0.0,24%
CUST0017880,DECLINED,INSAGFFICIENT_NET_DISPOSABLE_INCOME,3.8267462858951e-07,4.701210519579216e-06,0.008046414676757957,0.0,0.0,0.0,0.0,0.0,0.0,24%
CUST0017947,DECLINED,INSAGFFICIENT_NET_DISPOSABLE_INCOME,3.8267462858951e-07,4.701210519579216e-06,0.008046414676757957,0.0,0.0,0.0,0.0,0.0,0.0,24%
CUST0018021,DECLINED,INSAGFFICIENT_NET_DISPOSABLE_INCOME,3.8267462858951e-07,4.701210519579216e-06,0.008046414676757957,0.0,0.0,0.0,0.0,0.0,0.0,24%
CUST0018031,DECLINED,INSAGFFICIENT_NET_DISPOSABLE_INCOME,3.8267462858951e-07,4.701210519579216e-06,0.008046414676757957,0.0,0.0,0.0,0.0,0.0,0.0,24%
CUST0018048,DECLINED,INSAGFFICIENT_NET_DISPOSABLE_INCOME,3.8267462858951e-07,4.701210519579216e-06,0.008046414676757957,0.0,0.0,0.0,0.0,0.0,0.0,24%
CUST0018057,DECLINED,INSAGFFICIENT_NET_DISPOSABLE_INCOME,3.8267462858951e-07,4.701210519579216e-06,0.008046414676757957,0.0,0.0,0.0,0.0,0.0,0.0,24%
CUST0018068,DECLINED,INSAGFFICIENT_NET_DISPOSABLE_INCOME,3.8267462858951e-07,4.701210519579216e-06,0.008046414676757957,0.0,0.0,0.0,0.0,0.0,0.0,24%
CUST0018073,DECLINED,INSAGFFICIENT_NET_DISPOSABLE_INCOME,3.8267462858951e-07,4.701210519579216e-06,0.008046414676757957,0.0,0.0,0.0,0.0,0.0,0.0,24%
CUST0018114,DECLINED,INSAGFFICIENT_NET_DISPOSABLE_INCOME,5188.27305742673,5645.554157995038,19058.767476730616,0.0,0.0,0.0,0.0,0.0,0.0,24%
CUST0018135,DECLINED,INSAGFFICIENT_NET_DISPOSABLE_INCOME,3.8267462858951e-07,4.701210519579216e-06,0.008046414676757957,0.0,0.0,0.0,0.0,0.0,0.0,24%
CUST0018338,DECLINED,INSAGFFICIENT_NET_DISPOSABLE_INCOME,3.8267462858951e-07,4.701210519579216e-06,0.008046414676757957,0.0,0.0,0.0,0.0,0.0,0.0,24%
CUST0018431,DECLINED,INSAGFFICIENT_NET_DISPOSABLE_INCOME,3.8267462858951e-07,4.701210519579216e-06,0.008046414676757957,0.0,0.0,0.0,0.0,0.0,0.0,24%
CUST0018507,DECLINED,INSAGFFICIENT_NET_DISPOSABLE_INCOME,3.8267462858951e-07,4.701210519579216e-06,0.008046414676757957,0.0,0.0,0.0,0.0,0.0,0.0,24%
CUST0018514,DECLINED,INSAGFFICIENT_NET_DISPOSABLE_INCOME,3.8267462858951e-07,4.701210519579216e-06,0.008046414676757957,0.0,0.0,0.0,0.0,0.0,0.0,24%
CUST0018538,DECLINED,INSAGFFICIENT_NET_DISPOSABLE_INCOME,3902.8171110397566,20106.97126991227,36163.55800138149,0.0,0.0,0.0,0.0,0.0,0.0,24%
CUST0018558,DECLINED,INSAGFFICIENT_NET_DISPOSABLE_INCOME,3.8267462858951e-07,4.701210519579216e-06,0.008046414676757957,0.0,0.0,0.0,0.0,0.0,0.0,24%
CUST0018568,DECLINED,INSAGFFICIENT_NET_DISPOSABLE_INCOME,3.8267462858951e-07,4.701210519579216e-06,0.008046414676757957,0.0,0.0,0.0,0.0,0.0,0.0,24%
CUST0018579,DECLINED,INSAGFFICIENT_NET_DISPOSABLE_INCOME,3.8267462858951e-07,4.701210519579216e-06,0.008046414676757957,0.0,0.0,0.0,0.0,0.0,0.0,24%
CUST0018637,DECLINED,INSAGFFICIENT_NET_DISPOSABLE_INCOME,5073.515636063119,5074.246218374706,11954.63490575124,0.0,0.0,0.0,0.0,0.0,0.0,24%
CUST0018661,DECLINED,INSAGFFICIENT_NET_DISPOSABLE_INCOME,3902.8171110397566,20106.97126991227,36163.55800138149,0.0,0.0,0.0,0.0,0.0,0.0,24%
CUST0018675,DECLINED,INSAGFFICIENT_NET_DISPOSABLE_INCOME,3.8267462858951e-07,4.701210519579216e-06,0.008046414676757957,0.0,0.0,0.0,0.0,0.0,0.0,24%
CUST0018680,DECLINED,INSAGFFICIENT_NET_DISPOSABLE_INCOME,3.8267462858951e-07,4.701210519579216e-06,0.008046414676757957,0.0,0.0,0.0,0.0,0.0,0.0,24%
CUST0018697,DECLINED,INSAGFFICIENT_NET_DISPOSABLE_INCOME,3.8267462858951e-07,4.701210519579216e-06,0.008046414676757957,0.0,0.0,0.0,0.0,0.0,0.0,24%
CUST0018715,DECLINED,INSAGFFICIENT_NET_DISPOSABLE_INCOME,3.8267462858951e-07,4.701210519579216e-06,0.008046414676757957,0.0,0.0,0.0,0.0,0.0,0.0,24%
CUST0018741,DECLINED,INSAGFFICIENT_NET_DISPOSABLE_INCOME,3.8267462858951e-07,4.701210519579216e-06,0.008046414676757957,0.0,0.0,0.0,0.0,0.0,0.0,24%
CUST0018814,DECLINED,INSAGFFICIENT_NET_DISPOSABLE_INCOME,3.8267462858951e-07,4.701210519579216e-06,0.008046414676757957,0.0,0.0,0.0,0.0,0.0,0.0,24%
CUST0018844,DECLINED,INSAGFFICIENT_NET_DISPOSABLE_INCOME,3.8267462858951e-07,4.701210519579216e-06,0.008046414676757957,0.0,0.0,0.0,0.0,0.0,0.0,24%
CUST0018846,DECLINED,INSAGFFICIENT_NET_DISPOSABLE_INCOME,6349.161045845124,9416.74151803876,15755.584220753482,0.0,0.0,0.0,0.0,0.0,0.0,24%
CUST0018866,DECLINED,INSAGFFICIENT_NET_DISPOSABLE_INCOME,3.8267462858951e-07,4.701210519579216e-06,0.008046414676757957,0.0,0.0,0.0,0.0,0.0,0.0,24%
CUST0019003,DECLINED,INSAGFFICIENT_NET_DISPOSABLE_INCOME,3.8267462858951e-07,4.701210519579216e-06,0.008046414676757957,0.0,0.0,0.0,0.0,0.0,0.0,24%
CUST0019100,DECLINED,INSAGFFICIENT_NET_DISPOSABLE_INCOME,3.8267462858951e-07,4.701210519579216e-06,0.008046414676757957,0.0,0.0,0.0,0.0,0.0,0.0,24%
CUST0019175,DECLINED,INSAGFFICIENT_NET_DISPOSABLE_INCOME,3902.8171110397566,20106.97126991227,36163.55800138149,0.0,0.0,0.0,0.0,0.0,0.0,24%
CUST0019493,DECLINED,INSAGFFICIENT_NET_DISPOSABLE_INCOME,5383.281454625783,5455.288265527064,12670.802096105555,0.0,0.0,0.0,0.0,0.0,0.0,24%
CUST0019615,DECLINED,INSAGFFICIENT_NET_DISPOSABLE_INCOME,3.8267462858951e-07,4.701210519579216e-06,0.008046414676757957,0.0,0.0,0.0,0.0,0.0,0.0,24%
CUST0019675,DECLINED,INSAGFFICIENT_NET_DISPOSABLE_INCOME,3.8267462858951e-07,4.701210519579216e-06,0.008046414676757957,0.0,0.0,0.0,0.0,0.0,0.0,24%
CUST0019725,DECLINED,INSAGFFICIENT_NET_DISPOSABLE_INCOME,3.8267462858951e-07,4.701210519579216e-06,0.008046414676757957,0.0,0.0,0.0,0.0,0.0,0.0,24%
CUST0019733,DECLINED,INSAGFFICIENT_NET_DISPOSABLE_INCOME,3.8267462858951e-07,4.701210519579216e-06,0.008046414676757957,0.0,0.0,0.0,0.0,0.0,0.0,24%
CUST0019763,DECLINED,INSAGFFICIENT_NET_DISPOSABLE_INCOME,3.8267462858951e-07,4.701210519579216e-06,0.008046414676757957,0.0,0.0,0.0,0.0,0.0,0.0,24%
CUST0019988,DECLINED,INSAGFFICIENT_NET_DISPOSABLE_INCOME,3.8267462858951e-07,4.701210519579216e-06,0.008046414676757957,0.0,0.0,0.0,0.0,0.0,0.0,24%
CUST0020113,DECLINED,INSAGFFICIENT_NET_DISPOSABLE_INCOME,3.8267462858951e-07,4.701210519579216e-06,0.008046414676757957,0.0,0.0,0.0,0.0,0.0,0.0,24%
CUST0020145,DECLINED,INSAGFFICIENT_NET_DISPOSABLE_INCOME,3.8267462858951e-07,4.701210519579216e-06,0.008046414676757957,0.0,0.0,0.0,0.0,0.0,0.0,24%
CUST0020208,DECLINED,INSAGFFICIENT_NET_DISPOSABLE_INCOME,3.8267462858951e-07,4.701210519579216e-06,0.008046414676757957,0.0,0.0,0.0,0.0,0.0,0.0,24%
CUST0020349,DECLINED,INSAGFFICIENT_NET_DISPOSABLE_INCOME,3.8267462858951e-07,4.701210519579216e-06,0.008046414676757957,0.0,0.0,0.0,0.0,0.0,0.0,24%
CUST0020382,DECLINED,INSAGFFICIENT_NET_DISPOSABLE_INCOME,3902.8171110397566,20106.97126991227,36163.55800138149,0.0,0.0,0.0,0.0,0.0,0.0,24%
CUST0020416,DECLINED,INSAGFFICIENT_NET_DISPOSABLE_INCOME,3.8267462858951e-07,4.701210519579216e-06,0.008046414676757957,0.0,0.0,0.0,0.0,0.0,0.0,24%
CUST0020563,DECLINED,INSAGFFICIENT_NET_DISPOSABLE_INCOME,3.8267462858951e-07,4.701210519579216e-06,0.008046414676757957,0.0,0.0,0.0,0.0,0.0,0.0,24%
CUST0020696,DECLINED,INSAGFFICIENT_NET_DISPOSABLE_INCOME,3.8267462858951e-07,4.701210519579216e-06,0.008046414676757957,0.0,0.0,0.0,0.0,0.0,0.0,24%
CUST0020796,DECLINED,INSAGFFICIENT_NET_DISPOSABLE_INCOME,3.8267462858951e-07,4.701210519579216e-06,0.008046414676757957,0.0,0.0,0.0,0.0,0.0,0.0,24%
CUST0020942,DECLINED,INSAGFFICIENT_NET_DISPOSABLE_INCOME,3.8267462858951e-07,4.701210519579216e-06,0.008046414676757957,0.0,0.0,0.0,0.0,0.0,0.0,24%
CUST0020961,DECLINED,INSAGFFICIENT_NET_DISPOSABLE_INCOME,3.8267462858951e-07,4.701210519579216e-06,0.008046414676757957,0.0,0.0,0.0,0.0,0.0,0.0,24%
CUST0020967,DECLINED,INSAGFFICIENT_NET_DISPOSABLE_INCOME,3.8267462858951e-07,4.701210519579216e-06,0.008046414676757957,0.0,0.0,0.0,0.0,0.0,0.0,24%
CUST0021094,DECLINED,INSAGFFICIENT_NET_DISPOSABLE_INCOME,3.8267462858951e-07,4.701210519579216e-06,0.008046414676757957,0.0,0.0,0.0,0.0,0.0,0.0,24%
CUST0021194,DECLINED,INSAGFFICIENT_NET_DISPOSABLE_INCOME,5802.294628920269,5993.305687414861,12283.273364629784,0.0,0.0,0.0,0.0,0.0,0.0,24%
CUST0021195,DECLINED,INSAGFFICIENT_NET_DISPOSABLE_INCOME,3.8267462858951e-07,4.701210519579216e-06,0.008046414676757957,0.0,0.0,0.0,0.0,0.0,0.0,24%
CUST0021209,DECLINED,INSAGFFICIENT_NET_DISPOSABLE_INCOME,3.8267462858951e-07,4.701210519579216e-06,0.008046414676757957,0.0,0.0,0.0,0.0,0.0,0.0,24%
CUST0021334,DECLINED,INSAGFFICIENT_NET_DISPOSABLE_INCOME,3.8267462858951e-07,4.701210519579216e-06,0.008046414676757957,0.0,0.0,0.0,0.0,0.0,0.0,24%
CUST0021378,DECLINED,INSAGFFICIENT_NET_DISPOSABLE_INCOME,3.8267462858951e-07,4.701210519579216e-06,0.008046414676757957,0.0,0.0,0.0,0.0,0.0,0.0,24%
CUST0021473,DECLINED,INSAGFFICIENT_NET_DISPOSABLE_INCOME,6489.173193461747,8289.404574477454,15257.658476970442,0.0,0.0,0.0,0.0,0.0,0.0,24%
CUST0021486,DECLINED,INSAGFFICIENT_NET_DISPOSABLE_INCOME,3.8267462858951e-07,4.701210519579216e-06,0.008046414676757957,0.0,0.0,0.0,0.0,0.0,0.0,24%
CUST0021489,DECLINED,INSAGFFICIENT_NET_DISPOSABLE_INCOME,3.8267462858951e-07,4.701210519579216e-06,0.008046414676757957,0.0,0.0,0.0,0.0,0.0,0.0,24%
CUST0021559,DECLINED,INSAGFFICIENT_NET_DISPOSABLE_INCOME,3.8267462858951e-07,4.701210519579216e-06,0.008046414676757957,0.0,0.0,0.0,0.0,0.0,0.0,24%
CUST0021561,DECLINED,INSAGFFICIENT_NET_DISPOSABLE_INCOME,6001.375229306301,7022.383088046119,13878.022107466726,0.0,0.0,0.0,0.0,0.0,0.0,24%
CUST0021609,DECLINED,INSAGFFICIENT_NET_DISPOSABLE_INCOME,3.8267462858951e-07,4.701210519579216e-06,0.008046414676757957,0.0,0.0,0.0,0.0,0.0,0.0,24%
CUST0021613,DECLINED,INSAGFFICIENT_NET_DISPOSABLE_INCOME,3.8267462858951e-07,4.701210519579216e-06,0.008046414676757957,0.0,0.0,0.0,0.0,0.0,0.0,24%
CUST0021619,DECLINED,INSAGFFICIENT_NET_DISPOSABLE_INCOME,3.8267462858951e-07,4.701210519579216e-06,0.008046414676757957,0.0,0.0,0.0,0.0,0.0,0.0,24%
CUST0021671,DECLINED,INSAGFFICIENT_NET_DISPOSABLE_INCOME,3.8267462858951e-07,4.701210519579216e-06,0.008046414676757957,0.0,0.0,0.0,0.0,0.0,0.0,24%
CUST0021722,DECLINED,INSAGFFICIENT_NET_DISPOSABLE_INCOME,3.8267462858951e-07,4.701210519579216e-06,0.008046414676757957,0.0,0.0,0.0,0.0,0.0,0.0,24%
CUST0021762,DECLINED,INSAGFFICIENT_NET_DISPOSABLE_INCOME,6283.597701855171,6910.385211876833,21791.833427146074,0.0,0.0,0.0,0.0,0.0,0.0,24%
CUST0021786,DECLINED,INSAGFFICIENT_NET_DISPOSABLE_INCOME,3.8267462858951e-07,4.701210519579216e-06,0.008046414676757957,0.0,0.0,0.0,0.0,0.0,0.0,24%
CUST0021850,DECLINED,INSAGFFICIENT_NET_DISPOSABLE_INCOME,3.8267462858951e-07,4.701210519579216e-06,0.008046414676757957,0.0,0.0,0.0,0.0,0.0,0.0,24%
CUST0021860,DECLINED,INSAGFFICIENT_NET_DISPOSABLE_INCOME,6370.581232105924,6920.0682980367355,18102.44989203378,0.0,0.0,0.0,0.0,0.0,0.0,24%
CUST0021868,DECLINED,INSAGFFICIENT_NET_DISPOSABLE_INCOME,3.8267462858951e-07,4.701210519579216e-06,0.008046414676757957,0.0,0.0,0.0,0.0,0.0,0.0,24%
CUST0021939,DECLINED,INSAGFFICIENT_NET_DISPOSABLE_INCOME,6516.981430402084,10958.55698529513,15818.25291075471,0.0,0.0,0.0,0.0,0.0,0.0,24%
CUST0022024,DECLINED,INSAGFFICIENT_NET_DISPOSABLE_INCOME,3.8267462858951e-07,4.701210519579216e-06,0.008046414676757957,0.0,0.0,0.0,0.0,0.0,0.0,24%
CUST0022100,DECLINED,INSAGFFICIENT_NET_DISPOSABLE_INCOME,3.8267462858951e-07,4.701210519579216e-06,0.008046414676757957,0.0,0.0,0.0,0.0,0.0,0.0,24%
CUST0022169,DECLINED,INSAGFFICIENT_NET_DISPOSABLE_INCOME,3.8267462858951e-07,4.701210519579216e-06,0.008046414676757957,0.0,0.0,0.0,0.0,0.0,0.0,24%
CUST0022221,DECLINED,INSAGFFICIENT_NET_DISPOSABLE_INCOME,3.8267462858951e-07,4.701210519579216e-06,0.008046414676757957,0.0,0.0,0.0,0.0,0.0,0.0,24%
CUST0022229,DECLINED,INSAGFFICIENT_NET_DISPOSABLE_INCOME,3902.8171110397566,20106.97126991227,36163.55800138149,0.0,0.0,0.0,0.0,0.0,0.0,24%
CUST0022254,DECLINED,INSAGFFICIENT_NET_DISPOSABLE_INCOME,4721.829721294635,4899.6430257953325,11722.523661373541,0.0,0.0,0.0,0.0,0.0,0.0,24%
CUST0022315,DECLINED,INSAGFFICIENT_NET_DISPOSABLE_INCOME,3.8267462858951e-07,4.701210519579216e-06,0.008046414676757957,0.0,0.0,0.0,0.0,0.0,0.0,24%
CUST0022354,DECLINED,INSAGFFICIENT_NET_DISPOSABLE_INCOME,3.8267462858951e-07,4.701210519579216e-06,0.008046414676757957,0.0,0.0,0.0,0.0,0.0,0.0,24%
CUST0022530,DECLINED,INSAGFFICIENT_NET_DISPOSABLE_INCOME,3902.8171110397566,20106.97126991227,36163.55800138149,0.0,0.0,0.0,0.0,0.0,0.0,24%
CUST0022666,DECLINED,INSAGFFICIENT_NET_DISPOSABLE_INCOME,3.8267462858951e-07,4.701210519579216e-06,0.008046414676757957,0.0,0.0,0.0,0.0,0.0,0.0,24%
CUST0022836,DECLINED,INSAGFFICIENT_NET_DISPOSABLE_INCOME,3.8267462858951e-07,4.701210519579216e-06,0.008046414676757957,0.0,0.0,0.0,0.0,0.0,0.0,24%
CUST0022909,DECLINED,INSAGFFICIENT_NET_DISPOSABLE_INCOME,3.8267462858951e-07,4.701210519579216e-06,0.008046414676757957,0.0,0.0,0.0,0.0,0.0,0.0,24%
CUST0022991,DECLINED,INSAGFFICIENT_NET_DISPOSABLE_INCOME,3.8267462858951e-07,4.701210519579216e-06,0.008046414676757957,0.0,0.0,0.0,0.0,0.0,0.0,24%
CUST0023005,DECLINED,INSAGFFICIENT_NET_DISPOSABLE_INCOME,3.8267462858951e-07,4.701210519579216e-06,0.008046414676757957,0.0,0.0,0.0,0.0,0.0,0.0,24%
CUST0023075,DECLINED,INSAGFFICIENT_NET_DISPOSABLE_INCOME,3.8267462858951e-07,4.701210519579216e-06,0.008046414676757957,0.0,0.0,0.0,0.0,0.0,0.0,24%
CUST0023152,DECLINED,INSAGFFICIENT_NET_DISPOSABLE_INCOME,3.8267462858951e-07,4.701210519579216e-06,0.008046414676757957,0.0,0.0,0.0,0.0,0.0,0.0,24%
CUST0023171,DECLINED,INSAGFFICIENT_NET_DISPOSABLE_INCOME,3.8267462858951e-07,4.701210519579216e-06,0.008046414676757957,0.0,0.0,0.0,0.0,0.0,0.0,24%
CUST0023219,DECLINED,INSAGFFICIENT_NET_DISPOSABLE_INCOME,3.8267462858951e-07,4.701210519579216e-06,0.008046414676757957,0.0,0.0,0.0,0.0,0.0,0.0,24%
CUST0023262,DECLINED,INSAGFFICIENT_NET_DISPOSABLE_INCOME,3.8267462858951e-07,4.701210519579216e-06,0.008046414676757957,0.0,0.0,0.0,0.0,0.0,0.0,24%
CUST0023440,DECLINED,INSAGFFICIENT_NET_DISPOSABLE_INCOME,5731.0619234707765,5898.473657643663,11715.159182487965,0.0,0.0,0.0,0.0,0.0,0.0,24%
CUST0023455,DECLINED,INSAGFFICIENT_NET_DISPOSABLE_INCOME,3.8267462858951e-07,4.701210519579216e-06,0.008046414676757957,0.0,0.0,0.0,0.0,0.0,0.0,24%
CUST0023515,DECLINED,INSAGFFICIENT_NET_DISPOSABLE_INCOME,3.8267462858951e-07,4.701210519579216e-06,0.008046414676757957,0.0,0.0,0.0,0.0,0.0,0.0,24%
CUST0023517,DECLINED,INSAGFFICIENT_NET_DISPOSABLE_INCOME,4708.575965820539,4980.882940623269,11603.145217717332,0.0,0.0,0.0,0.0,0.0,0.0,24%
CUST0023522,DECLINED,INSAGFFICIENT_NET_DISPOSABLE_INCOME,3.8267462858951e-07,4.701210519579216e-06,0.008046414676757957,0.0,0.0,0.0,0.0,0.0,0.0,24%
CUST0023559,DECLINED,INSAGFFICIENT_NET_DISPOSABLE_INCOME,3.8267462858951e-07,4.701210519579216e-06,0.008046414676757957,0.0,0.0,0.0,0.0,0.0,0.0,24%
CUST0023577,DECLINED,INSAGFFICIENT_NET_DISPOSABLE_INCOME,3.8267462858951e-07,4.701210519579216e-06,0.008046414676757957,0.0,0.0,0.0,0.0,0.0,0.0,24%
CUST0023603,DECLINED,INSAGFFICIENT_NET_DISPOSABLE_INCOME,3.8267462858951e-07,4.701210519579216e-06,0.008046414676757957,0.0,0.0,0.0,0.0,0.0,0.0,24%
CUST0023648,DECLINED,INSAGFFICIENT_NET_DISPOSABLE_INCOME,3.8267462858951e-07,4.701210519579216e-06,0.008046414676757957,0.0,0.0,0.0,0.0,0.0,0.0,24%
CUST0023768,DECLINED,INSAGFFICIENT_NET_DISPOSABLE_INCOME,3.8267462858951e-07,4.701210519579216e-06,0.008046414676757957,0.0,0.0,0.0,0.0,0.0,0.0,24%
CUST0023775,DECLINED,INSAGFFICIENT_NET_DISPOSABLE_INCOME,3.8267462858951e-07,4.701210519579216e-06,0.008046414676757957,0.0,0.0,0.0,0.0,0.0,0.0,24%
CUST0023801,DECLINED,INSAGFFICIENT_NET_DISPOSABLE_INCOME,3.8267462858951e-07,4.701210519579216e-06,0.008046414676757957,0.0,0.0,0.0,0.0,0.0,0.0,24%
CUST0023813,DECLINED,INSAGFFICIENT_NET_DISPOSABLE_INCOME,3.8267462858951e-07,4.701210519579216e-06,0.008046414676757957,0.0,0.0,0.0,0.0,0.0,0.0,24%
CUST0023843,DECLINED,INSAGFFICIENT_NET_DISPOSABLE_INCOME,6413.826074070554,6809.074489488291,18156.63911402742,0.0,0.0,0.0,0.0,0.0,0.0,24%
CUST0023953,DECLINED,INSAGFFICIENT_NET_DISPOSABLE_INCOME,3902.8171110397566,20106.97126991227,36163.55800138149,0.0,0.0,0.0,0.0,0.0,0.0,24%
CUST0024078,DECLINED,INSAGFFICIENT_NET_DISPOSABLE_INCOME,3.8267462858951e-07,4.701210519579216e-06,0.008046414676757957,0.0,0.0,0.0,0.0,0.0,0.0,24%
CUST0024082,DECLINED,INSAGFFICIENT_NET_DISPOSABLE_INCOME,3.8267462858951e-07,4.701210519579216e-06,0.008046414676757957,0.0,0.0,0.0,0.0,0.0,0.0,24%
CUST0024111,DECLINED,INSAGFFICIENT_NET_DISPOSABLE_INCOME,5563.948005930677,6034.106730457365,18890.634435227323,0.0,0.0,0.0,0.0,0.0,0.0,24%
CUST0024161,DECLINED,INSAGFFICIENT_NET_DISPOSABLE_INCOME,3.8267462858951e-07,4.701210519579216e-06,0.008046414676757957,0.0,0.0,0.0,0.0,0.0,0.0,24%
CUST0024302,DECLINED,INSAGFFICIENT_NET_DISPOSABLE_INCOME,3.8267462858951e-07,4.701210519579216e-06,0.008046414676757957,0.0,0.0,0.0,0.0,0.0,0.0,24%
CUST0024415,DECLINED,INSAGFFICIENT_NET_DISPOSABLE_INCOME,3.8267462858951e-07,4.701210519579216e-06,0.008046414676757957,0.0,0.0,0.0,0.0,0.0,0.0,24%
CUST0024502,DECLINED,INSAGFFICIENT_NET_DISPOSABLE_INCOME,3.8267462858951e-07,4.701210519579216e-06,0.008046414676757957,0.0,0.0,0.0,0.0,0.0,0.0,24%
CUST0024505,DECLINED,INSAGFFICIENT_NET_DISPOSABLE_INCOME,3.8267462858951e-07,4.701210519579216e-06,0.008046414676757957,0.0,0.0,0.0,0.0,0.0,0.0,24%
CUST0024529,DECLINED,INSAGFFICIENT_NET_DISPOSABLE_INCOME,3.8267462858951e-07,4.701210519579216e-06,0.008046414676757957,0.0,0.0,0.0,0.0,0.0,0.0,24%
CUST0024550,DECLINED,INSAGFFICIENT_NET_DISPOSABLE_INCOME,6496.151032956467,8573.462298845674,15257.658476970442,0.0,0.0,0.0,0.0,0.0,0.0,24%
CUST0024705,DECLINED,INSAGFFICIENT_NET_DISPOSABLE_INCOME,3.8267462858951e-07,4.701210519579216e-06,0.008046414676757957,0.0,0.0,0.0,0.0,0.0,0.0,24%
CUST0024761,DECLINED,INSAGFFICIENT_NET_DISPOSABLE_INCOME,3.8267462858951e-07,4.701210519579216e-06,0.008046414676757957,0.0,0.0,0.0,0.0,0.0,0.0,24%
CUST0024863,DECLINED,INSAGFFICIENT_NET_DISPOSABLE_INCOME,3.8267462858951e-07,4.701210519579216e-06,0.008046414676757957,0.0,0.0,0.0,0.0,0.0,0.0,24%
CUST0024914,DECLINED,INSAGFFICIENT_NET_DISPOSABLE_INCOME,3.8267462858951e-07,4.701210519579216e-06,0.008046414676757957,0.0,0.0,0.0,0.0,0.0,0.0,24%
CUST0024925,DECLINED,INSAGFFICIENT_NET_DISPOSABLE_INCOME,3.8267462858951e-07,4.701210519579216e-06,0.008046414676757957,0.0,0.0,0.0,0.0,0.0,0.0,24%
CUST0024961,DECLINED,INSAGFFICIENT_NET_DISPOSABLE_INCOME,3.8267462858951e-07,4.701210519579216e-06,0.008046414676757957,0.0,0.0,0.0,0.0,0.0,0.0,24%
CUST0024974,DECLINED,INSAGFFICIENT_NET_DISPOSABLE_INCOME,3.8267462858951e-07,4.701210519579216e-06,0.008046414676757957,0.0,0.0,0.0,0.0,0.0,0.0,24%
CUST0025036,DECLINED,INSAGFFICIENT_NET_DISPOSABLE_INCOME,3.8267462858951e-07,4.701210519579216e-06,0.008046414676757957,0.0,0.0,0.0,0.0,0.0,0.0,24%
CUST0025084,DECLINED,INSAGFFICIENT_NET_DISPOSABLE_INCOME,3.8267462858951e-07,4.701210519579216e-06,0.008046414676757957,0.0,0.0,0.0,0.0,0.0,0.0,24%
CUST0025124,DECLINED,INSAGFFICIENT_NET_DISPOSABLE_INCOME,3.8267462858951e-07,4.701210519579216e-06,0.008046414676757957,0.0,0.0,0.0,0.0,0.0,0.0,24%
CUST0025143,DECLINED,INSAGFFICIENT_NET_DISPOSABLE_INCOME,3.8267462858951e-07,4.701210519579216e-06,0.008046414676757957,0.0,0.0,0.0,0.0,0.0,0.0,24%
CUST0025173,DECLINED,INSAGFFICIENT_NET_DISPOSABLE_INCOME,3.8267462858951e-07,4.701210519579216e-06,0.008046414676757957,0.0,0.0,0.0,0.0,0.0,0.0,24%
CUST0025185,DECLINED,INSAGFFICIENT_NET_DISPOSABLE_INCOME,3.8267462858951e-07,4.701210519579216e-06,0.008046414676757957,0.0,0.0,0.0,0.0,0.0,0.0,24%
CUST0025330,DECLINED,INSAGFFICIENT_NET_DISPOSABLE_INCOME,3.8267462858951e-07,4.701210519579216e-06,0.008046414676757957,0.0,0.0,0.0,0.0,0.0,0.0,24%
CUST0025386,DECLINED,INSAGFFICIENT_NET_DISPOSABLE_INCOME,3.8267462858951e-07,4.701210519579216e-06,0.008046414676757957,0.0,0.0,0.0,0.0,0.0,0.0,24%
CUST0025400,DECLINED,INSAGFFICIENT_NET_DISPOSABLE_INCOME,3.8267462858951e-07,4.701210519579216e-06,0.008046414676757957,0.0,0.0,0.0,0.0,0.0,0.0,24%
CUST0025411,DECLINED,INSAGFFICIENT_NET_DISPOSABLE_INCOME,3.8267462858951e-07,4.701210519579216e-06,0.008046414676757957,0.0,0.0,0.0,0.0,0.0,0.0,24%
CUST0025430,DECLINED,INSAGFFICIENT_NET_DISPOSABLE_INCOME,3.8267462858951e-07,4.701210519579216e-06,0.008046414676757957,0.0,0.0,0.0,0.0,0.0,0.0,24%
CUST0025495,DECLINED,INSAGFFICIENT_NET_DISPOSABLE_INCOME,3902.8171110397566,20106.97126991227,36163.55800138149,0.0,0.0,0.0,0.0,0.0,0.0,24%
CUST0025536,DECLINED,INSAGFFICIENT_NET_DISPOSABLE_INCOME,3.8267462858951e-07,4.701210519579216e-06,0.008046414676757957,0.0,0.0,0.0,0.0,0.0,0.0,24%
CUST0025552,DECLINED,INSAGFFICIENT_NET_DISPOSABLE_INCOME,3.8267462858951e-07,4.701210519579216e-06,0.008046414676757957,0.0,0.0,0.0,0.0,0.0,0.0,24%
CUST0025559,DECLINED,INSAGFFICIENT_NET_DISPOSABLE_INCOME,3.8267462858951e-07,4.701210519579216e-06,0.008046414676757957,0.0,0.0,0.0,0.0,0.0,0.0,24%
CUST0025596,DECLINED,INSAGFFICIENT_NET_DISPOSABLE_INCOME,3.8267462858951e-07,4.701210519579216e-06,0.008046414676757957,0.0,0.0,0.0,0.0,0.0,0.0,24%
CUST0025699,DECLINED,INSAGFFICIENT_NET_DISPOSABLE_INCOME,3.8267462858951e-07,4.701210519579216e-06,0.008046414676757957,0.0,0.0,0.0,0.0,0.0,0.0,24%
CUST0025746,DECLINED,INSAGFFICIENT_NET_DISPOSABLE_INCOME,3.8267462858951e-07,4.701210519579216e-06,0.008046414676757957,0.0,0.0,0.0,0.0,0.0,0.0,24%
CUST0025753,DECLINED,INSAGFFICIENT_NET_DISPOSABLE_INCOME,3.8267462858951e-07,4.701210519579216e-06,0.008046414676757957,0.0,0.0,0.0,0.0,0.0,0.0,24%
CUST0025806,DECLINED,INSAGFFICIENT_NET_DISPOSABLE_INCOME,3.8267462858951e-07,4.701210519579216e-06,0.008046414676757957,0.0,0.0,0.0,0.0,0.0,0.0,24%
CUST0025856,DECLINED,INSAGFFICIENT_NET_DISPOSABLE_INCOME,3.8267462858951e-07,4.701210519579216e-06,0.008046414676757957,0.0,0.0,0.0,0.0,0.0,0.0,24%
CUST0025886,DECLINED,INSAGFFICIENT_NET_DISPOSABLE_INCOME,3.8267462858951e-07,4.701210519579216e-06,0.008046414676757957,0.0,0.0,0.0,0.0,0.0,0.0,24%
CUST0025936,DECLINED,INSAGFFICIENT_NET_DISPOSABLE_INCOME,3.8267462858951e-07,4.701210519579216e-06,0.008046414676757957,0.0,0.0,0.0,0.0,0.0,0.0,24%
CUST0025942,DECLINED,INSAGFFICIENT_NET_DISPOSABLE_INCOME,3.8267462858951e-07,4.701210519579216e-06,0.008046414676757957,0.0,0.0,0.0,0.0,0.0,0.0,24%
CUST0025944,DECLINED,INSAGFFICIENT_NET_DISPOSABLE_INCOME,3.8267462858951e-07,4.701210519579216e-06,0.008046414676757957,0.0,0.0,0.0,0.0,0.0,0.0,24%
CUST0025980,DECLINED,INSAGFFICIENT_NET_DISPOSABLE_INCOME,3.8267462858951e-07,4.701210519579216e-06,0.008046414676757957,0.0,0.0,0.0,0.0,0.0,0.0,24%
CUST0026030,DECLINED,INSAGFFICIENT_NET_DISPOSABLE_INCOME,3.8267462858951e-07,4.701210519579216e-06,0.008046414676757957,0.0,0.0,0.0,0.0,0.0,0.0,24%
CUST0026073,DECLINED,INSAGFFICIENT_NET_DISPOSABLE_INCOME,3.8267462858951e-07,4.701210519579216e-06,0.008046414676757957,0.0,0.0,0.0,0.0,0.0,0.0,24%
CUST0026158,DECLINED,INSAGFFICIENT_NET_DISPOSABLE_INCOME,3.8267462858951e-07,4.701210519579216e-06,0.008046414676757957,0.0,0.0,0.0,0.0,0.0,0.0,24%
CUST0026220,DECLINED,INSAGFFICIENT_NET_DISPOSABLE_INCOME,3.8267462858951e-07,4.701210519579216e-06,0.008046414676757957,0.0,0.0,0.0,0.0,0.0,0.0,24%
CUST0026228,DECLINED,INSAGFFICIENT_NET_DISPOSABLE_INCOME,3.8267462858951e-07,4.701210519579216e-06,0.008046414676757957,0.0,0.0,0.0,0.0,0.0,0.0,24%
CUST0026252,DECLINED,INSAGFFICIENT_NET_DISPOSABLE_INCOME,3.8267462858951e-07,4.701210519579216e-06,0.008046414676757957,0.0,0.0,0.0,0.0,0.0,0.0,24%
CUST0026296,DECLINED,INSAGFFICIENT_NET_DISPOSABLE_INCOME,3.8267462858951e-07,4.701210519579216e-06,0.008046414676757957,0.0,0.0,0.0,0.0,0.0,0.0,24%
CUST0026332,DECLINED,INSAGFFICIENT_NET_DISPOSABLE_INCOME,3.8267462858951e-07,4.701210519579216e-06,0.008046414676757957,0.0,0.0,0.0,0.0,0.0,0.0,24%
CUST0026395,DECLINED,INSAGFFICIENT_NET_DISPOSABLE_INCOME,3.8267462858951e-07,4.701210519579216e-06,0.008046414676757957,0.0,0.0,0.0,0.0,0.0,0.0,24%
CUST0026418,DECLINED,INSAGFFICIENT_NET_DISPOSABLE_INCOME,3.8267462858951e-07,4.701210519579216e-06,0.008046414676757957,0.0,0.0,0.0,0.0,0.0,0.0,24%
CUST0026471,DECLINED,INSAGFFICIENT_NET_DISPOSABLE_INCOME,4750.1320737065635,5105.312692723603,18404.367489387412,0.0,0.0,0.0,0.0,0.0,0.0,24%
CUST0026564,DECLINED,INSAGFFICIENT_NET_DISPOSABLE_INCOME,3.8267462858951e-07,4.701210519579216e-06,0.008046414676757957,0.0,0.0,0.0,0.0,0.0,0.0,24%
CUST0026595,DECLINED,INSAGFFICIENT_NET_DISPOSABLE_INCOME,3.8267462858951e-07,4.701210519579216e-06,0.008046414676757957,0.0,0.0,0.0,0.0,0.0,0.0,24%
CUST0026620,DECLINED,INSAGFFICIENT_NET_DISPOSABLE_INCOME,3.8267462858951e-07,4.701210519579216e-06,0.008046414676757957,0.0,0.0,0.0,0.0,0.0,0.0,24%
CUST0026625,DECLINED,INSAGFFICIENT_NET_DISPOSABLE_INCOME,3.8267462858951e-07,4.701210519579216e-06,0.008046414676757957,0.0,0.0,0.0,0.0,0.0,0.0,24%
CUST0026639,DECLINED,INSAGFFICIENT_NET_DISPOSABLE_INCOME,5119.239957141675,5731.559826965161,18811.745245584854,0.0,0.0,0.0,0.0,0.0,0.0,24%
CUST0026676,DECLINED,INSAGFFICIENT_NET_DISPOSABLE_INCOME,3.8267462858951e-07,4.701210519579216e-06,0.008046414676757957,0.0,0.0,0.0,0.0,0.0,0.0,24%
CUST0026711,DECLINED,INSAGFFICIENT_NET_DISPOSABLE_INCOME,3.8267462858951e-07,4.701210519579216e-06,0.008046414676757957,0.0,0.0,0.0,0.0,0.0,0.0,24%
CUST0026746,DECLINED,INSAGFFICIENT_NET_DISPOSABLE_INCOME,3.8267462858951e-07,4.701210519579216e-06,0.008046414676757957,0.0,0.0,0.0,0.0,0.0,0.0,24%
CUST0026805,DECLINED,INSAGFFICIENT_NET_DISPOSABLE_INCOME,3.8267462858951e-07,4.701210519579216e-06,0.008046414676757957,0.0,0.0,0.0,0.0,0.0,0.0,24%
CUST0026825,DECLINED,INSAGFFICIENT_NET_DISPOSABLE_INCOME,3.8267462858951e-07,4.701210519579216e-06,0.008046414676757957,0.0,0.0,0.0,0.0,0.0,0.0,24%
CUST0026836,DECLINED,INSAGFFICIENT_NET_DISPOSABLE_INCOME,3.8267462858951e-07,4.701210519579216e-06,0.008046414676757957,0.0,0.0,0.0,0.0,0.0,0.0,24%
CUST0026842,DECLINED,INSAGFFICIENT_NET_DISPOSABLE_INCOME,3.8267462858951e-07,4.701210519579216e-06,0.008046414676757957,0.0,0.0,0.0,0.0,0.0,0.0,24%
CUST0026911,DECLINED,INSAGFFICIENT_NET_DISPOSABLE_INCOME,3.8267462858951e-07,4.701210519579216e-06,0.008046414676757957,0.0,0.0,0.0,0.0,0.0,0.0,24%
CUST0027000,DECLINED,INSAGFFICIENT_NET_DISPOSABLE_INCOME,3.8267462858951e-07,4.701210519579216e-06,0.008046414676757957,0.0,0.0,0.0,0.0,0.0,0.0,24%
CUST0027133,DECLINED,INSAGFFICIENT_NET_DISPOSABLE_INCOME,3.8267462858951e-07,4.701210519579216e-06,0.008046414676757957,0.0,0.0,0.0,0.0,0.0,0.0,24%
CUST0027268,DECLINED,INSAGFFICIENT_NET_DISPOSABLE_INCOME,3.8267462858951e-07,4.701210519579216e-06,0.008046414676757957,0.0,0.0,0.0,0.0,0.0,0.0,24%
CUST0027284,DECLINED,INSAGFFICIENT_NET_DISPOSABLE_INCOME,3.8267462858951e-07,4.701210519579216e-06,0.008046414676757957,0.0,0.0,0.0,0.0,0.0,0.0,24%
CUST0027301,DECLINED,INSAGFFICIENT_NET_DISPOSABLE_INCOME,3.8267462858951e-07,4.701210519579216e-06,0.008046414676757957,0.0,0.0,0.0,0.0,0.0,0.0,24%
CUST0027334,DECLINED,INSAGFFICIENT_NET_DISPOSABLE_INCOME,4973.690918225955,5450.0767156022075,18787.61411286408,0.0,0.0,0.0,0.0,0.0,0.0,24%
CUST0027441,DECLINED,INSAGFFICIENT_NET_DISPOSABLE_INCOME,3.8267462858951e-07,4.701210519579216e-06,0.008046414676757957,0.0,0.0,0.0,0.0,0.0,0.0,24%
CUST0027492,DECLINED,INSAGFFICIENT_NET_DISPOSABLE_INCOME,5949.925886927508,6411.127010499707,18518.090121727204,0.0,0.0,0.0,0.0,0.0,0.0,24%
CUST0027556,DECLINED,INSAGFFICIENT_NET_DISPOSABLE_INCOME,3.8267462858951e-07,4.701210519579216e-06,0.008046414676757957,0.0,0.0,0.0,0.0,0.0,0.0,24%
CUST0027574,DECLINED,INSAGFFICIENT_NET_DISPOSABLE_INCOME,3.8267462858951e-07,4.701210519579216e-06,0.008046414676757957,0.0,0.0,0.0,0.0,0.0,0.0,24%
CUST0027616,DECLINED,INSAGFFICIENT_NET_DISPOSABLE_INCOME,3.8267462858951e-07,4.701210519579216e-06,0.008046414676757957,0.0,0.0,0.0,0.0,0.0,0.0,24%
CUST0027730,DECLINED,INSAGFFICIENT_NET_DISPOSABLE_INCOME,3.8267462858951e-07,4.701210519579216e-06,0.008046414676757957,0.0,0.0,0.0,0.0,0.0,0.0,24%
CUST0027753,DECLINED,INSAGFFICIENT_NET_DISPOSABLE_INCOME,3.8267462858951e-07,4.701210519579216e-06,0.008046414676757957,0.0,0.0,0.0,0.0,0.0,0.0,24%
CUST0027768,DECLINED,INSAGFFICIENT_NET_DISPOSABLE_INCOME,3.8267462858951e-07,4.701210519579216e-06,0.008046414676757957,0.0,0.0,0.0,0.0,0.0,0.0,24%
CUST0027803,DECLINED,INSAGFFICIENT_NET_DISPOSABLE_INCOME,3.8267462858951e-07,4.701210519579216e-06,0.008046414676757957,0.0,0.0,0.0,0.0,0.0,0.0,24%
CUST0027828,DECLINED,INSAGFFICIENT_NET_DISPOSABLE_INCOME,3.8267462858951e-07,4.701210519579216e-06,0.008046414676757957,0.0,0.0,0.0,0.0,0.0,0.0,24%
CUST0027986,DECLINED,INSAGFFICIENT_NET_DISPOSABLE_INCOME,3.8267462858951e-07,4.701210519579216e-06,0.008046414676757957,0.0,0.0,0.0,0.0,0.0,0.0,24%
CUST0028094,DECLINED,INSAGFFICIENT_NET_DISPOSABLE_INCOME,3.8267462858951e-07,4.701210519579216e-06,0.008046414676757957,0.0,0.0,0.0,0.0,0.0,0.0,24%
CUST0028157,DECLINED,INSAGFFICIENT_NET_DISPOSABLE_INCOME,3.8267462858951e-07,4.701210519579216e-06,0.008046414676757957,0.0,0.0,0.0,0.0,0.0,0.0,24%
CUST0028158,DECLINED,INSAGFFICIENT_NET_DISPOSABLE_INCOME,3.8267462858951e-07,4.701210519579216e-06,0.008046414676757957,0.0,0.0,0.0,0.0,0.0,0.0,24%
CUST0028170,DECLINED,INSAGFFICIENT_NET_DISPOSABLE_INCOME,3.8267462858951e-07,4.701210519579216e-06,0.008046414676757957,0.0,0.0,0.0,0.0,0.0,0.0,24%
CUST0028176,DECLINED,INSAGFFICIENT_NET_DISPOSABLE_INCOME,3.8267462858951e-07,4.701210519579216e-06,0.008046414676757957,0.0,0.0,0.0,0.0,0.0,0.0,24%
CUST0028247,DECLINED,INSAGFFICIENT_NET_DISPOSABLE_INCOME,3.8267462858951e-07,4.701210519579216e-06,0.008046414676757957,0.0,0.0,0.0,0.0,0.0,0.0,24%
CUST0028314,DECLINED,INSAGFFICIENT_NET_DISPOSABLE_INCOME,5278.333236365013,5604.123233419287,18326.40717485414,0.0,0.0,0.0,0.0,0.0,0.0,24%
CUST0028338,DECLINED,INSAGFFICIENT_NET_DISPOSABLE_INCOME,3.8267462858951e-07,4.701210519579216e-06,0.008046414676757957,0.0,0.0,0.0,0.0,0.0,0.0,24%
CUST0028396,DECLINED,INSAGFFICIENT_NET_DISPOSABLE_INCOME,3.8267462858951e-07,4.701210519579216e-06,0.008046414676757957,0.0,0.0,0.0,0.0,0.0,0.0,24%
CUST0028668,DECLINED,INSAGFFICIENT_NET_DISPOSABLE_INCOME,3.8267462858951e-07,4.701210519579216e-06,0.008046414676757957,0.0,0.0,0.0,0.0,0.0,0.0,24%
CUST0028673,DECLINED,INSAGFFICIENT_NET_DISPOSABLE_INCOME,3.8267462858951e-07,4.701210519579216e-06,0.008046414676757957,0.0,0.0,0.0,0.0,0.0,0.0,24%
CUST0028705,DECLINED,INSAGFFICIENT_NET_DISPOSABLE_INCOME,3.8267462858951e-07,4.701210519579216e-06,0.008046414676757957,0.0,0.0,0.0,0.0,0.0,0.0,24%
CUST0028734,DECLINED,INSAGFFICIENT_NET_DISPOSABLE_INCOME,3.8267462858951e-07,4.701210519579216e-06,0.008046414676757957,0.0,0.0,0.0,0.0,0.0,0.0,24%
CUST0028762,DECLINED,INSAGFFICIENT_NET_DISPOSABLE_INCOME,3.8267462858951e-07,4.701210519579216e-06,0.008046414676757957,0.0,0.0,0.0,0.0,0.0,0.0,24%
CUST0028781,DECLINED,INSAGFFICIENT_NET_DISPOSABLE_INCOME,3.8267462858951e-07,4.701210519579216e-06,0.008046414676757957,0.0,0.0,0.0,0.0,0.0,0.0,24%
CUST0028888,DECLINED,INSAGFFICIENT_NET_DISPOSABLE_INCOME,3.8267462858951e-07,4.701210519579216e-06,0.008046414676757957,0.0,0.0,0.0,0.0,0.0,0.0,24%
CUST0028913,DECLINED,INSAGFFICIENT_NET_DISPOSABLE_INCOME,3.8267462858951e-07,4.701210519579216e-06,0.008046414676757957,0.0,0.0,0.0,0.0,0.0,0.0,24%
CUST0029318,DECLINED,INSAGFFICIENT_NET_DISPOSABLE_INCOME,3.8267462858951e-07,4.701210519579216e-06,0.008046414676757957,0.0,0.0,0.0,0.0,0.0,0.0,24%
CUST0029412,DECLINED,INSAGFFICIENT_NET_DISPOSABLE_INCOME,3.8267462858951e-07,4.701210519579216e-06,0.008046414676757957,0.0,0.0,0.0,0.0,0.0,0.0,24%
CUST0029498,DECLINED,INSAGFFICIENT_NET_DISPOSABLE_INCOME,3902.8171110397566,20106.97126991227,36163.55800138149,0.0,0.0,0.0,0.0,0.0,0.0,24%
CUST0029520,DECLINED,INSAGFFICIENT_NET_DISPOSABLE_INCOME,5015.079577544424,5140.970868027169,11969.323693119673,0.0,0.0,0.0,0.0,0.0,0.0,24%
CUST0029569,DECLINED,INSAGFFICIENT_NET_DISPOSABLE_INCOME,3902.8171110397566,20106.97126991227,36163.55800138149,0.0,0.0,0.0,0.0,0.0,0.0,24%
CUST0029577,DECLINED,INSAGFFICIENT_NET_DISPOSABLE_INCOME,3.8267462858951e-07,4.701210519579216e-06,0.008046414676757957,0.0,0.0,0.0,0.0,0.0,0.0,24%
CUST0029603,DECLINED,INSAGFFICIENT_NET_DISPOSABLE_INCOME,3.8267462858951e-07,4.701210519579216e-06,0.008046414676757957,0.0,0.0,0.0,0.0,0.0,0.0,24%
CUST0029633,DECLINED,INSAGFFICIENT_NET_DISPOSABLE_INCOME,3.8267462858951e-07,4.701210519579216e-06,0.008046414676757957,0.0,0.0,0.0,0.0,0.0,0.0,24%
CUST0029637,DECLINED,INSAGFFICIENT_NET_DISPOSABLE_INCOME,3.8267462858951e-07,4.701210519579216e-06,0.008046414676757957,0.0,0.0,0.0,0.0,0.0,0.0,24%
CUST0029776,DECLINED,INSAGFFICIENT_NET_DISPOSABLE_INCOME,3.8267462858951e-07,4.701210519579216e-06,0.008046414676757957,0.0,0.0,0.0,0.0,0.0,0.0,24%
CUST0029846,DECLINED,INSAGFFICIENT_NET_DISPOSABLE_INCOME,5827.37281539376,6417.194128599805,19156.502888616757,0.0,0.0,0.0,0.0,0.0,0.0,24%
CUST0029907,DECLINED,INSAGFFICIENT_NET_DISPOSABLE_INCOME,3.8267462858951e-07,4.701210519579216e-06,0.008046414676757957,0.0,0.0,0.0,0.0,0.0,0.0,24%
CUST0030014,DECLINED,INSAGFFICIENT_NET_DISPOSABLE_INCOME,3.8267462858951e-07,4.701210519579216e-06,0.008046414676757957,0.0,0.0,0.0,0.0,0.0,0.0,24%
CUST0030021,DECLINED,INSAGFFICIENT_NET_DISPOSABLE_INCOME,3.8267462858951e-07,4.701210519579216e-06,0.008046414676757957,0.0,0.0,0.0,0.0,0.0,0.0,24%
CUST0030039,DECLINED,INSAGFFICIENT_NET_DISPOSABLE_INCOME,3.8267462858951e-07,4.701210519579216e-06,0.008046414676757957,0.0,0.0,0.0,0.0,0.0,0.0,24%
CUST0030153,DECLINED,INSAGFFICIENT_NET_DISPOSABLE_INCOME,3.8267462858951e-07,4.701210519579216e-06,0.008046414676757957,0.0,0.0,0.0,0.0,0.0,0.0,24%
CUST0030172,DECLINED,INSAGFFICIENT_NET_DISPOSABLE_INCOME,3.8267462858951e-07,4.701210519579216e-06,0.008046414676757957,0.0,0.0,0.0,0.0,0.0,0.0,24%
CUST0030175,DECLINED,INSAGFFICIENT_NET_DISPOSABLE_INCOME,3.8267462858951e-07,4.701210519579216e-06,0.008046414676757957,0.0,0.0,0.0,0.0,0.0,0.0,24%
CUST0030205,DECLINED,INSAGFFICIENT_NET_DISPOSABLE_INCOME,3.8267462858951e-07,4.701210519579216e-06,0.008046414676757957,0.0,0.0,0.0,0.0,0.0,0.0,24%
CUST0030239,DECLINED,INSAGFFICIENT_NET_DISPOSABLE_INCOME,3.8267462858951e-07,4.701210519579216e-06,0.008046414676757957,0.0,0.0,0.0,0.0,0.0,0.0,24%
CUST0030296,DECLINED,INSAGFFICIENT_NET_DISPOSABLE_INCOME,3.8267462858951e-07,4.701210519579216e-06,0.008046414676757957,0.0,0.0,0.0,0.0,0.0,0.0,24%
CUST0030334,DECLINED,INSAGFFICIENT_NET_DISPOSABLE_INCOME,3.8267462858951e-07,4.701210519579216e-06,0.008046414676757957,0.0,0.0,0.0,0.0,0.0,0.0,24%
CUST0030366,DECLINED,INSAGFFICIENT_NET_DISPOSABLE_INCOME,3.8267462858951e-07,4.701210519579216e-06,0.008046414676757957,0.0,0.0,0.0,0.0,0.0,0.0,24%
CUST0030411,DECLINED,INSAGFFICIENT_NET_DISPOSABLE_INCOME,3.8267462858951e-07,4.701210519579216e-06,0.008046414676757957,0.0,0.0,0.0,0.0,0.0,0.0,24%
CUST0030600,DECLINED,INSAGFFICIENT_NET_DISPOSABLE_INCOME,3.8267462858951e-07,4.701210519579216e-06,0.008046414676757957,0.0,0.0,0.0,0.0,0.0,0.0,24%
CUST0030615,DECLINED,INSAGFFICIENT_NET_DISPOSABLE_INCOME,3.8267462858951e-07,4.701210519579216e-06,0.008046414676757957,0.0,0.0,0.0,0.0,0.0,0.0,24%
CUST0030624,DECLINED,INSAGFFICIENT_NET_DISPOSABLE_INCOME,3.8267462858951e-07,4.701210519579216e-06,0.008046414676757957,0.0,0.0,0.0,0.0,0.0,0.0,24%
CUST0030657,DECLINED,INSAGFFICIENT_NET_DISPOSABLE_INCOME,5961.062712561623,6836.601362496274,13331.196782682884,0.0,0.0,0.0,0.0,0.0,0.0,24%
CUST0030661,DECLINED,INSAGFFICIENT_NET_DISPOSABLE_INCOME,3.8267462858951e-07,4.701210519579216e-06,0.008046414676757957,0.0,0.0,0.0,0.0,0.0,0.0,24%
CUST0030688,DECLINED,INSAGFFICIENT_NET_DISPOSABLE_INCOME,3.8267462858951e-07,4.701210519579216e-06,0.008046414676757957,0.0,0.0,0.0,0.0,0.0,0.0,24%
CUST0030702,DECLINED,INSAGFFICIENT_NET_DISPOSABLE_INCOME,3.8267462858951e-07,4.701210519579216e-06,0.008046414676757957,0.0,0.0,0.0,0.0,0.0,0.0,24%
CUST0030765,DECLINED,INSAGFFICIENT_NET_DISPOSABLE_INCOME,3.8267462858951e-07,4.701210519579216e-06,0.008046414676757957,0.0,0.0,0.0,0.0,0.0,0.0,24%
CUST0030772,DECLINED,INSAGFFICIENT_NET_DISPOSABLE_INCOME,3.8267462858951e-07,4.701210519579216e-06,0.008046414676757957,0.0,0.0,0.0,0.0,0.0,0.0,24%
CUST0030792,DECLINED,INSAGFFICIENT_NET_DISPOSABLE_INCOME,3.8267462858951e-07,4.701210519579216e-06,0.008046414676757957,0.0,0.0,0.0,0.0,0.0,0.0,24%
CUST0030815,DECLINED,INSAGFFICIENT_NET_DISPOSABLE_INCOME,3.8267462858951e-07,4.701210519579216e-06,0.008046414676757957,0.0,0.0,0.0,0.0,0.0,0.0,24%
CUST0030863,DECLINED,INSAGFFICIENT_NET_DISPOSABLE_INCOME,3.8267462858951e-07,4.701210519579216e-06,0.008046414676757957,0.0,0.0,0.0,0.0,0.0,0.0,24%
CUST0030896,DECLINED,INSAGFFICIENT_NET_DISPOSABLE_INCOME,3.8267462858951e-07,4.701210519579216e-06,0.008046414676757957,0.0,0.0,0.0,0.0,0.0,0.0,24%
CUST0030959,DECLINED,INSAGFFICIENT_NET_DISPOSABLE_INCOME,5673.937758774924,6117.910284113422,18518.090121727204,0.0,0.0,0.0,0.0,0.0,0.0,24%
CUST0031035,DECLINED,INSAGFFICIENT_NET_DISPOSABLE_INCOME,3.8267462858951e-07,4.701210519579216e-06,0.008046414676757957,0.0,0.0,0.0,0.0,0.0,0.0,24%
CUST0031037,DECLINED,INSAGFFICIENT_NET_DISPOSABLE_INCOME,6209.534886265738,7467.567173059495,14129.33842400606,0.0,0.0,0.0,0.0,0.0,0.0,24%
CUST0031065,DECLINED,INSAGFFICIENT_NET_DISPOSABLE_INCOME,3.8267462858951e-07,4.701210519579216e-06,0.008046414676757957,0.0,0.0,0.0,0.0,0.0,0.0,24%
CUST0031159,DECLINED,INSAGFFICIENT_NET_DISPOSABLE_INCOME,3.8267462858951e-07,4.701210519579216e-06,0.008046414676757957,0.0,0.0,0.0,0.0,0.0,0.0,24%
CUST0031185,DECLINED,INSAGFFICIENT_NET_DISPOSABLE_INCOME,3.8267462858951e-07,4.701210519579216e-06,0.008046414676757957,0.0,0.0,0.0,0.0,0.0,0.0,24%
CUST0031207,DECLINED,INSAGFFICIENT_NET_DISPOSABLE_INCOME,3.8267462858951e-07,4.701210519579216e-06,0.008046414676757957,0.0,0.0,0.0,0.0,0.0,0.0,24%
CUST0031277,DECLINED,INSAGFFICIENT_NET_DISPOSABLE_INCOME,3.8267462858951e-07,4.701210519579216e-06,0.008046414676757957,0.0,0.0,0.0,0.0,0.0,0.0,24%
CUST0031296,DECLINED,INSAGFFICIENT_NET_DISPOSABLE_INCOME,3.8267462858951e-07,4.701210519579216e-06,0.008046414676757957,0.0,0.0,0.0,0.0,0.0,0.0,24%
CUST0031322,DECLINED,INSAGFFICIENT_NET_DISPOSABLE_INCOME,3.8267462858951e-07,4.701210519579216e-06,0.008046414676757957,0.0,0.0,0.0,0.0,0.0,0.0,24%
CUST0031343,DECLINED,INSAGFFICIENT_NET_DISPOSABLE_INCOME,3.8267462858951e-07,4.701210519579216e-06,0.008046414676757957,0.0,0.0,0.0,0.0,0.0,0.0,24%
CUST0031368,DECLINED,INSAGFFICIENT_NET_DISPOSABLE_INCOME,5034.348835687308,5302.9033004817675,13413.906837568797,0.0,0.0,0.0,0.0,0.0,0.0,24%
CUST0031396,DECLINED,INSAGFFICIENT_NET_DISPOSABLE_INCOME,3.8267462858951e-07,4.701210519579216e-06,0.008046414676757957,0.0,0.0,0.0,0.0,0.0,0.0,24%
CUST0031446,DECLINED,INSAGFFICIENT_NET_DISPOSABLE_INCOME,3.8267462858951e-07,4.701210519579216e-06,0.008046414676757957,0.0,0.0,0.0,0.0,0.0,0.0,24%
CUST0031482,DECLINED,INSAGFFICIENT_NET_DISPOSABLE_INCOME,3902.8171110397566,20106.97126991227,36163.55800138149,0.0,0.0,0.0,0.0,0.0,0.0,24%
CUST0031503,DECLINED,INSAGFFICIENT_NET_DISPOSABLE_INCOME,3.8267462858951e-07,4.701210519579216e-06,0.008046414676757957,0.0,0.0,0.0,0.0,0.0,0.0,24%
CUST0031535,DECLINED,INSAGFFICIENT_NET_DISPOSABLE_INCOME,5419.6940253919165,5660.519004987827,15930.709529695032,0.0,0.0,0.0,0.0,0.0,0.0,24%
CUST0031541,DECLINED,INSAGFFICIENT_NET_DISPOSABLE_INCOME,5055.687205228113,5173.634790892161,11954.63490575124,0.0,0.0,0.0,0.0,0.0,0.0,24%
CUST0031576,DECLINED,INSAGFFICIENT_NET_DISPOSABLE_INCOME,3.8267462858951e-07,4.701210519579216e-06,0.008046414676757957,0.0,0.0,0.0,0.0,0.0,0.0,24%
CUST0031607,DECLINED,INSAGFFICIENT_NET_DISPOSABLE_INCOME,3.8267462858951e-07,4.701210519579216e-06,0.008046414676757957,0.0,0.0,0.0,0.0,0.0,0.0,24%
CUST0031620,DECLINED,INSAGFFICIENT_NET_DISPOSABLE_INCOME,3.8267462858951e-07,4.701210519579216e-06,0.008046414676757957,0.0,0.0,0.0,0.0,0.0,0.0,24%
CUST0031652,DECLINED,INSAGFFICIENT_NET_DISPOSABLE_INCOME,3.8267462858951e-07,4.701210519579216e-06,0.008046414676757957,0.0,0.0,0.0,0.0,0.0,0.0,24%
CUST0031666,DECLINED,INSAGFFICIENT_NET_DISPOSABLE_INCOME,3.8267462858951e-07,4.701210519579216e-06,0.008046414676757957,0.0,0.0,0.0,0.0,0.0,0.0,24%
CUST0031735,DECLINED,INSAGFFICIENT_NET_DISPOSABLE_INCOME,3.8267462858951e-07,4.701210519579216e-06,0.008046414676757957,0.0,0.0,0.0,0.0,0.0,0.0,24%
CUST0031797,DECLINED,INSAGFFICIENT_NET_DISPOSABLE_INCOME,3.8267462858951e-07,4.701210519579216e-06,0.008046414676757957,0.0,0.0,0.0,0.0,0.0,0.0,24%
CUST0031864,DECLINED,INSAGFFICIENT_NET_DISPOSABLE_INCOME,3.8267462858951e-07,4.701210519579216e-06,0.008046414676757957,0.0,0.0,0.0,0.0,0.0,0.0,24%
CUST0031874,DECLINED,INSAGFFICIENT_NET_DISPOSABLE_INCOME,3.8267462858951e-07,4.701210519579216e-06,0.008046414676757957,0.0,0.0,0.0,0.0,0.0,0.0,24%
CUST0031877,DECLINED,INSAGFFICIENT_NET_DISPOSABLE_INCOME,3.8267462858951e-07,4.701210519579216e-06,0.008046414676757957,0.0,0.0,0.0,0.0,0.0,0.0,24%
CUST0031900,DECLINED,INSAGFFICIENT_NET_DISPOSABLE_INCOME,6497.862515633288,9933.06447277837,15818.25291075471,0.0,0.0,0.0,0.0,0.0,0.0,24%
CUST0031984,DECLINED,INSAGFFICIENT_NET_DISPOSABLE_INCOME,3.8267462858951e-07,4.701210519579216e-06,0.008046414676757957,0.0,0.0,0.0,0.0,0.0,0.0,24%
CUST0032057,DECLINED,INSAGFFICIENT_NET_DISPOSABLE_INCOME,3.8267462858951e-07,4.701210519579216e-06,0.008046414676757957,0.0,0.0,0.0,0.0,0.0,0.0,24%
CUST0032123,DECLINED,INSAGFFICIENT_NET_DISPOSABLE_INCOME,3.8267462858951e-07,4.701210519579216e-06,0.008046414676757957,0.0,0.0,0.0,0.0,0.0,0.0,24%
CUST0032127,DECLINED,INSAGFFICIENT_NET_DISPOSABLE_INCOME,3.8267462858951e-07,4.701210519579216e-06,0.008046414676757957,0.0,0.0,0.0,0.0,0.0,0.0,24%
CUST0032204,DECLINED,INSAGFFICIENT_NET_DISPOSABLE_INCOME,3.8267462858951e-07,4.701210519579216e-06,0.008046414676757957,0.0,0.0,0.0,0.0,0.0,0.0,24%
CUST0032241,DECLINED,INSAGFFICIENT_NET_DISPOSABLE_INCOME,3.8267462858951e-07,4.701210519579216e-06,0.008046414676757957,0.0,0.0,0.0,0.0,0.0,0.0,24%
CUST0032253,DECLINED,INSAGFFICIENT_NET_DISPOSABLE_INCOME,4862.19380981288,5085.253383279654,11566.818938767681,0.0,0.0,0.0,0.0,0.0,0.0,24%
CUST0032256,DECLINED,INSAGFFICIENT_NET_DISPOSABLE_INCOME,3.8267462858951e-07,4.701210519579216e-06,0.008046414676757957,0.0,0.0,0.0,0.0,0.0,0.0,24%
CUST0032260,DECLINED,INSAGFFICIENT_NET_DISPOSABLE_INCOME,3.8267462858951e-07,4.701210519579216e-06,0.008046414676757957,0.0,0.0,0.0,0.0,0.0,0.0,24%
CUST0032269,DECLINED,INSAGFFICIENT_NET_DISPOSABLE_INCOME,3.8267462858951e-07,4.701210519579216e-06,0.008046414676757957,0.0,0.0,0.0,0.0,0.0,0.0,24%
CUST0032304,DECLINED,INSAGFFICIENT_NET_DISPOSABLE_INCOME,3.8267462858951e-07,4.701210519579216e-06,0.008046414676757957,0.0,0.0,0.0,0.0,0.0,0.0,24%
CUST0032340,DECLINED,INSAGFFICIENT_NET_DISPOSABLE_INCOME,3.8267462858951e-07,4.701210519579216e-06,0.008046414676757957,0.0,0.0,0.0,0.0,0.0,0.0,24%
CUST0032406,DECLINED,INSAGFFICIENT_NET_DISPOSABLE_INCOME,3.8267462858951e-07,4.701210519579216e-06,0.008046414676757957,0.0,0.0,0.0,0.0,0.0,0.0,24%
CUST0032455,DECLINED,INSAGFFICIENT_NET_DISPOSABLE_INCOME,3.8267462858951e-07,4.701210519579216e-06,0.008046414676757957,0.0,0.0,0.0,0.0,0.0,0.0,24%
CUST0032478,DECLINED,INSAGFFICIENT_NET_DISPOSABLE_INCOME,3.8267462858951e-07,4.701210519579216e-06,0.008046414676757957,0.0,0.0,0.0,0.0,0.0,0.0,24%
CUST0032524,DECLINED,INSAGFFICIENT_NET_DISPOSABLE_INCOME,3.8267462858951e-07,4.701210519579216e-06,0.008046414676757957,0.0,0.0,0.0,0.0,0.0,0.0,24%
CUST0032534,DECLINED,INSAGFFICIENT_NET_DISPOSABLE_INCOME,3.8267462858951e-07,4.701210519579216e-06,0.008046414676757957,0.0,0.0,0.0,0.0,0.0,0.0,24%
CUST0032550,DECLINED,INSAGFFICIENT_NET_DISPOSABLE_INCOME,3.8267462858951e-07,4.701210519579216e-06,0.008046414676757957,0.0,0.0,0.0,0.0,0.0,0.0,24%
CUST0032555,DECLINED,INSAGFFICIENT_NET_DISPOSABLE_INCOME,3.8267462858951e-07,4.701210519579216e-06,0.008046414676757957,0.0,0.0,0.0,0.0,0.0,0.0,24%
CUST0032568,DECLINED,INSAGFFICIENT_NET_DISPOSABLE_INCOME,3.8267462858951e-07,4.701210519579216e-06,0.008046414676757957,0.0,0.0,0.0,0.0,0.0,0.0,24%
CUST0032586,DECLINED,INSAGFFICIENT_NET_DISPOSABLE_INCOME,3.8267462858951e-07,4.701210519579216e-06,0.008046414676757957,0.0,0.0,0.0,0.0,0.0,0.0,24%
CUST0032602,DECLINED,INSAGFFICIENT_NET_DISPOSABLE_INCOME,3.8267462858951e-07,4.701210519579216e-06,0.008046414676757957,0.0,0.0,0.0,0.0,0.0,0.0,24%
CUST0032609,DECLINED,INSAGFFICIENT_NET_DISPOSABLE_INCOME,3.8267462858951e-07,4.701210519579216e-06,0.008046414676757957,0.0,0.0,0.0,0.0,0.0,0.0,24%
CUST0032739,DECLINED,INSAGFFICIENT_NET_DISPOSABLE_INCOME,3.8267462858951e-07,4.701210519579216e-06,0.008046414676757957,0.0,0.0,0.0,0.0,0.0,0.0,24%
CUST0032934,DECLINED,INSAGFFICIENT_NET_DISPOSABLE_INCOME,3.8267462858951e-07,4.701210519579216e-06,0.008046414676757957,0.0,0.0,0.0,0.0,0.0,0.0,24%
CUST0033084,DECLINED,INSAGFFICIENT_NET_DISPOSABLE_INCOME,3.8267462858951e-07,4.701210519579216e-06,0.008046414676757957,0.0,0.0,0.0,0.0,0.0,0.0,24%
CUST0033117,DECLINED,INSAGFFICIENT_NET_DISPOSABLE_INCOME,3.8267462858951e-07,4.701210519579216e-06,0.008046414676757957,0.0,0.0,0.0,0.0,0.0,0.0,24%
CUST0033153,DECLINED,INSAGFFICIENT_NET_DISPOSABLE_INCOME,3.8267462858951e-07,4.701210519579216e-06,0.008046414676757957,0.0,0.0,0.0,0.0,0.0,0.0,24%
CUST0033196,DECLINED,INSAGFFICIENT_NET_DISPOSABLE_INCOME,3.8267462858951e-07,4.701210519579216e-06,0.008046414676757957,0.0,0.0,0.0,0.0,0.0,0.0,24%
CUST0033377,DECLINED,INSAGFFICIENT_NET_DISPOSABLE_INCOME,3.8267462858951e-07,4.701210519579216e-06,0.008046414676757957,0.0,0.0,0.0,0.0,0.0,0.0,24%
CUST0033388,DECLINED,INSAGFFICIENT_NET_DISPOSABLE_INCOME,3.8267462858951e-07,4.701210519579216e-06,0.008046414676757957,0.0,0.0,0.0,0.0,0.0,0.0,24%
CUST0033495,DECLINED,INSAGFFICIENT_NET_DISPOSABLE_INCOME,3.8267462858951e-07,4.701210519579216e-06,0.008046414676757957,0.0,0.0,0.0,0.0,0.0,0.0,24%
CUST0033531,DECLINED,INSAGFFICIENT_NET_DISPOSABLE_INCOME,6495.626740396821,8279.67717019357,14824.016227863058,0.0,0.0,0.0,0.0,0.0,0.0,24%
CUST0033712,DECLINED,INSAGFFICIENT_NET_DISPOSABLE_INCOME,3.8267462858951e-07,4.701210519579216e-06,0.008046414676757957,0.0,0.0,0.0,0.0,0.0,0.0,24%
CUST0033729,DECLINED,INSAGFFICIENT_NET_DISPOSABLE_INCOME,3.8267462858951e-07,4.701210519579216e-06,0.008046414676757957,0.0,0.0,0.0,0.0,0.0,0.0,24%
CUST0033764,DECLINED,INSAGFFICIENT_NET_DISPOSABLE_INCOME,3.8267462858951e-07,4.701210519579216e-06,0.008046414676757957,0.0,0.0,0.0,0.0,0.0,0.0,24%
CUST0033791,DECLINED,INSAGFFICIENT_NET_DISPOSABLE_INCOME,3.8267462858951e-07,4.701210519579216e-06,0.008046414676757957,0.0,0.0,0.0,0.0,0.0,0.0,24%
CUST0033899,DECLINED,INSAGFFICIENT_NET_DISPOSABLE_INCOME,3.8267462858951e-07,4.701210519579216e-06,0.008046414676757957,0.0,0.0,0.0,0.0,0.0,0.0,24%
CUST0033946,DECLINED,INSAGFFICIENT_NET_DISPOSABLE_INCOME,3.8267462858951e-07,4.701210519579216e-06,0.008046414676757957,0.0,0.0,0.0,0.0,0.0,0.0,24%
CUST0034020,DECLINED,INSAGFFICIENT_NET_DISPOSABLE_INCOME,3.8267462858951e-07,4.701210519579216e-06,0.008046414676757957,0.0,0.0,0.0,0.0,0.0,0.0,24%
CUST0034068,DECLINED,INSAGFFICIENT_NET_DISPOSABLE_INCOME,3.8267462858951e-07,4.701210519579216e-06,0.008046414676757957,0.0,0.0,0.0,0.0,0.0,0.0,24%
CUST0034103,DECLINED,INSAGFFICIENT_NET_DISPOSABLE_INCOME,3.8267462858951e-07,4.701210519579216e-06,0.008046414676757957,0.0,0.0,0.0,0.0,0.0,0.0,24%
CUST0034107,DECLINED,INSAGFFICIENT_NET_DISPOSABLE_INCOME,3.8267462858951e-07,4.701210519579216e-06,0.008046414676757957,0.0,0.0,0.0,0.0,0.0,0.0,24%
CUST0034208,DECLINED,INSAGFFICIENT_NET_DISPOSABLE_INCOME,3.8267462858951e-07,4.701210519579216e-06,0.008046414676757957,0.0,0.0,0.0,0.0,0.0,0.0,24%
CUST0034220,DECLINED,INSAGFFICIENT_NET_DISPOSABLE_INCOME,3.8267462858951e-07,4.701210519579216e-06,0.008046414676757957,0.0,0.0,0.0,0.0,0.0,0.0,24%
CUST0034229,DECLINED,INSAGFFICIENT_NET_DISPOSABLE_INCOME,3.8267462858951e-07,4.701210519579216e-06,0.008046414676757957,0.0,0.0,0.0,0.0,0.0,0.0,24%
CUST0034425,DECLINED,INSAGFFICIENT_NET_DISPOSABLE_INCOME,3.8267462858951e-07,4.701210519579216e-06,0.008046414676757957,0.0,0.0,0.0,0.0,0.0,0.0,24%
CUST0034488,DECLINED,INSAGFFICIENT_NET_DISPOSABLE_INCOME,3.8267462858951e-07,4.701210519579216e-06,0.008046414676757957,0.0,0.0,0.0,0.0,0.0,0.0,24%
CUST0034538,DECLINED,INSAGFFICIENT_NET_DISPOSABLE_INCOME,5159.383588641586,5523.017454389538,18420.354709841056,0.0,0.0,0.0,0.0,0.0,0.0,24%
CUST0034553,DECLINED,INSAGFFICIENT_NET_DISPOSABLE_INCOME,3.8267462858951e-07,4.701210519579216e-06,0.008046414676757957,0.0,0.0,0.0,0.0,0.0,0.0,24%
CUST0034688,DECLINED,INSAGFFICIENT_NET_DISPOSABLE_INCOME,5918.467964986894,6349.014332897952,13331.196782682884,0.0,0.0,0.0,0.0,0.0,0.0,24%
CUST0034703,DECLINED,INSAGFFICIENT_NET_DISPOSABLE_INCOME,5060.430248032053,5414.259829312991,12019.749895509754,0.0,0.0,0.0,0.0,0.0,0.0,24%
CUST0034722,DECLINED,INSAGFFICIENT_NET_DISPOSABLE_INCOME,3.8267462858951e-07,4.701210519579216e-06,0.008046414676757957,0.0,0.0,0.0,0.0,0.0,0.0,24%
CUST0034767,DECLINED,INSAGFFICIENT_NET_DISPOSABLE_INCOME,3.8267462858951e-07,4.701210519579216e-06,0.008046414676757957,0.0,0.0,0.0,0.0,0.0,0.0,24%
CUST0034839,DECLINED,INSAGFFICIENT_NET_DISPOSABLE_INCOME,3.8267462858951e-07,4.701210519579216e-06,0.008046414676757957,0.0,0.0,0.0,0.0,0.0,0.0,24%
CUST0034927,DECLINED,INSAGFFICIENT_NET_DISPOSABLE_INCOME,3.8267462858951e-07,4.701210519579216e-06,0.008046414676757957,0.0,0.0,0.0,0.0,0.0,0.0,24%
CUST0034934,DECLINED,INSAGFFICIENT_NET_DISPOSABLE_INCOME,3.8267462858951e-07,4.701210519579216e-06,0.008046414676757957,0.0,0.0,0.0,0.0,0.0,0.0,24%
CUST0034940,DECLINED,INSAGFFICIENT_NET_DISPOSABLE_INCOME,5699.708980472559,6094.447325676291,18740.220629369203,0.0,0.0,0.0,0.0,0.0,0.0,24%
CUST0035049,DECLINED,INSAGFFICIENT_NET_DISPOSABLE_INCOME,3.8267462858951e-07,4.701210519579216e-06,0.008046414676757957,0.0,0.0,0.0,0.0,0.0,0.0,24%
CUST0035205,DECLINED,INSAGFFICIENT_NET_DISPOSABLE_INCOME,3.8267462858951e-07,4.701210519579216e-06,0.008046414676757957,0.0,0.0,0.0,0.0,0.0,0.0,24%
CUST0035245,DECLINED,INSAGFFICIENT_NET_DISPOSABLE_INCOME,5167.881309170544,5280.389743529412,12581.564267660733,0.0,0.0,0.0,0.0,0.0,0.0,24%
CUST0035266,DECLINED,INSAGFFICIENT_NET_DISPOSABLE_INCOME,3.8267462858951e-07,4.701210519579216e-06,0.008046414676757957,0.0,0.0,0.0,0.0,0.0,0.0,24%
CUST0035331,DECLINED,INSAGFFICIENT_NET_DISPOSABLE_INCOME,5396.855183357937,5455.288265527064,12670.802096105555,0.0,0.0,0.0,0.0,0.0,0.0,24%
CUST0035456,DECLINED,INSAGFFICIENT_NET_DISPOSABLE_INCOME,3902.8171110397566,20106.97126991227,36163.55800138149,0.0,0.0,0.0,0.0,0.0,0.0,24%
CUST0035495,DECLINED,INSAGFFICIENT_NET_DISPOSABLE_INCOME,3.8267462858951e-07,4.701210519579216e-06,0.008046414676757957,0.0,0.0,0.0,0.0,0.0,0.0,24%
CUST0035522,DECLINED,INSAGFFICIENT_NET_DISPOSABLE_INCOME,3.8267462858951e-07,4.701210519579216e-06,0.008046414676757957,0.0,0.0,0.0,0.0,0.0,0.0,24%
CUST0035530,DECLINED,INSAGFFICIENT_NET_DISPOSABLE_INCOME,3.8267462858951e-07,4.701210519579216e-06,0.008046414676757957,0.0,0.0,0.0,0.0,0.0,0.0,24%
CUST0035632,DECLINED,INSAGFFICIENT_NET_DISPOSABLE_INCOME,3.8267462858951e-07,4.701210519579216e-06,0.008046414676757957,0.0,0.0,0.0,0.0,0.0,0.0,24%
CUST0035643,DECLINED,INSAGFFICIENT_NET_DISPOSABLE_INCOME,3.8267462858951e-07,4.701210519579216e-06,0.008046414676757957,0.0,0.0,0.0,0.0,0.0,0.0,24%
CUST0035723,DECLINED,INSAGFFICIENT_NET_DISPOSABLE_INCOME,3.8267462858951e-07,4.701210519579216e-06,0.008046414676757957,0.0,0.0,0.0,0.0,0.0,0.0,24%
CUST0035737,DECLINED,INSAGFFICIENT_NET_DISPOSABLE_INCOME,3.8267462858951e-07,4.701210519579216e-06,0.008046414676757957,0.0,0.0,0.0,0.0,0.0,0.0,24%
CUST0035766,DECLINED,INSAGFFICIENT_NET_DISPOSABLE_INCOME,3.8267462858951e-07,4.701210519579216e-06,0.008046414676757957,0.0,0.0,0.0,0.0,0.0,0.0,24%
CUST0035778,DECLINED,INSAGFFICIENT_NET_DISPOSABLE_INCOME,3.8267462858951e-07,4.701210519579216e-06,0.008046414676757957,0.0,0.0,0.0,0.0,0.0,0.0,24%
CUST0035800,DECLINED,INSAGFFICIENT_NET_DISPOSABLE_INCOME,3.8267462858951e-07,4.701210519579216e-06,0.008046414676757957,0.0,0.0,0.0,0.0,0.0,0.0,24%
CUST0035866,DECLINED,INSAGFFICIENT_NET_DISPOSABLE_INCOME,3.8267462858951e-07,4.701210519579216e-06,0.008046414676757957,0.0,0.0,0.0,0.0,0.0,0.0,24%
CUST0035954,DECLINED,INSAGFFICIENT_NET_DISPOSABLE_INCOME,3.8267462858951e-07,4.701210519579216e-06,0.008046414676757957,0.0,0.0,0.0,0.0,0.0,0.0,24%
CUST0036071,DECLINED,INSAGFFICIENT_NET_DISPOSABLE_INCOME,3.8267462858951e-07,4.701210519579216e-06,0.008046414676757957,0.0,0.0,0.0,0.0,0.0,0.0,24%
CUST0036120,DECLINED,INSAGFFICIENT_NET_DISPOSABLE_INCOME,3.8267462858951e-07,4.701210519579216e-06,0.008046414676757957,0.0,0.0,0.0,0.0,0.0,0.0,24%
CUST0036171,DECLINED,INSAGFFICIENT_NET_DISPOSABLE_INCOME,3.8267462858951e-07,4.701210519579216e-06,0.008046414676757957,0.0,0.0,0.0,0.0,0.0,0.0,24%
CUST0036270,DECLINED,INSAGFFICIENT_NET_DISPOSABLE_INCOME,3.8267462858951e-07,4.701210519579216e-06,0.008046414676757957,0.0,0.0,0.0,0.0,0.0,0.0,24%
CUST0036318,DECLINED,INSAGFFICIENT_NET_DISPOSABLE_INCOME,3.8267462858951e-07,4.701210519579216e-06,0.008046414676757957,0.0,0.0,0.0,0.0,0.0,0.0,24%
CUST0036351,DECLINED,INSAGFFICIENT_NET_DISPOSABLE_INCOME,3.8267462858951e-07,4.701210519579216e-06,0.008046414676757957,0.0,0.0,0.0,0.0,0.0,0.0,24%
CUST0036467,DECLINED,INSAGFFICIENT_NET_DISPOSABLE_INCOME,3.8267462858951e-07,4.701210519579216e-06,0.008046414676757957,0.0,0.0,0.0,0.0,0.0,0.0,24%
CUST0036511,DECLINED,INSAGFFICIENT_NET_DISPOSABLE_INCOME,6497.862515633288,9921.85648265757,15818.25291075471,0.0,0.0,0.0,0.0,0.0,0.0,24%
CUST0036548,DECLINED,INSAGFFICIENT_NET_DISPOSABLE_INCOME,3.8267462858951e-07,4.701210519579216e-06,0.008046414676757957,0.0,0.0,0.0,0.0,0.0,0.0,24%
CUST0036556,DECLINED,INSAGFFICIENT_NET_DISPOSABLE_INCOME,6194.35105741151,6532.805658059494,18494.104194450156,0.0,0.0,0.0,0.0,0.0,0.0,24%
CUST0036565,DECLINED,INSAGFFICIENT_NET_DISPOSABLE_INCOME,3.8267462858951e-07,4.701210519579216e-06,0.008046414676757957,0.0,0.0,0.0,0.0,0.0,0.0,24%
CUST0036773,DECLINED,INSAGFFICIENT_NET_DISPOSABLE_INCOME,3.8267462858951e-07,4.701210519579216e-06,0.008046414676757957,0.0,0.0,0.0,0.0,0.0,0.0,24%
CUST0036940,DECLINED,INSAGFFICIENT_NET_DISPOSABLE_INCOME,3.8267462858951e-07,4.701210519579216e-06,0.008046414676757957,0.0,0.0,0.0,0.0,0.0,0.0,24%
CUST0036952,DECLINED,INSAGFFICIENT_NET_DISPOSABLE_INCOME,3.8267462858951e-07,4.701210519579216e-06,0.008046414676757957,0.0,0.0,0.0,0.0,0.0,0.0,24%
CUST0036970,DECLINED,INSAGFFICIENT_NET_DISPOSABLE_INCOME,3.8267462858951e-07,4.701210519579216e-06,0.008046414676757957,0.0,0.0,0.0,0.0,0.0,0.0,24%
CUST0036998,DECLINED,INSAGFFICIENT_NET_DISPOSABLE_INCOME,3.8267462858951e-07,4.701210519579216e-06,0.008046414676757957,0.0,0.0,0.0,0.0,0.0,0.0,24%
CUST0037095,DECLINED,INSAGFFICIENT_NET_DISPOSABLE_INCOME,4997.420202001124,5311.04140753983,18300.078860135778,0.0,0.0,0.0,0.0,0.0,0.0,24%
CUST0037146,DECLINED,INSAGFFICIENT_NET_DISPOSABLE_INCOME,3.8267462858951e-07,4.701210519579216e-06,0.008046414676757957,0.0,0.0,0.0,0.0,0.0,0.0,24%
CUST0037150,DECLINED,INSAGFFICIENT_NET_DISPOSABLE_INCOME,3.8267462858951e-07,4.701210519579216e-06,0.008046414676757957,0.0,0.0,0.0,0.0,0.0,0.0,24%
CUST0037325,DECLINED,INSAGFFICIENT_NET_DISPOSABLE_INCOME,3.8267462858951e-07,4.701210519579216e-06,0.008046414676757957,0.0,0.0,0.0,0.0,0.0,0.0,24%
CUST0037338,DECLINED,INSAGFFICIENT_NET_DISPOSABLE_INCOME,3.8267462858951e-07,4.701210519579216e-06,0.008046414676757957,0.0,0.0,0.0,0.0,0.0,0.0,24%
CUST0037387,DECLINED,INSAGFFICIENT_NET_DISPOSABLE_INCOME,3.8267462858951e-07,4.701210519579216e-06,0.008046414676757957,0.0,0.0,0.0,0.0,0.0,0.0,24%
CUST0037461,DECLINED,INSAGFFICIENT_NET_DISPOSABLE_INCOME,3.8267462858951e-07,4.701210519579216e-06,0.008046414676757957,0.0,0.0,0.0,0.0,0.0,0.0,24%
CUST0037557,DECLINED,INSAGFFICIENT_NET_DISPOSABLE_INCOME,3.8267462858951e-07,4.701210519579216e-06,0.008046414676757957,0.0,0.0,0.0,0.0,0.0,0.0,24%
CUST0037746,DECLINED,INSAGFFICIENT_NET_DISPOSABLE_INCOME,3902.8171110397566,20106.97126991227,36163.55800138149,0.0,0.0,0.0,0.0,0.0,0.0,24%
CUST0037766,DECLINED,INSAGFFICIENT_NET_DISPOSABLE_INCOME,3.8267462858951e-07,4.701210519579216e-06,0.008046414676757957,0.0,0.0,0.0,0.0,0.0,0.0,24%
CUST0037773,DECLINED,INSAGFFICIENT_NET_DISPOSABLE_INCOME,3.8267462858951e-07,4.701210519579216e-06,0.008046414676757957,0.0,0.0,0.0,0.0,0.0,0.0,24%
CUST0037777,DECLINED,INSAGFFICIENT_NET_DISPOSABLE_INCOME,3.8267462858951e-07,4.701210519579216e-06,0.008046414676757957,0.0,0.0,0.0,0.0,0.0,0.0,24%
CUST0037793,DECLINED,INSAGFFICIENT_NET_DISPOSABLE_INCOME,3.8267462858951e-07,4.701210519579216e-06,0.008046414676757957,0.0,0.0,0.0,0.0,0.0,0.0,24%
CUST0037804,DECLINED,INSAGFFICIENT_NET_DISPOSABLE_INCOME,3.8267462858951e-07,4.701210519579216e-06,0.008046414676757957,0.0,0.0,0.0,0.0,0.0,0.0,24%
CUST0037852,DECLINED,INSAGFFICIENT_NET_DISPOSABLE_INCOME,3.8267462858951e-07,4.701210519579216e-06,0.008046414676757957,0.0,0.0,0.0,0.0,0.0,0.0,24%
CUST0037866,DECLINED,INSAGFFICIENT_NET_DISPOSABLE_INCOME,3.8267462858951e-07,4.701210519579216e-06,0.008046414676757957,0.0,0.0,0.0,0.0,0.0,0.0,24%
CUST0037943,DECLINED,INSAGFFICIENT_NET_DISPOSABLE_INCOME,3.8267462858951e-07,4.701210519579216e-06,0.008046414676757957,0.0,0.0,0.0,0.0,0.0,0.0,24%
CUST0037953,DECLINED,INSAGFFICIENT_NET_DISPOSABLE_INCOME,3.8267462858951e-07,4.701210519579216e-06,0.008046414676757957,0.0,0.0,0.0,0.0,0.0,0.0,24%
CUST0037982,DECLINED,INSAGFFICIENT_NET_DISPOSABLE_INCOME,3.8267462858951e-07,4.701210519579216e-06,0.008046414676757957,0.0,0.0,0.0,0.0,0.0,0.0,24%
CUST0038060,DECLINED,INSAGFFICIENT_NET_DISPOSABLE_INCOME,3.8267462858951e-07,4.701210519579216e-06,0.008046414676757957,0.0,0.0,0.0,0.0,0.0,0.0,24%
CUST0038090,DECLINED,INSAGFFICIENT_NET_DISPOSABLE_INCOME,3.8267462858951e-07,4.701210519579216e-06,0.008046414676757957,0.0,0.0,0.0,0.0,0.0,0.0,24%
CUST0038215,DECLINED,INSAGFFICIENT_NET_DISPOSABLE_INCOME,3.8267462858951e-07,4.701210519579216e-06,0.008046414676757957,0.0,0.0,0.0,0.0,0.0,0.0,24%
CUST0038298,DECLINED,INSAGFFICIENT_NET_DISPOSABLE_INCOME,3.8267462858951e-07,4.701210519579216e-06,0.008046414676757957,0.0,0.0,0.0,0.0,0.0,0.0,24%
CUST0038335,DECLINED,INSAGFFICIENT_NET_DISPOSABLE_INCOME,3.8267462858951e-07,4.701210519579216e-06,0.008046414676757957,0.0,0.0,0.0,0.0,0.0,0.0,24%
CUST0038556,DECLINED,INSAGFFICIENT_NET_DISPOSABLE_INCOME,3.8267462858951e-07,4.701210519579216e-06,0.008046414676757957,0.0,0.0,0.0,0.0,0.0,0.0,24%
CUST0038627,DECLINED,INSAGFFICIENT_NET_DISPOSABLE_INCOME,3.8267462858951e-07,4.701210519579216e-06,0.008046414676757957,0.0,0.0,0.0,0.0,0.0,0.0,24%
CUST0038711,DECLINED,INSAGFFICIENT_NET_DISPOSABLE_INCOME,3.8267462858951e-07,4.701210519579216e-06,0.008046414676757957,0.0,0.0,0.0,0.0,0.0,0.0,24%
CUST0038796,DECLINED,INSAGFFICIENT_NET_DISPOSABLE_INCOME,3.8267462858951e-07,4.701210519579216e-06,0.008046414676757957,0.0,0.0,0.0,0.0,0.0,0.0,24%
CUST0038874,DECLINED,INSAGFFICIENT_NET_DISPOSABLE_INCOME,3.8267462858951e-07,4.701210519579216e-06,0.008046414676757957,0.0,0.0,0.0,0.0,0.0,0.0,24%
CUST0038968,DECLINED,INSAGFFICIENT_NET_DISPOSABLE_INCOME,3.8267462858951e-07,4.701210519579216e-06,0.008046414676757957,0.0,0.0,0.0,0.0,0.0,0.0,24%
CUST0038971,DECLINED,INSAGFFICIENT_NET_DISPOSABLE_INCOME,3.8267462858951e-07,4.701210519579216e-06,0.008046414676757957,0.0,0.0,0.0,0.0,0.0,0.0,24%
CUST0039009,DECLINED,INSAGFFICIENT_NET_DISPOSABLE_INCOME,3.8267462858951e-07,4.701210519579216e-06,0.008046414676757957,0.0,0.0,0.0,0.0,0.0,0.0,24%
CUST0039071,DECLINED,INSAGFFICIENT_NET_DISPOSABLE_INCOME,6554.873696090279,7177.693254514146,18506.716335950106,0.0,0.0,0.0,0.0,0.0,0.0,24%
CUST0039106,DECLINED,INSAGFFICIENT_NET_DISPOSABLE_INCOME,3.8267462858951e-07,4.701210519579216e-06,0.008046414676757957,0.0,0.0,0.0,0.0,0.0,0.0,24%
CUST0039118,DECLINED,INSAGFFICIENT_NET_DISPOSABLE_INCOME,3.8267462858951e-07,4.701210519579216e-06,0.008046414676757957,0.0,0.0,0.0,0.0,0.0,0.0,24%
CUST0039296,DECLINED,INSAGFFICIENT_NET_DISPOSABLE_INCOME,3.8267462858951e-07,4.701210519579216e-06,0.008046414676757957,0.0,0.0,0.0,0.0,0.0,0.0,24%
CUST0039335,DECLINED,INSAGFFICIENT_NET_DISPOSABLE_INCOME,3.8267462858951e-07,4.701210519579216e-06,0.008046414676757957,0.0,0.0,0.0,0.0,0.0,0.0,24%
CUST0039432,DECLINED,INSAGFFICIENT_NET_DISPOSABLE_INCOME,3.8267462858951e-07,4.701210519579216e-06,0.008046414676757957,0.0,0.0,0.0,0.0,0.0,0.0,24%
CUST0039449,DECLINED,INSAGFFICIENT_NET_DISPOSABLE_INCOME,3.8267462858951e-07,4.701210519579216e-06,0.008046414676757957,0.0,0.0,0.0,0.0,0.0,0.0,24%
CUST0039468,DECLINED,INSAGFFICIENT_NET_DISPOSABLE_INCOME,3.8267462858951e-07,4.701210519579216e-06,0.008046414676757957,0.0,0.0,0.0,0.0,0.0,0.0,24%
CUST0039497,DECLINED,INSAGFFICIENT_NET_DISPOSABLE_INCOME,3.8267462858951e-07,4.701210519579216e-06,0.008046414676757957,0.0,0.0,0.0,0.0,0.0,0.0,24%
CUST0039500,DECLINED,INSAGFFICIENT_NET_DISPOSABLE_INCOME,3902.8171110397566,20106.97126991227,36163.55800138149,0.0,0.0,0.0,0.0,0.0,0.0,24%
CUST0039577,DECLINED,INSAGFFICIENT_NET_DISPOSABLE_INCOME,3.8267462858951e-07,4.701210519579216e-06,0.008046414676757957,0.0,0.0,0.0,0.0,0.0,0.0,24%
CUST0039778,DECLINED,INSAGFFICIENT_NET_DISPOSABLE_INCOME,6523.603822204501,7424.444616883712,21791.833427146074,0.0,0.0,0.0,0.0,0.0,0.0,24%
CUST0039786,DECLINED,INSAGFFICIENT_NET_DISPOSABLE_INCOME,3.8267462858951e-07,4.701210519579216e-06,0.008046414676757957,0.0,0.0,0.0,0.0,0.0,0.0,24%
CUST0039811,DECLINED,INSAGFFICIENT_NET_DISPOSABLE_INCOME,3.8267462858951e-07,4.701210519579216e-06,0.008046414676757957,0.0,0.0,0.0,0.0,0.0,0.0,24%
CUST0039813,DECLINED,INSAGFFICIENT_NET_DISPOSABLE_INCOME,3.8267462858951e-07,4.701210519579216e-06,0.008046414676757957,0.0,0.0,0.0,0.0,0.0,0.0,24%
CUST0039830,DECLINED,INSAGFFICIENT_NET_DISPOSABLE_INCOME,3.8267462858951e-07,4.701210519579216e-06,0.008046414676757957,0.0,0.0,0.0,0.0,0.0,0.0,24%
CUST0039834,DECLINED,INSAGFFICIENT_NET_DISPOSABLE_INCOME,3.8267462858951e-07,4.701210519579216e-06,0.008046414676757957,0.0,0.0,0.0,0.0,0.0,0.0,24%
CUST0039919,DECLINED,INSAGFFICIENT_NET_DISPOSABLE_INCOME,3.8267462858951e-07,4.701210519579216e-06,0.008046414676757957,0.0,0.0,0.0,0.0,0.0,0.0,24%
CUST0040018,DECLINED,INSAGFFICIENT_NET_DISPOSABLE_INCOME,3902.8171110397566,20106.97126991227,36163.55800138149,0.0,0.0,0.0,0.0,0.0,0.0,24%
CUST0040076,DECLINED,INSAGFFICIENT_NET_DISPOSABLE_INCOME,5995.674964652783,6143.544484133147,19069.80018210843,0.0,0.0,0.0,0.0,0.0,0.0,24%
CUST0040119,DECLINED,INSAGFFICIENT_NET_DISPOSABLE_INCOME,3.8267462858951e-07,4.701210519579216e-06,0.008046414676757957,0.0,0.0,0.0,0.0,0.0,0.0,24%
CUST0040154,DECLINED,INSAGFFICIENT_NET_DISPOSABLE_INCOME,3.8267462858951e-07,4.701210519579216e-06,0.008046414676757957,0.0,0.0,0.0,0.0,0.0,0.0,24%
CUST0040203,DECLINED,INSAGFFICIENT_NET_DISPOSABLE_INCOME,3.8267462858951e-07,4.701210519579216e-06,0.008046414676757957,0.0,0.0,0.0,0.0,0.0,0.0,24%
CUST0040230,DECLINED,INSAGFFICIENT_NET_DISPOSABLE_INCOME,3902.8171110397566,20106.97126991227,36163.55800138149,0.0,0.0,0.0,0.0,0.0,0.0,24%
CUST0040266,DECLINED,INSAGFFICIENT_NET_DISPOSABLE_INCOME,3.8267462858951e-07,4.701210519579216e-06,0.008046414676757957,0.0,0.0,0.0,0.0,0.0,0.0,24%
CUST0040413,DECLINED,INSAGFFICIENT_NET_DISPOSABLE_INCOME,3.8267462858951e-07,4.701210519579216e-06,0.008046414676757957,0.0,0.0,0.0,0.0,0.0,0.0,24%
CUST0040502,DECLINED,INSAGFFICIENT_NET_DISPOSABLE_INCOME,3.8267462858951e-07,4.701210519579216e-06,0.008046414676757957,0.0,0.0,0.0,0.0,0.0,0.0,24%
CUST0040504,DECLINED,INSAGFFICIENT_NET_DISPOSABLE_INCOME,3.8267462858951e-07,4.701210519579216e-06,0.008046414676757957,0.0,0.0,0.0,0.0,0.0,0.0,24%
CUST0040558,DECLINED,INSAGFFICIENT_NET_DISPOSABLE_INCOME,3.8267462858951e-07,4.701210519579216e-06,0.008046414676757957,0.0,0.0,0.0,0.0,0.0,0.0,24%
CUST0040560,DECLINED,INSAGFFICIENT_NET_DISPOSABLE_INCOME,3.8267462858951e-07,4.701210519579216e-06,0.008046414676757957,0.0,0.0,0.0,0.0,0.0,0.0,24%
CUST0040621,DECLINED,INSAGFFICIENT_NET_DISPOSABLE_INCOME,3.8267462858951e-07,4.701210519579216e-06,0.008046414676757957,0.0,0.0,0.0,0.0,0.0,0.0,24%
CUST0040628,DECLINED,INSAGFFICIENT_NET_DISPOSABLE_INCOME,3.8267462858951e-07,4.701210519579216e-06,0.008046414676757957,0.0,0.0,0.0,0.0,0.0,0.0,24%
CUST0040784,DECLINED,INSAGFFICIENT_NET_DISPOSABLE_INCOME,3.8267462858951e-07,4.701210519579216e-06,0.008046414676757957,0.0,0.0,0.0,0.0,0.0,0.0,24%
CUST0040805,DECLINED,INSAGFFICIENT_NET_DISPOSABLE_INCOME,3.8267462858951e-07,4.701210519579216e-06,0.008046414676757957,0.0,0.0,0.0,0.0,0.0,0.0,24%
CUST0040843,DECLINED,INSAGFFICIENT_NET_DISPOSABLE_INCOME,3.8267462858951e-07,4.701210519579216e-06,0.008046414676757957,0.0,0.0,0.0,0.0,0.0,0.0,24%
CUST0040856,DECLINED,INSAGFFICIENT_NET_DISPOSABLE_INCOME,3.8267462858951e-07,4.701210519579216e-06,0.008046414676757957,0.0,0.0,0.0,0.0,0.0,0.0,24%
CUST0040887,DECLINED,INSAGFFICIENT_NET_DISPOSABLE_INCOME,3.8267462858951e-07,4.701210519579216e-06,0.008046414676757957,0.0,0.0,0.0,0.0,0.0,0.0,24%
CUST0040930,DECLINED,INSAGFFICIENT_NET_DISPOSABLE_INCOME,3.8267462858951e-07,4.701210519579216e-06,0.008046414676757957,0.0,0.0,0.0,0.0,0.0,0.0,24%
CUST0040986,DECLINED,INSAGFFICIENT_NET_DISPOSABLE_INCOME,3.8267462858951e-07,4.701210519579216e-06,0.008046414676757957,0.0,0.0,0.0,0.0,0.0,0.0,24%
CUST0041093,DECLINED,INSAGFFICIENT_NET_DISPOSABLE_INCOME,3.8267462858951e-07,4.701210519579216e-06,0.008046414676757957,0.0,0.0,0.0,0.0,0.0,0.0,24%
CUST0041161,DECLINED,INSAGFFICIENT_NET_DISPOSABLE_INCOME,3.8267462858951e-07,4.701210519579216e-06,0.008046414676757957,0.0,0.0,0.0,0.0,0.0,0.0,24%
CUST0041193,DECLINED,INSAGFFICIENT_NET_DISPOSABLE_INCOME,3.8267462858951e-07,4.701210519579216e-06,0.008046414676757957,0.0,0.0,0.0,0.0,0.0,0.0,24%
CUST0041217,DECLINED,INSAGFFICIENT_NET_DISPOSABLE_INCOME,3.8267462858951e-07,4.701210519579216e-06,0.008046414676757957,0.0,0.0,0.0,0.0,0.0,0.0,24%
CUST0041235,DECLINED,INSAGFFICIENT_NET_DISPOSABLE_INCOME,4738.80097831599,5126.366408016276,18344.490337707197,0.0,0.0,0.0,0.0,0.0,0.0,24%
CUST0041333,DECLINED,INSAGFFICIENT_NET_DISPOSABLE_INCOME,3.8267462858951e-07,4.701210519579216e-06,0.008046414676757957,0.0,0.0,0.0,0.0,0.0,0.0,24%
CUST0041402,DECLINED,INSAGFFICIENT_NET_DISPOSABLE_INCOME,3.8267462858951e-07,4.701210519579216e-06,0.008046414676757957,0.0,0.0,0.0,0.0,0.0,0.0,24%
CUST0041424,DECLINED,INSAGFFICIENT_NET_DISPOSABLE_INCOME,3.8267462858951e-07,4.701210519579216e-06,0.008046414676757957,0.0,0.0,0.0,0.0,0.0,0.0,24%
CUST0041478,DECLINED,INSAGFFICIENT_NET_DISPOSABLE_INCOME,3.8267462858951e-07,4.701210519579216e-06,0.008046414676757957,0.0,0.0,0.0,0.0,0.0,0.0,24%
CUST0041501,DECLINED,INSAGFFICIENT_NET_DISPOSABLE_INCOME,3.8267462858951e-07,4.701210519579216e-06,0.008046414676757957,0.0,0.0,0.0,0.0,0.0,0.0,24%
CUST0041527,DECLINED,INSAGFFICIENT_NET_DISPOSABLE_INCOME,3.8267462858951e-07,4.701210519579216e-06,0.008046414676757957,0.0,0.0,0.0,0.0,0.0,0.0,24%
CUST0041725,DECLINED,INSAGFFICIENT_NET_DISPOSABLE_INCOME,3.8267462858951e-07,4.701210519579216e-06,0.008046414676757957,0.0,0.0,0.0,0.0,0.0,0.0,24%
CUST0041755,DECLINED,INSAGFFICIENT_NET_DISPOSABLE_INCOME,3.8267462858951e-07,4.701210519579216e-06,0.008046414676757957,0.0,0.0,0.0,0.0,0.0,0.0,24%
CUST0041833,DECLINED,INSAGFFICIENT_NET_DISPOSABLE_INCOME,3.8267462858951e-07,4.701210519579216e-06,0.008046414676757957,0.0,0.0,0.0,0.0,0.0,0.0,24%
CUST0041837,DECLINED,INSAGFFICIENT_NET_DISPOSABLE_INCOME,6465.333350377664,7268.123259153133,13963.063272341318,0.0,0.0,0.0,0.0,0.0,0.0,24%
CUST0041911,DECLINED,INSAGFFICIENT_NET_DISPOSABLE_INCOME,3.8267462858951e-07,4.701210519579216e-06,0.008046414676757957,0.0,0.0,0.0,0.0,0.0,0.0,24%
CUST0041916,DECLINED,INSAGFFICIENT_NET_DISPOSABLE_INCOME,3.8267462858951e-07,4.701210519579216e-06,0.008046414676757957,0.0,0.0,0.0,0.0,0.0,0.0,24%
CUST0042017,DECLINED,INSAGFFICIENT_NET_DISPOSABLE_INCOME,3.8267462858951e-07,4.701210519579216e-06,0.008046414676757957,0.0,0.0,0.0,0.0,0.0,0.0,24%
CUST0042157,DECLINED,INSAGFFICIENT_NET_DISPOSABLE_INCOME,3.8267462858951e-07,4.701210519579216e-06,0.008046414676757957,0.0,0.0,0.0,0.0,0.0,0.0,24%
CUST0042174,DECLINED,INSAGFFICIENT_NET_DISPOSABLE_INCOME,3.8267462858951e-07,4.701210519579216e-06,0.008046414676757957,0.0,0.0,0.0,0.0,0.0,0.0,24%
CUST0042175,DECLINED,INSAGFFICIENT_NET_DISPOSABLE_INCOME,3.8267462858951e-07,4.701210519579216e-06,0.008046414676757957,0.0,0.0,0.0,0.0,0.0,0.0,24%
CUST0042194,DECLINED,INSAGFFICIENT_NET_DISPOSABLE_INCOME,3.8267462858951e-07,4.701210519579216e-06,0.008046414676757957,0.0,0.0,0.0,0.0,0.0,0.0,24%
CUST0042198,DECLINED,INSAGFFICIENT_NET_DISPOSABLE_INCOME,3.8267462858951e-07,4.701210519579216e-06,0.008046414676757957,0.0,0.0,0.0,0.0,0.0,0.0,24%
CUST0042213,DECLINED,INSAGFFICIENT_NET_DISPOSABLE_INCOME,3.8267462858951e-07,4.701210519579216e-06,0.008046414676757957,0.0,0.0,0.0,0.0,0.0,0.0,24%
CUST0042231,DECLINED,INSAGFFICIENT_NET_DISPOSABLE_INCOME,3902.8171110397566,20106.97126991227,36163.55800138149,0.0,0.0,0.0,0.0,0.0,0.0,24%
CUST0042261,DECLINED,INSAGFFICIENT_NET_DISPOSABLE_INCOME,3.8267462858951e-07,4.701210519579216e-06,0.008046414676757957,0.0,0.0,0.0,0.0,0.0,0.0,24%
CUST0042265,DECLINED,INSAGFFICIENT_NET_DISPOSABLE_INCOME,3.8267462858951e-07,4.701210519579216e-06,0.008046414676757957,0.0,0.0,0.0,0.0,0.0,0.0,24%
CUST0042293,DECLINED,INSAGFFICIENT_NET_DISPOSABLE_INCOME,3.8267462858951e-07,4.701210519579216e-06,0.008046414676757957,0.0,0.0,0.0,0.0,0.0,0.0,24%
CUST0042317,DECLINED,INSAGFFICIENT_NET_DISPOSABLE_INCOME,3.8267462858951e-07,4.701210519579216e-06,0.008046414676757957,0.0,0.0,0.0,0.0,0.0,0.0,24%
CUST0042351,DECLINED,INSAGFFICIENT_NET_DISPOSABLE_INCOME,3.8267462858951e-07,4.701210519579216e-06,0.008046414676757957,0.0,0.0,0.0,0.0,0.0,0.0,24%
CUST0042390,DECLINED,INSAGFFICIENT_NET_DISPOSABLE_INCOME,3.8267462858951e-07,4.701210519579216e-06,0.008046414676757957,0.0,0.0,0.0,0.0,0.0,0.0,24%
CUST0042438,DECLINED,INSAGFFICIENT_NET_DISPOSABLE_INCOME,5399.001664035501,5453.83197508633,12628.098065761304,0.0,0.0,0.0,0.0,0.0,0.0,24%
CUST0042497,DECLINED,INSAGFFICIENT_NET_DISPOSABLE_INCOME,3.8267462858951e-07,4.701210519579216e-06,0.008046414676757957,0.0,0.0,0.0,0.0,0.0,0.0,24%
CUST0042579,DECLINED,INSAGFFICIENT_NET_DISPOSABLE_INCOME,3.8267462858951e-07,4.701210519579216e-06,0.008046414676757957,0.0,0.0,0.0,0.0,0.0,0.0,24%
CUST0042598,DECLINED,INSAGFFICIENT_NET_DISPOSABLE_INCOME,3.8267462858951e-07,4.701210519579216e-06,0.008046414676757957,0.0,0.0,0.0,0.0,0.0,0.0,24%
CUST0042604,DECLINED,INSAGFFICIENT_NET_DISPOSABLE_INCOME,3.8267462858951e-07,4.701210519579216e-06,0.008046414676757957,0.0,0.0,0.0,0.0,0.0,0.0,24%
CUST0042609,DECLINED,INSAGFFICIENT_NET_DISPOSABLE_INCOME,3.8267462858951e-07,4.701210519579216e-06,0.008046414676757957,0.0,0.0,0.0,0.0,0.0,0.0,24%
CUST0042610,DECLINED,INSAGFFICIENT_NET_DISPOSABLE_INCOME,3.8267462858951e-07,4.701210519579216e-06,0.008046414676757957,0.0,0.0,0.0,0.0,0.0,0.0,24%
CUST0042678,DECLINED,INSAGFFICIENT_NET_DISPOSABLE_INCOME,3.8267462858951e-07,4.701210519579216e-06,0.008046414676757957,0.0,0.0,0.0,0.0,0.0,0.0,24%
CUST0042698,DECLINED,INSAGFFICIENT_NET_DISPOSABLE_INCOME,3.8267462858951e-07,4.701210519579216e-06,0.008046414676757957,0.0,0.0,0.0,0.0,0.0,0.0,24%
CUST0042759,DECLINED,INSAGFFICIENT_NET_DISPOSABLE_INCOME,3.8267462858951e-07,4.701210519579216e-06,0.008046414676757957,0.0,0.0,0.0,0.0,0.0,0.0,24%
CUST0042773,DECLINED,INSAGFFICIENT_NET_DISPOSABLE_INCOME,3.8267462858951e-07,4.701210519579216e-06,0.008046414676757957,0.0,0.0,0.0,0.0,0.0,0.0,24%
CUST0042856,DECLINED,INSAGFFICIENT_NET_DISPOSABLE_INCOME,3.8267462858951e-07,4.701210519579216e-06,0.008046414676757957,0.0,0.0,0.0,0.0,0.0,0.0,24%
CUST0042931,DECLINED,INSAGFFICIENT_NET_DISPOSABLE_INCOME,6526.567875191743,7221.677749641114,18218.26944282111,0.0,0.0,0.0,0.0,0.0,0.0,24%
CUST0042991,DECLINED,INSAGFFICIENT_NET_DISPOSABLE_INCOME,3.8267462858951e-07,4.701210519579216e-06,0.008046414676757957,0.0,0.0,0.0,0.0,0.0,0.0,24%
CUST0043033,DECLINED,INSAGFFICIENT_NET_DISPOSABLE_INCOME,3.8267462858951e-07,4.701210519579216e-06,0.008046414676757957,0.0,0.0,0.0,0.0,0.0,0.0,24%
CUST0043097,DECLINED,INSAGFFICIENT_NET_DISPOSABLE_INCOME,3.8267462858951e-07,4.701210519579216e-06,0.008046414676757957,0.0,0.0,0.0,0.0,0.0,0.0,24%
CUST0043123,DECLINED,INSAGFFICIENT_NET_DISPOSABLE_INCOME,3.8267462858951e-07,4.701210519579216e-06,0.008046414676757957,0.0,0.0,0.0,0.0,0.0,0.0,24%
CUST0043137,DECLINED,INSAGFFICIENT_NET_DISPOSABLE_INCOME,3.8267462858951e-07,4.701210519579216e-06,0.008046414676757957,0.0,0.0,0.0,0.0,0.0,0.0,24%
CUST0043233,DECLINED,INSAGFFICIENT_NET_DISPOSABLE_INCOME,3902.8171110397566,20106.97126991227,36163.55800138149,0.0,0.0,0.0,0.0,0.0,0.0,24%
CUST0043237,DECLINED,INSAGFFICIENT_NET_DISPOSABLE_INCOME,6579.22590336291,6873.980034946827,18538.973539625702,0.0,0.0,0.0,0.0,0.0,0.0,24%
CUST0043270,DECLINED,INSAGFFICIENT_NET_DISPOSABLE_INCOME,3.8267462858951e-07,4.701210519579216e-06,0.008046414676757957,0.0,0.0,0.0,0.0,0.0,0.0,24%
CUST0043296,DECLINED,INSAGFFICIENT_NET_DISPOSABLE_INCOME,3.8267462858951e-07,4.701210519579216e-06,0.008046414676757957,0.0,0.0,0.0,0.0,0.0,0.0,24%
CUST0043351,DECLINED,INSAGFFICIENT_NET_DISPOSABLE_INCOME,3.8267462858951e-07,4.701210519579216e-06,0.008046414676757957,0.0,0.0,0.0,0.0,0.0,0.0,24%
CUST0043515,DECLINED,INSAGFFICIENT_NET_DISPOSABLE_INCOME,3.8267462858951e-07,4.701210519579216e-06,0.008046414676757957,0.0,0.0,0.0,0.0,0.0,0.0,24%
CUST0043519,DECLINED,INSAGFFICIENT_NET_DISPOSABLE_INCOME,3.8267462858951e-07,4.701210519579216e-06,0.008046414676757957,0.0,0.0,0.0,0.0,0.0,0.0,24%
CUST0043760,DECLINED,INSAGFFICIENT_NET_DISPOSABLE_INCOME,3.8267462858951e-07,4.701210519579216e-06,0.008046414676757957,0.0,0.0,0.0,0.0,0.0,0.0,24%
CUST0043777,DECLINED,INSAGFFICIENT_NET_DISPOSABLE_INCOME,3.8267462858951e-07,4.701210519579216e-06,0.008046414676757957,0.0,0.0,0.0,0.0,0.0,0.0,24%
CUST0043807,DECLINED,INSAGFFICIENT_NET_DISPOSABLE_INCOME,3.8267462858951e-07,4.701210519579216e-06,0.008046414676757957,0.0,0.0,0.0,0.0,0.0,0.0,24%
CUST0043826,DECLINED,INSAGFFICIENT_NET_DISPOSABLE_INCOME,3.8267462858951e-07,4.701210519579216e-06,0.008046414676757957,0.0,0.0,0.0,0.0,0.0,0.0,24%
CUST0043848,DECLINED,INSAGFFICIENT_NET_DISPOSABLE_INCOME,3.8267462858951e-07,4.701210519579216e-06,0.008046414676757957,0.0,0.0,0.0,0.0,0.0,0.0,24%
CUST0043885,DECLINED,INSAGFFICIENT_NET_DISPOSABLE_INCOME,3.8267462858951e-07,4.701210519579216e-06,0.008046414676757957,0.0,0.0,0.0,0.0,0.0,0.0,24%
CUST0043895,DECLINED,INSAGFFICIENT_NET_DISPOSABLE_INCOME,3.8267462858951e-07,4.701210519579216e-06,0.008046414676757957,0.0,0.0,0.0,0.0,0.0,0.0,24%
CUST0043901,DECLINED,INSAGFFICIENT_NET_DISPOSABLE_INCOME,3.8267462858951e-07,4.701210519579216e-06,0.008046414676757957,0.0,0.0,0.0,0.0,0.0,0.0,24%
CUST0043932,DECLINED,INSAGFFICIENT_NET_DISPOSABLE_INCOME,3.8267462858951e-07,4.701210519579216e-06,0.008046414676757957,0.0,0.0,0.0,0.0,0.0,0.0,24%
CUST0043948,DECLINED,INSAGFFICIENT_NET_DISPOSABLE_INCOME,3.8267462858951e-07,4.701210519579216e-06,0.008046414676757957,0.0,0.0,0.0,0.0,0.0,0.0,24%
CUST0043954,DECLINED,INSAGFFICIENT_NET_DISPOSABLE_INCOME,3.8267462858951e-07,4.701210519579216e-06,0.008046414676757957,0.0,0.0,0.0,0.0,0.0,0.0,24%
CUST0043970,DECLINED,INSAGFFICIENT_NET_DISPOSABLE_INCOME,6185.106918412871,6521.498280534752,13331.196782682884,0.0,0.0,0.0,0.0,0.0,0.0,24%
CUST0043994,DECLINED,INSAGFFICIENT_NET_DISPOSABLE_INCOME,3.8267462858951e-07,4.701210519579216e-06,0.008046414676757957,0.0,0.0,0.0,0.0,0.0,0.0,24%
CUST0044120,DECLINED,INSAGFFICIENT_NET_DISPOSABLE_INCOME,3.8267462858951e-07,4.701210519579216e-06,0.008046414676757957,0.0,0.0,0.0,0.0,0.0,0.0,24%
CUST0044171,DECLINED,INSAGFFICIENT_NET_DISPOSABLE_INCOME,3.8267462858951e-07,4.701210519579216e-06,0.008046414676757957,0.0,0.0,0.0,0.0,0.0,0.0,24%
CUST0044243,DECLINED,INSAGFFICIENT_NET_DISPOSABLE_INCOME,4185.563717747464,4240.0113234384,18144.099091416552,0.0,0.0,0.0,0.0,0.0,0.0,24%
CUST0044260,DECLINED,INSAGFFICIENT_NET_DISPOSABLE_INCOME,3.8267462858951e-07,4.701210519579216e-06,0.008046414676757957,0.0,0.0,0.0,0.0,0.0,0.0,24%
CUST0044290,DECLINED,INSAGFFICIENT_NET_DISPOSABLE_INCOME,3.8267462858951e-07,4.701210519579216e-06,0.008046414676757957,0.0,0.0,0.0,0.0,0.0,0.0,24%
CUST0044320,DECLINED,INSAGFFICIENT_NET_DISPOSABLE_INCOME,3.8267462858951e-07,4.701210519579216e-06,0.008046414676757957,0.0,0.0,0.0,0.0,0.0,0.0,24%
CUST0044352,DECLINED,INSAGFFICIENT_NET_DISPOSABLE_INCOME,3.8267462858951e-07,4.701210519579216e-06,0.008046414676757957,0.0,0.0,0.0,0.0,0.0,0.0,24%
CUST0044442,DECLINED,INSAGFFICIENT_NET_DISPOSABLE_INCOME,6516.981430402084,10934.514010294748,15818.25291075471,0.0,0.0,0.0,0.0,0.0,0.0,24%
CUST0044478,DECLINED,INSAGFFICIENT_NET_DISPOSABLE_INCOME,3.8267462858951e-07,4.701210519579216e-06,0.008046414676757957,0.0,0.0,0.0,0.0,0.0,0.0,24%
CUST0044515,DECLINED,INSAGFFICIENT_NET_DISPOSABLE_INCOME,3.8267462858951e-07,4.701210519579216e-06,0.008046414676757957,0.0,0.0,0.0,0.0,0.0,0.0,24%
CUST0044516,DECLINED,INSAGFFICIENT_NET_DISPOSABLE_INCOME,3.8267462858951e-07,4.701210519579216e-06,0.008046414676757957,0.0,0.0,0.0,0.0,0.0,0.0,24%
CUST0044541,DECLINED,INSAGFFICIENT_NET_DISPOSABLE_INCOME,3.8267462858951e-07,4.701210519579216e-06,0.008046414676757957,0.0,0.0,0.0,0.0,0.0,0.0,24%
CUST0044602,DECLINED,INSAGFFICIENT_NET_DISPOSABLE_INCOME,3.8267462858951e-07,4.701210519579216e-06,0.008046414676757957,0.0,0.0,0.0,0.0,0.0,0.0,24%
CUST0044651,DECLINED,INSAGFFICIENT_NET_DISPOSABLE_INCOME,3.8267462858951e-07,4.701210519579216e-06,0.008046414676757957,0.0,0.0,0.0,0.0,0.0,0.0,24%
CUST0044676,DECLINED,INSAGFFICIENT_NET_DISPOSABLE_INCOME,3.8267462858951e-07,4.701210519579216e-06,0.008046414676757957,0.0,0.0,0.0,0.0,0.0,0.0,24%
CUST0044832,DECLINED,INSAGFFICIENT_NET_DISPOSABLE_INCOME,3.8267462858951e-07,4.701210519579216e-06,0.008046414676757957,0.0,0.0,0.0,0.0,0.0,0.0,24%
CUST0044849,DECLINED,INSAGFFICIENT_NET_DISPOSABLE_INCOME,3.8267462858951e-07,4.701210519579216e-06,0.008046414676757957,0.0,0.0,0.0,0.0,0.0,0.0,24%
CUST0044918,DECLINED,INSAGFFICIENT_NET_DISPOSABLE_INCOME,3.8267462858951e-07,4.701210519579216e-06,0.008046414676757957,0.0,0.0,0.0,0.0,0.0,0.0,24%
CUST0044944,DECLINED,INSAGFFICIENT_NET_DISPOSABLE_INCOME,3.8267462858951e-07,4.701210519579216e-06,0.008046414676757957,0.0,0.0,0.0,0.0,0.0,0.0,24%
CUST0044974,DECLINED,INSAGFFICIENT_NET_DISPOSABLE_INCOME,3.8267462858951e-07,4.701210519579216e-06,0.008046414676757957,0.0,0.0,0.0,0.0,0.0,0.0,24%
CUST0044989,DECLINED,INSAGFFICIENT_NET_DISPOSABLE_INCOME,3.8267462858951e-07,4.701210519579216e-06,0.008046414676757957,0.0,0.0,0.0,0.0,0.0,0.0,24%
CUST0045066,DECLINED,INSAGFFICIENT_NET_DISPOSABLE_INCOME,3.8267462858951e-07,4.701210519579216e-06,0.008046414676757957,0.0,0.0,0.0,0.0,0.0,0.0,24%
CUST0045149,DECLINED,INSAGFFICIENT_NET_DISPOSABLE_INCOME,5679.808978019576,5733.122395684277,13595.942138766924,0.0,0.0,0.0,0.0,0.0,0.0,24%
CUST0045156,DECLINED,INSAGFFICIENT_NET_DISPOSABLE_INCOME,3.8267462858951e-07,4.701210519579216e-06,0.008046414676757957,0.0,0.0,0.0,0.0,0.0,0.0,24%
CUST0045258,DECLINED,INSAGFFICIENT_NET_DISPOSABLE_INCOME,3.8267462858951e-07,4.701210519579216e-06,0.008046414676757957,0.0,0.0,0.0,0.0,0.0,0.0,24%
CUST0045374,DECLINED,INSAGFFICIENT_NET_DISPOSABLE_INCOME,3902.8171110397566,20106.97126991227,36163.55800138149,0.0,0.0,0.0,0.0,0.0,0.0,24%
CUST0045385,DECLINED,INSAGFFICIENT_NET_DISPOSABLE_INCOME,3.8267462858951e-07,4.701210519579216e-06,0.008046414676757957,0.0,0.0,0.0,0.0,0.0,0.0,24%
CUST0045410,DECLINED,INSAGFFICIENT_NET_DISPOSABLE_INCOME,3.8267462858951e-07,4.701210519579216e-06,0.008046414676757957,0.0,0.0,0.0,0.0,0.0,0.0,24%
CUST0045431,DECLINED,INSAGFFICIENT_NET_DISPOSABLE_INCOME,3.8267462858951e-07,4.701210519579216e-06,0.008046414676757957,0.0,0.0,0.0,0.0,0.0,0.0,24%
CUST0045448,DECLINED,INSAGFFICIENT_NET_DISPOSABLE_INCOME,4922.416279035341,5311.04140753983,18771.626892410437,0.0,0.0,0.0,0.0,0.0,0.0,24%
CUST0045514,DECLINED,INSAGFFICIENT_NET_DISPOSABLE_INCOME,3.8267462858951e-07,4.701210519579216e-06,0.008046414676757957,0.0,0.0,0.0,0.0,0.0,0.0,24%
CUST0045515,DECLINED,INSAGFFICIENT_NET_DISPOSABLE_INCOME,3.8267462858951e-07,4.701210519579216e-06,0.008046414676757957,0.0,0.0,0.0,0.0,0.0,0.0,24%
CUST0045516,DECLINED,INSAGFFICIENT_NET_DISPOSABLE_INCOME,3.8267462858951e-07,4.701210519579216e-06,0.008046414676757957,0.0,0.0,0.0,0.0,0.0,0.0,24%
CUST0045568,DECLINED,INSAGFFICIENT_NET_DISPOSABLE_INCOME,3.8267462858951e-07,4.701210519579216e-06,0.008046414676757957,0.0,0.0,0.0,0.0,0.0,0.0,24%
CUST0045615,DECLINED,INSAGFFICIENT_NET_DISPOSABLE_INCOME,3.8267462858951e-07,4.701210519579216e-06,0.008046414676757957,0.0,0.0,0.0,0.0,0.0,0.0,24%
CUST0045727,DECLINED,INSAGFFICIENT_NET_DISPOSABLE_INCOME,3.8267462858951e-07,4.701210519579216e-06,0.008046414676757957,0.0,0.0,0.0,0.0,0.0,0.0,24%
CUST0045775,DECLINED,INSAGFFICIENT_NET_DISPOSABLE_INCOME,3.8267462858951e-07,4.701210519579216e-06,0.008046414676757957,0.0,0.0,0.0,0.0,0.0,0.0,24%
CUST0045807,DECLINED,INSAGFFICIENT_NET_DISPOSABLE_INCOME,3.8267462858951e-07,4.701210519579216e-06,0.008046414676757957,0.0,0.0,0.0,0.0,0.0,0.0,24%
CUST0045909,DECLINED,INSAGFFICIENT_NET_DISPOSABLE_INCOME,3.8267462858951e-07,4.701210519579216e-06,0.008046414676757957,0.0,0.0,0.0,0.0,0.0,0.0,24%
CUST0045918,DECLINED,INSAGFFICIENT_NET_DISPOSABLE_INCOME,3.8267462858951e-07,4.701210519579216e-06,0.008046414676757957,0.0,0.0,0.0,0.0,0.0,0.0,24%
CUST0046007,DECLINED,INSAGFFICIENT_NET_DISPOSABLE_INCOME,3.8267462858951e-07,4.701210519579216e-06,0.008046414676757957,0.0,0.0,0.0,0.0,0.0,0.0,24%
CUST0046062,DECLINED,INSAGFFICIENT_NET_DISPOSABLE_INCOME,3.8267462858951e-07,4.701210519579216e-06,0.008046414676757957,0.0,0.0,0.0,0.0,0.0,0.0,24%
CUST0046074,DECLINED,INSAGFFICIENT_NET_DISPOSABLE_INCOME,5580.55641147107,5915.35945285561,12528.58835287885,0.0,0.0,0.0,0.0,0.0,0.0,24%
CUST0046128,DECLINED,INSAGFFICIENT_NET_DISPOSABLE_INCOME,4335.564978018198,4843.685707812489,11103.929353110952,0.0,0.0,0.0,0.0,0.0,0.0,24%
CUST0046137,DECLINED,INSAGFFICIENT_NET_DISPOSABLE_INCOME,3.8267462858951e-07,4.701210519579216e-06,0.008046414676757957,0.0,0.0,0.0,0.0,0.0,0.0,24%
CUST0046261,DECLINED,INSAGFFICIENT_NET_DISPOSABLE_INCOME,3.8267462858951e-07,4.701210519579216e-06,0.008046414676757957,0.0,0.0,0.0,0.0,0.0,0.0,24%
CUST0046273,DECLINED,INSAGFFICIENT_NET_DISPOSABLE_INCOME,6328.058623286219,6815.796268569994,22900.106172222222,0.0,0.0,0.0,0.0,0.0,0.0,24%
CUST0046325,DECLINED,INSAGFFICIENT_NET_DISPOSABLE_INCOME,3.8267462858951e-07,4.701210519579216e-06,0.008046414676757957,0.0,0.0,0.0,0.0,0.0,0.0,24%
CUST0046342,DECLINED,INSAGFFICIENT_NET_DISPOSABLE_INCOME,3744.8410676217923,4125.484242839074,18144.099091416552,0.0,0.0,0.0,0.0,0.0,0.0,24%
CUST0046344,DECLINED,INSAGFFICIENT_NET_DISPOSABLE_INCOME,3.8267462858951e-07,4.701210519579216e-06,0.008046414676757957,0.0,0.0,0.0,0.0,0.0,0.0,24%
CUST0046374,DECLINED,INSAGFFICIENT_NET_DISPOSABLE_INCOME,3.8267462858951e-07,4.701210519579216e-06,0.008046414676757957,0.0,0.0,0.0,0.0,0.0,0.0,24%
CUST0046387,DECLINED,INSAGFFICIENT_NET_DISPOSABLE_INCOME,3.8267462858951e-07,4.701210519579216e-06,0.008046414676757957,0.0,0.0,0.0,0.0,0.0,0.0,24%
CUST0046468,DECLINED,INSAGFFICIENT_NET_DISPOSABLE_INCOME,3.8267462858951e-07,4.701210519579216e-06,0.008046414676757957,0.0,0.0,0.0,0.0,0.0,0.0,24%
CUST0046559,DECLINED,INSAGFFICIENT_NET_DISPOSABLE_INCOME,3.8267462858951e-07,4.701210519579216e-06,0.008046414676757957,0.0,0.0,0.0,0.0,0.0,0.0,24%
CUST0046666,DECLINED,INSAGFFICIENT_NET_DISPOSABLE_INCOME,3.8267462858951e-07,4.701210519579216e-06,0.008046414676757957,0.0,0.0,0.0,0.0,0.0,0.0,24%
CUST0046751,DECLINED,INSAGFFICIENT_NET_DISPOSABLE_INCOME,3.8267462858951e-07,4.701210519579216e-06,0.008046414676757957,0.0,0.0,0.0,0.0,0.0,0.0,24%
CUST0046812,DECLINED,INSAGFFICIENT_NET_DISPOSABLE_INCOME,3902.8171110397566,20106.97126991227,36163.55800138149,0.0,0.0,0.0,0.0,0.0,0.0,24%
CUST0046827,DECLINED,INSAGFFICIENT_NET_DISPOSABLE_INCOME,3.8267462858951e-07,4.701210519579216e-06,0.008046414676757957,0.0,0.0,0.0,0.0,0.0,0.0,24%
CUST0046861,DECLINED,INSAGFFICIENT_NET_DISPOSABLE_INCOME,3.8267462858951e-07,4.701210519579216e-06,0.008046414676757957,0.0,0.0,0.0,0.0,0.0,0.0,24%
CUST0046893,DECLINED,INSAGFFICIENT_NET_DISPOSABLE_INCOME,4942.209916825366,5107.406060957336,18814.390980773762,0.0,0.0,0.0,0.0,0.0,0.0,24%
CUST0046927,DECLINED,INSAGFFICIENT_NET_DISPOSABLE_INCOME,5324.757947359144,5572.541396407123,12465.919662877614,0.0,0.0,0.0,0.0,0.0,0.0,24%
CUST0046930,DECLINED,INSAGFFICIENT_NET_DISPOSABLE_INCOME,3.8267462858951e-07,4.701210519579216e-06,0.008046414676757957,0.0,0.0,0.0,0.0,0.0,0.0,24%
CUST0046958,DECLINED,INSAGFFICIENT_NET_DISPOSABLE_INCOME,3.8267462858951e-07,4.701210519579216e-06,0.008046414676757957,0.0,0.0,0.0,0.0,0.0,0.0,24%
CUST0047096,DECLINED,INSAGFFICIENT_NET_DISPOSABLE_INCOME,3.8267462858951e-07,4.701210519579216e-06,0.008046414676757957,0.0,0.0,0.0,0.0,0.0,0.0,24%
CUST0047132,DECLINED,INSAGFFICIENT_NET_DISPOSABLE_INCOME,3.8267462858951e-07,4.701210519579216e-06,0.008046414676757957,0.0,0.0,0.0,0.0,0.0,0.0,24%
CUST0047134,DECLINED,INSAGFFICIENT_NET_DISPOSABLE_INCOME,3.8267462858951e-07,4.701210519579216e-06,0.008046414676757957,0.0,0.0,0.0,0.0,0.0,0.0,24%
CUST0047165,DECLINED,INSAGFFICIENT_NET_DISPOSABLE_INCOME,3.8267462858951e-07,4.701210519579216e-06,0.008046414676757957,0.0,0.0,0.0,0.0,0.0,0.0,24%
CUST0047192,DECLINED,INSAGFFICIENT_NET_DISPOSABLE_INCOME,3.8267462858951e-07,4.701210519579216e-06,0.008046414676757957,0.0,0.0,0.0,0.0,0.0,0.0,24%
CUST0047290,DECLINED,INSAGFFICIENT_NET_DISPOSABLE_INCOME,3.8267462858951e-07,4.701210519579216e-06,0.008046414676757957,0.0,0.0,0.0,0.0,0.0,0.0,24%
CUST0047301,DECLINED,INSAGFFICIENT_NET_DISPOSABLE_INCOME,3.8267462858951e-07,4.701210519579216e-06,0.008046414676757957,0.0,0.0,0.0,0.0,0.0,0.0,24%
CUST0047305,DECLINED,INSAGFFICIENT_NET_DISPOSABLE_INCOME,3.8267462858951e-07,4.701210519579216e-06,0.008046414676757957,0.0,0.0,0.0,0.0,0.0,0.0,24%
CUST0047332,DECLINED,INSAGFFICIENT_NET_DISPOSABLE_INCOME,3.8267462858951e-07,4.701210519579216e-06,0.008046414676757957,0.0,0.0,0.0,0.0,0.0,0.0,24%
CUST0047333,DECLINED,INSAGFFICIENT_NET_DISPOSABLE_INCOME,3.8267462858951e-07,4.701210519579216e-06,0.008046414676757957,0.0,0.0,0.0,0.0,0.0,0.0,24%
CUST0047501,DECLINED,INSAGFFICIENT_NET_DISPOSABLE_INCOME,3.8267462858951e-07,4.701210519579216e-06,0.008046414676757957,0.0,0.0,0.0,0.0,0.0,0.0,24%
CUST0047532,DECLINED,INSAGFFICIENT_NET_DISPOSABLE_INCOME,3.8267462858951e-07,4.701210519579216e-06,0.008046414676757957,0.0,0.0,0.0,0.0,0.0,0.0,24%
CUST0047613,DECLINED,INSAGFFICIENT_NET_DISPOSABLE_INCOME,3.8267462858951e-07,4.701210519579216e-06,0.008046414676757957,0.0,0.0,0.0,0.0,0.0,0.0,24%
CUST0047769,DECLINED,INSAGFFICIENT_NET_DISPOSABLE_INCOME,3.8267462858951e-07,4.701210519579216e-06,0.008046414676757957,0.0,0.0,0.0,0.0,0.0,0.0,24%
CUST0047772,DECLINED,INSAGFFICIENT_NET_DISPOSABLE_INCOME,3.8267462858951e-07,4.701210519579216e-06,0.008046414676757957,0.0,0.0,0.0,0.0,0.0,0.0,24%
CUST0047789,DECLINED,INSAGFFICIENT_NET_DISPOSABLE_INCOME,3.8267462858951e-07,4.701210519579216e-06,0.008046414676757957,0.0,0.0,0.0,0.0,0.0,0.0,24%
CUST0047856,DECLINED,INSAGFFICIENT_NET_DISPOSABLE_INCOME,3.8267462858951e-07,4.701210519579216e-06,0.008046414676757957,0.0,0.0,0.0,0.0,0.0,0.0,24%
CUST0047904,DECLINED,INSAGFFICIENT_NET_DISPOSABLE_INCOME,3.8267462858951e-07,4.701210519579216e-06,0.008046414676757957,0.0,0.0,0.0,0.0,0.0,0.0,24%
CUST0047926,DECLINED,INSAGFFICIENT_NET_DISPOSABLE_INCOME,3.8267462858951e-07,4.701210519579216e-06,0.008046414676757957,0.0,0.0,0.0,0.0,0.0,0.0,24%
CUST0047935,DECLINED,INSAGFFICIENT_NET_DISPOSABLE_INCOME,3.8267462858951e-07,4.701210519579216e-06,0.008046414676757957,0.0,0.0,0.0,0.0,0.0,0.0,24%
CUST0047946,DECLINED,INSAGFFICIENT_NET_DISPOSABLE_INCOME,3.8267462858951e-07,4.701210519579216e-06,0.008046414676757957,0.0,0.0,0.0,0.0,0.0,0.0,24%
CUST0047985,DECLINED,INSAGFFICIENT_NET_DISPOSABLE_INCOME,3.8267462858951e-07,4.701210519579216e-06,0.008046414676757957,0.0,0.0,0.0,0.0,0.0,0.0,24%
CUST0048089,DECLINED,INSAGFFICIENT_NET_DISPOSABLE_INCOME,3.8267462858951e-07,4.701210519579216e-06,0.008046414676757957,0.0,0.0,0.0,0.0,0.0,0.0,24%
CUST0048146,DECLINED,INSAGFFICIENT_NET_DISPOSABLE_INCOME,3.8267462858951e-07,4.701210519579216e-06,0.008046414676757957,0.0,0.0,0.0,0.0,0.0,0.0,24%
CUST0048166,DECLINED,INSAGFFICIENT_NET_DISPOSABLE_INCOME,3.8267462858951e-07,4.701210519579216e-06,0.008046414676757957,0.0,0.0,0.0,0.0,0.0,0.0,24%
CUST0048172,DECLINED,INSAGFFICIENT_NET_DISPOSABLE_INCOME,3.8267462858951e-07,4.701210519579216e-06,0.008046414676757957,0.0,0.0,0.0,0.0,0.0,0.0,24%
CUST0048293,DECLINED,INSAGFFICIENT_NET_DISPOSABLE_INCOME,3.8267462858951e-07,4.701210519579216e-06,0.008046414676757957,0.0,0.0,0.0,0.0,0.0,0.0,24%
CUST0048402,DECLINED,INSAGFFICIENT_NET_DISPOSABLE_INCOME,3.8267462858951e-07,4.701210519579216e-06,0.008046414676757957,0.0,0.0,0.0,0.0,0.0,0.0,24%
CUST0048426,DECLINED,INSAGFFICIENT_NET_DISPOSABLE_INCOME,3.8267462858951e-07,4.701210519579216e-06,0.008046414676757957,0.0,0.0,0.0,0.0,0.0,0.0,24%
CUST0048536,DECLINED,INSAGFFICIENT_NET_DISPOSABLE_INCOME,3.8267462858951e-07,4.701210519579216e-06,0.008046414676757957,0.0,0.0,0.0,0.0,0.0,0.0,24%
CUST0048545,DECLINED,INSAGFFICIENT_NET_DISPOSABLE_INCOME,3.8267462858951e-07,4.701210519579216e-06,0.008046414676757957,0.0,0.0,0.0,0.0,0.0,0.0,24%
CUST0048550,DECLINED,INSAGFFICIENT_NET_DISPOSABLE_INCOME,3.8267462858951e-07,4.701210519579216e-06,0.008046414676757957,0.0,0.0,0.0,0.0,0.0,0.0,24%
CUST0048557,DECLINED,INSAGFFICIENT_NET_DISPOSABLE_INCOME,3.8267462858951e-07,4.701210519579216e-06,0.008046414676757957,0.0,0.0,0.0,0.0,0.0,0.0,24%
CUST0048603,DECLINED,INSAGFFICIENT_NET_DISPOSABLE_INCOME,3.8267462858951e-07,4.701210519579216e-06,0.008046414676757957,0.0,0.0,0.0,0.0,0.0,0.0,24%
CUST0048608,DECLINED,INSAGFFICIENT_NET_DISPOSABLE_INCOME,3.8267462858951e-07,4.701210519579216e-06,0.008046414676757957,0.0,0.0,0.0,0.0,0.0,0.0,24%
CUST0048611,DECLINED,INSAGFFICIENT_NET_DISPOSABLE_INCOME,3.8267462858951e-07,4.701210519579216e-06,0.008046414676757957,0.0,0.0,0.0,0.0,0.0,0.0,24%
CUST0048660,DECLINED,INSAGFFICIENT_NET_DISPOSABLE_INCOME,3.8267462858951e-07,4.701210519579216e-06,0.008046414676757957,0.0,0.0,0.0,0.0,0.0,0.0,24%
CUST0048677,DECLINED,INSAGFFICIENT_NET_DISPOSABLE_INCOME,3.8267462858951e-07,4.701210519579216e-06,0.008046414676757957,0.0,0.0,0.0,0.0,0.0,0.0,24%
CUST0048732,DECLINED,INSAGFFICIENT_NET_DISPOSABLE_INCOME,3.8267462858951e-07,4.701210519579216e-06,0.008046414676757957,0.0,0.0,0.0,0.0,0.0,0.0,24%
CUST0048776,DECLINED,INSAGFFICIENT_NET_DISPOSABLE_INCOME,3.8267462858951e-07,4.701210519579216e-06,0.008046414676757957,0.0,0.0,0.0,0.0,0.0,0.0,24%
CUST0048801,DECLINED,INSAGFFICIENT_NET_DISPOSABLE_INCOME,3.8267462858951e-07,4.701210519579216e-06,0.008046414676757957,0.0,0.0,0.0,0.0,0.0,0.0,24%
CUST0048833,DECLINED,INSAGFFICIENT_NET_DISPOSABLE_INCOME,3.8267462858951e-07,4.701210519579216e-06,0.008046414676757957,0.0,0.0,0.0,0.0,0.0,0.0,24%
CUST0048946,DECLINED,INSAGFFICIENT_NET_DISPOSABLE_INCOME,3.8267462858951e-07,4.701210519579216e-06,0.008046414676757957,0.0,0.0,0.0,0.0,0.0,0.0,24%
CUST0049006,DECLINED,INSAGFFICIENT_NET_DISPOSABLE_INCOME,3902.8171110397566,20106.97126991227,36163.55800138149,0.0,0.0,0.0,0.0,0.0,0.0,24%
CUST0049026,DECLINED,INSAGFFICIENT_NET_DISPOSABLE_INCOME,5466.128914281366,5609.78881881541,14000.699528376754,0.0,0.0,0.0,0.0,0.0,0.0,24%
CUST0049050,DECLINED,INSAGFFICIENT_NET_DISPOSABLE_INCOME,5453.046374651075,5966.489339108409,18518.090121727204,0.0,0.0,0.0,0.0,0.0,0.0,24%
CUST0049069,DECLINED,INSAGFFICIENT_NET_DISPOSABLE_INCOME,3.8267462858951e-07,4.701210519579216e-06,0.008046414676757957,0.0,0.0,0.0,0.0,0.0,0.0,24%
CUST0049070,DECLINED,INSAGFFICIENT_NET_DISPOSABLE_INCOME,3.8267462858951e-07,4.701210519579216e-06,0.008046414676757957,0.0,0.0,0.0,0.0,0.0,0.0,24%
CUST0049145,DECLINED,INSAGFFICIENT_NET_DISPOSABLE_INCOME,3.8267462858951e-07,4.701210519579216e-06,0.008046414676757957,0.0,0.0,0.0,0.0,0.0,0.0,24%
CUST0049163,DECLINED,INSAGFFICIENT_NET_DISPOSABLE_INCOME,3.8267462858951e-07,4.701210519579216e-06,0.008046414676757957,0.0,0.0,0.0,0.0,0.0,0.0,24%
CUST0049171,DECLINED,INSAGFFICIENT_NET_DISPOSABLE_INCOME,3902.8171110397566,20106.97126991227,36163.55800138149,0.0,0.0,0.0,0.0,0.0,0.0,24%
CUST0049227,DECLINED,INSAGFFICIENT_NET_DISPOSABLE_INCOME,3.8267462858951e-07,4.701210519579216e-06,0.008046414676757957,0.0,0.0,0.0,0.0,0.0,0.0,24%
CUST0049289,DECLINED,INSAGFFICIENT_NET_DISPOSABLE_INCOME,3.8267462858951e-07,4.701210519579216e-06,0.008046414676757957,0.0,0.0,0.0,0.0,0.0,0.0,24%
CUST0049300,DECLINED,INSAGFFICIENT_NET_DISPOSABLE_INCOME,3.8267462858951e-07,4.701210519579216e-06,0.008046414676757957,0.0,0.0,0.0,0.0,0.0,0.0,24%
CUST0049322,DECLINED,INSAGFFICIENT_NET_DISPOSABLE_INCOME,3.8267462858951e-07,4.701210519579216e-06,0.008046414676757957,0.0,0.0,0.0,0.0,0.0,0.0,24%
CUST0049325,DECLINED,INSAGFFICIENT_NET_DISPOSABLE_INCOME,3.8267462858951e-07,4.701210519579216e-06,0.008046414676757957,0.0,0.0,0.0,0.0,0.0,0.0,24%
CUST0049329,DECLINED,INSAGFFICIENT_NET_DISPOSABLE_INCOME,3.8267462858951e-07,4.701210519579216e-06,0.008046414676757957,0.0,0.0,0.0,0.0,0.0,0.0,24%
CUST0049586,DECLINED,INSAGFFICIENT_NET_DISPOSABLE_INCOME,3.8267462858951e-07,4.701210519579216e-06,0.008046414676757957,0.0,0.0,0.0,0.0,0.0,0.0,24%
CUST0049589,DECLINED,INSAGFFICIENT_NET_DISPOSABLE_INCOME,3.8267462858951e-07,4.701210519579216e-06,0.008046414676757957,0.0,0.0,0.0,0.0,0.0,0.0,24%
CUST0049638,DECLINED,INSAGFFICIENT_NET_DISPOSABLE_INCOME,3.8267462858951e-07,4.701210519579216e-06,0.008046414676757957,0.0,0.0,0.0,0.0,0.0,0.0,24%
CUST0049642,DECLINED,INSAGFFICIENT_NET_DISPOSABLE_INCOME,3.8267462858951e-07,4.701210519579216e-06,0.008046414676757957,0.0,0.0,0.0,0.0,0.0,0.0,24%
CUST0049751,DECLINED,INSAGFFICIENT_NET_DISPOSABLE_INCOME,3.8267462858951e-07,4.701210519579216e-06,0.008046414676757957,0.0,0.0,0.0,0.0,0.0,0.0,24%
CUST0049915,DECLINED,INSAGFFICIENT_NET_DISPOSABLE_INCOME,5090.858490749681,5624.8895491782305,18446.916303747006,0.0,0.0,0.0,0.0,0.0,0.0,24%
CUST0050041,DECLINED,INSAGFFICIENT_NET_DISPOSABLE_INCOME,3.8267462858951e-07,4.701210519579216e-06,0.008046414676757957,0.0,0.0,0.0,0.0,0.0,0.0,24%
CUST0050126,DECLINED,INSAGFFICIENT_NET_DISPOSABLE_INCOME,3.8267462858951e-07,4.701210519579216e-06,0.008046414676757957,0.0,0.0,0.0,0.0,0.0,0.0,24%
CUST0050172,DECLINED,INSAGFFICIENT_NET_DISPOSABLE_INCOME,3.8267462858951e-07,4.701210519579216e-06,0.008046414676757957,0.0,0.0,0.0,0.0,0.0,0.0,24%
CUST0050197,DECLINED,INSAGFFICIENT_NET_DISPOSABLE_INCOME,3.8267462858951e-07,4.701210519579216e-06,0.008046414676757957,0.0,0.0,0.0,0.0,0.0,0.0,24%
CUST0050264,DECLINED,INSAGFFICIENT_NET_DISPOSABLE_INCOME,3.8267462858951e-07,4.701210519579216e-06,0.008046414676757957,0.0,0.0,0.0,0.0,0.0,0.0,24%
CUST0050302,DECLINED,INSAGFFICIENT_NET_DISPOSABLE_INCOME,3.8267462858951e-07,4.701210519579216e-06,0.008046414676757957,0.0,0.0,0.0,0.0,0.0,0.0,24%
CUST0050330,DECLINED,INSAGFFICIENT_NET_DISPOSABLE_INCOME,3.8267462858951e-07,4.701210519579216e-06,0.008046414676757957,0.0,0.0,0.0,0.0,0.0,0.0,24%
CUST0050352,DECLINED,INSAGFFICIENT_NET_DISPOSABLE_INCOME,6489.173193461747,8289.404574477454,15257.658476970442,0.0,0.0,0.0,0.0,0.0,0.0,24%
CUST0050362,DECLINED,INSAGFFICIENT_NET_DISPOSABLE_INCOME,3.8267462858951e-07,4.701210519579216e-06,0.008046414676757957,0.0,0.0,0.0,0.0,0.0,0.0,24%
CUST0050393,DECLINED,INSAGFFICIENT_NET_DISPOSABLE_INCOME,3.8267462858951e-07,4.701210519579216e-06,0.008046414676757957,0.0,0.0,0.0,0.0,0.0,0.0,24%
CUST0050422,DECLINED,INSAGFFICIENT_NET_DISPOSABLE_INCOME,3.8267462858951e-07,4.701210519579216e-06,0.008046414676757957,0.0,0.0,0.0,0.0,0.0,0.0,24%
CUST0050432,DECLINED,INSAGFFICIENT_NET_DISPOSABLE_INCOME,6496.151032956467,8423.354983767109,15257.658476970442,0.0,0.0,0.0,0.0,0.0,0.0,24%
CUST0050527,DECLINED,INSAGFFICIENT_NET_DISPOSABLE_INCOME,3.8267462858951e-07,4.701210519579216e-06,0.008046414676757957,0.0,0.0,0.0,0.0,0.0,0.0,24%
CUST0050529,DECLINED,INSAGFFICIENT_NET_DISPOSABLE_INCOME,3.8267462858951e-07,4.701210519579216e-06,0.008046414676757957,0.0,0.0,0.0,0.0,0.0,0.0,24%
CUST0050577,DECLINED,INSAGFFICIENT_NET_DISPOSABLE_INCOME,3.8267462858951e-07,4.701210519579216e-06,0.008046414676757957,0.0,0.0,0.0,0.0,0.0,0.0,24%
CUST0050584,DECLINED,INSAGFFICIENT_NET_DISPOSABLE_INCOME,3.8267462858951e-07,4.701210519579216e-06,0.008046414676757957,0.0,0.0,0.0,0.0,0.0,0.0,24%
CUST0050610,DECLINED,INSAGFFICIENT_NET_DISPOSABLE_INCOME,3.8267462858951e-07,4.701210519579216e-06,0.008046414676757957,0.0,0.0,0.0,0.0,0.0,0.0,24%
CUST0050691,DECLINED,INSAGFFICIENT_NET_DISPOSABLE_INCOME,3.8267462858951e-07,4.701210519579216e-06,0.008046414676757957,0.0,0.0,0.0,0.0,0.0,0.0,24%
CUST0050735,DECLINED,INSAGFFICIENT_NET_DISPOSABLE_INCOME,3902.8171110397566,20106.97126991227,36163.55800138149,0.0,0.0,0.0,0.0,0.0,0.0,24%
CUST0050772,DECLINED,INSAGFFICIENT_NET_DISPOSABLE_INCOME,3.8267462858951e-07,4.701210519579216e-06,0.008046414676757957,0.0,0.0,0.0,0.0,0.0,0.0,24%
CUST0050789,DECLINED,INSAGFFICIENT_NET_DISPOSABLE_INCOME,3.8267462858951e-07,4.701210519579216e-06,0.008046414676757957,0.0,0.0,0.0,0.0,0.0,0.0,24%
CUST0050827,DECLINED,INSAGFFICIENT_NET_DISPOSABLE_INCOME,3.8267462858951e-07,4.701210519579216e-06,0.008046414676757957,0.0,0.0,0.0,0.0,0.0,0.0,24%
CUST0050848,DECLINED,INSAGFFICIENT_NET_DISPOSABLE_INCOME,3.8267462858951e-07,4.701210519579216e-06,0.008046414676757957,0.0,0.0,0.0,0.0,0.0,0.0,24%
CUST0050851,DECLINED,INSAGFFICIENT_NET_DISPOSABLE_INCOME,3.8267462858951e-07,4.701210519579216e-06,0.008046414676757957,0.0,0.0,0.0,0.0,0.0,0.0,24%
CUST0050879,DECLINED,INSAGFFICIENT_NET_DISPOSABLE_INCOME,3.8267462858951e-07,4.701210519579216e-06,0.008046414676757957,0.0,0.0,0.0,0.0,0.0,0.0,24%
CUST0050880,DECLINED,INSAGFFICIENT_NET_DISPOSABLE_INCOME,3.8267462858951e-07,4.701210519579216e-06,0.008046414676757957,0.0,0.0,0.0,0.0,0.0,0.0,24%
CUST0051048,DECLINED,INSAGFFICIENT_NET_DISPOSABLE_INCOME,3.8267462858951e-07,4.701210519579216e-06,0.008046414676757957,0.0,0.0,0.0,0.0,0.0,0.0,24%
CUST0051258,DECLINED,INSAGFFICIENT_NET_DISPOSABLE_INCOME,3.8267462858951e-07,4.701210519579216e-06,0.008046414676757957,0.0,0.0,0.0,0.0,0.0,0.0,24%
CUST0051324,DECLINED,INSAGFFICIENT_NET_DISPOSABLE_INCOME,3.8267462858951e-07,4.701210519579216e-06,0.008046414676757957,0.0,0.0,0.0,0.0,0.0,0.0,24%
CUST0051370,DECLINED,INSAGFFICIENT_NET_DISPOSABLE_INCOME,3.8267462858951e-07,4.701210519579216e-06,0.008046414676757957,0.0,0.0,0.0,0.0,0.0,0.0,24%
CUST0051417,DECLINED,INSAGFFICIENT_NET_DISPOSABLE_INCOME,3.8267462858951e-07,4.701210519579216e-06,0.008046414676757957,0.0,0.0,0.0,0.0,0.0,0.0,24%
CUST0051445,DECLINED,INSAGFFICIENT_NET_DISPOSABLE_INCOME,3.8267462858951e-07,4.701210519579216e-06,0.008046414676757957,0.0,0.0,0.0,0.0,0.0,0.0,24%
CUST0051476,DECLINED,INSAGFFICIENT_NET_DISPOSABLE_INCOME,3.8267462858951e-07,4.701210519579216e-06,0.008046414676757957,0.0,0.0,0.0,0.0,0.0,0.0,24%
CUST0051532,DECLINED,INSAGFFICIENT_NET_DISPOSABLE_INCOME,3.8267462858951e-07,4.701210519579216e-06,0.008046414676757957,0.0,0.0,0.0,0.0,0.0,0.0,24%
CUST0051588,DECLINED,INSAGFFICIENT_NET_DISPOSABLE_INCOME,6325.679767176653,8522.513134049757,15755.584220753482,0.0,0.0,0.0,0.0,0.0,0.0,24%
CUST0051686,DECLINED,INSAGFFICIENT_NET_DISPOSABLE_INCOME,3.8267462858951e-07,4.701210519579216e-06,0.008046414676757957,0.0,0.0,0.0,0.0,0.0,0.0,24%
CUST0051723,DECLINED,INSAGFFICIENT_NET_DISPOSABLE_INCOME,3.8267462858951e-07,4.701210519579216e-06,0.008046414676757957,0.0,0.0,0.0,0.0,0.0,0.0,24%
CUST0051798,DECLINED,INSAGFFICIENT_NET_DISPOSABLE_INCOME,3.8267462858951e-07,4.701210519579216e-06,0.008046414676757957,0.0,0.0,0.0,0.0,0.0,0.0,24%
CUST0051884,DECLINED,INSAGFFICIENT_NET_DISPOSABLE_INCOME,5918.467964986894,6678.354631241384,13331.196782682884,0.0,0.0,0.0,0.0,0.0,0.0,24%
CUST0051907,DECLINED,INSAGFFICIENT_NET_DISPOSABLE_INCOME,3.8267462858951e-07,4.701210519579216e-06,0.008046414676757957,0.0,0.0,0.0,0.0,0.0,0.0,24%
CUST0051934,DECLINED,INSAGFFICIENT_NET_DISPOSABLE_INCOME,3.8267462858951e-07,4.701210519579216e-06,0.008046414676757957,0.0,0.0,0.0,0.0,0.0,0.0,24%
CUST0051985,DECLINED,INSAGFFICIENT_NET_DISPOSABLE_INCOME,3.8267462858951e-07,4.701210519579216e-06,0.008046414676757957,0.0,0.0,0.0,0.0,0.0,0.0,24%
CUST0052046,DECLINED,INSAGFFICIENT_NET_DISPOSABLE_INCOME,3.8267462858951e-07,4.701210519579216e-06,0.008046414676757957,0.0,0.0,0.0,0.0,0.0,0.0,24%
CUST0052196,DECLINED,INSAGFFICIENT_NET_DISPOSABLE_INCOME,3.8267462858951e-07,4.701210519579216e-06,0.008046414676757957,0.0,0.0,0.0,0.0,0.0,0.0,24%
CUST0052272,DECLINED,INSAGFFICIENT_NET_DISPOSABLE_INCOME,3.8267462858951e-07,4.701210519579216e-06,0.008046414676757957,0.0,0.0,0.0,0.0,0.0,0.0,24%
CUST0052377,DECLINED,INSAGFFICIENT_NET_DISPOSABLE_INCOME,3.8267462858951e-07,4.701210519579216e-06,0.008046414676757957,0.0,0.0,0.0,0.0,0.0,0.0,24%
CUST0052487,DECLINED,INSAGFFICIENT_NET_DISPOSABLE_INCOME,3.8267462858951e-07,4.701210519579216e-06,0.008046414676757957,0.0,0.0,0.0,0.0,0.0,0.0,24%
CUST0052505,DECLINED,INSAGFFICIENT_NET_DISPOSABLE_INCOME,3.8267462858951e-07,4.701210519579216e-06,0.008046414676757957,0.0,0.0,0.0,0.0,0.0,0.0,24%
CUST0052508,DECLINED,INSAGFFICIENT_NET_DISPOSABLE_INCOME,4919.476238117143,5289.4488759376145,13629.99658562685,0.0,0.0,0.0,0.0,0.0,0.0,24%
CUST0052577,DECLINED,INSAGFFICIENT_NET_DISPOSABLE_INCOME,3.8267462858951e-07,4.701210519579216e-06,0.008046414676757957,0.0,0.0,0.0,0.0,0.0,0.0,24%
CUST0052646,DECLINED,INSAGFFICIENT_NET_DISPOSABLE_INCOME,3.8267462858951e-07,4.701210519579216e-06,0.008046414676757957,0.0,0.0,0.0,0.0,0.0,0.0,24%
CUST0052726,DECLINED,INSAGFFICIENT_NET_DISPOSABLE_INCOME,3.8267462858951e-07,4.701210519579216e-06,0.008046414676757957,0.0,0.0,0.0,0.0,0.0,0.0,24%
CUST0052732,DECLINED,INSAGFFICIENT_NET_DISPOSABLE_INCOME,3.8267462858951e-07,4.701210519579216e-06,0.008046414676757957,0.0,0.0,0.0,0.0,0.0,0.0,24%
CUST0052764,DECLINED,INSAGFFICIENT_NET_DISPOSABLE_INCOME,3.8267462858951e-07,4.701210519579216e-06,0.008046414676757957,0.0,0.0,0.0,0.0,0.0,0.0,24%
CUST0052793,DECLINED,INSAGFFICIENT_NET_DISPOSABLE_INCOME,3.8267462858951e-07,4.701210519579216e-06,0.008046414676757957,0.0,0.0,0.0,0.0,0.0,0.0,24%
CUST0052826,DECLINED,INSAGFFICIENT_NET_DISPOSABLE_INCOME,3.8267462858951e-07,4.701210519579216e-06,0.008046414676757957,0.0,0.0,0.0,0.0,0.0,0.0,24%
CUST0052836,DECLINED,INSAGFFICIENT_NET_DISPOSABLE_INCOME,3.8267462858951e-07,4.701210519579216e-06,0.008046414676757957,0.0,0.0,0.0,0.0,0.0,0.0,24%
CUST0052929,DECLINED,INSAGFFICIENT_NET_DISPOSABLE_INCOME,3.8267462858951e-07,4.701210519579216e-06,0.008046414676757957,0.0,0.0,0.0,0.0,0.0,0.0,24%
CUST0053053,DECLINED,INSAGFFICIENT_NET_DISPOSABLE_INCOME,3.8267462858951e-07,4.701210519579216e-06,0.008046414676757957,0.0,0.0,0.0,0.0,0.0,0.0,24%
CUST0053139,DECLINED,INSAGFFICIENT_NET_DISPOSABLE_INCOME,6109.297022159083,6509.70712644763,19156.502888616757,0.0,0.0,0.0,0.0,0.0,0.0,24%
CUST0053261,DECLINED,INSAGFFICIENT_NET_DISPOSABLE_INCOME,5263.648769635499,5781.576193020409,18430.695804105773,0.0,0.0,0.0,0.0,0.0,0.0,24%
CUST0053339,DECLINED,INSAGFFICIENT_NET_DISPOSABLE_INCOME,3.8267462858951e-07,4.701210519579216e-06,0.008046414676757957,0.0,0.0,0.0,0.0,0.0,0.0,24%
CUST0053447,DECLINED,INSAGFFICIENT_NET_DISPOSABLE_INCOME,3.8267462858951e-07,4.701210519579216e-06,0.008046414676757957,0.0,0.0,0.0,0.0,0.0,0.0,24%
CUST0053585,DECLINED,INSAGFFICIENT_NET_DISPOSABLE_INCOME,3.8267462858951e-07,4.701210519579216e-06,0.008046414676757957,0.0,0.0,0.0,0.0,0.0,0.0,24%
CUST0053603,DECLINED,INSAGFFICIENT_NET_DISPOSABLE_INCOME,3.8267462858951e-07,4.701210519579216e-06,0.008046414676757957,0.0,0.0,0.0,0.0,0.0,0.0,24%
CUST0053730,DECLINED,INSAGFFICIENT_NET_DISPOSABLE_INCOME,3.8267462858951e-07,4.701210519579216e-06,0.008046414676757957,0.0,0.0,0.0,0.0,0.0,0.0,24%
CUST0053757,DECLINED,INSAGFFICIENT_NET_DISPOSABLE_INCOME,3.8267462858951e-07,4.701210519579216e-06,0.008046414676757957,0.0,0.0,0.0,0.0,0.0,0.0,24%
CUST0053900,DECLINED,INSAGFFICIENT_NET_DISPOSABLE_INCOME,3.8267462858951e-07,4.701210519579216e-06,0.008046414676757957,0.0,0.0,0.0,0.0,0.0,0.0,24%
CUST0053947,DECLINED,INSAGFFICIENT_NET_DISPOSABLE_INCOME,3.8267462858951e-07,4.701210519579216e-06,0.008046414676757957,0.0,0.0,0.0,0.0,0.0,0.0,24%
CUST0054095,DECLINED,INSAGFFICIENT_NET_DISPOSABLE_INCOME,3.8267462858951e-07,4.701210519579216e-06,0.008046414676757957,0.0,0.0,0.0,0.0,0.0,0.0,24%
CUST0054108,DECLINED,INSAGFFICIENT_NET_DISPOSABLE_INCOME,3.8267462858951e-07,4.701210519579216e-06,0.008046414676757957,0.0,0.0,0.0,0.0,0.0,0.0,24%
CUST0054310,DECLINED,INSAGFFICIENT_NET_DISPOSABLE_INCOME,3902.8171110397566,20106.97126991227,36163.55800138149,0.0,0.0,0.0,0.0,0.0,0.0,24%
CUST0054410,DECLINED,INSAGFFICIENT_NET_DISPOSABLE_INCOME,3.8267462858951e-07,4.701210519579216e-06,0.008046414676757957,0.0,0.0,0.0,0.0,0.0,0.0,24%
CUST0054598,DECLINED,INSAGFFICIENT_NET_DISPOSABLE_INCOME,3.8267462858951e-07,4.701210519579216e-06,0.008046414676757957,0.0,0.0,0.0,0.0,0.0,0.0,24%
CUST0054684,DECLINED,INSAGFFICIENT_NET_DISPOSABLE_INCOME,3.8267462858951e-07,4.701210519579216e-06,0.008046414676757957,0.0,0.0,0.0,0.0,0.0,0.0,24%
CUST0054716,DECLINED,INSAGFFICIENT_NET_DISPOSABLE_INCOME,3.8267462858951e-07,4.701210519579216e-06,0.008046414676757957,0.0,0.0,0.0,0.0,0.0,0.0,24%
CUST0054747,DECLINED,INSAGFFICIENT_NET_DISPOSABLE_INCOME,3.8267462858951e-07,4.701210519579216e-06,0.008046414676757957,0.0,0.0,0.0,0.0,0.0,0.0,24%
CUST0054769,DECLINED,INSAGFFICIENT_NET_DISPOSABLE_INCOME,6347.449563168303,8637.023875248688,15755.584220753482,0.0,0.0,0.0,0.0,0.0,0.0,24%
CUST0054773,DECLINED,INSAGFFICIENT_NET_DISPOSABLE_INCOME,3.8267462858951e-07,4.701210519579216e-06,0.008046414676757957,0.0,0.0,0.0,0.0,0.0,0.0,24%
CUST0054802,DECLINED,INSAGFFICIENT_NET_DISPOSABLE_INCOME,3.8267462858951e-07,4.701210519579216e-06,0.008046414676757957,0.0,0.0,0.0,0.0,0.0,0.0,24%
CUST0054844,DECLINED,INSAGFFICIENT_NET_DISPOSABLE_INCOME,3.8267462858951e-07,4.701210519579216e-06,0.008046414676757957,0.0,0.0,0.0,0.0,0.0,0.0,24%
CUST0054884,DECLINED,INSAGFFICIENT_NET_DISPOSABLE_INCOME,3.8267462858951e-07,4.701210519579216e-06,0.008046414676757957,0.0,0.0,0.0,0.0,0.0,0.0,24%
CUST0055065,DECLINED,INSAGFFICIENT_NET_DISPOSABLE_INCOME,3.8267462858951e-07,4.701210519579216e-06,0.008046414676757957,0.0,0.0,0.0,0.0,0.0,0.0,24%
CUST0055130,DECLINED,INSAGFFICIENT_NET_DISPOSABLE_INCOME,3.8267462858951e-07,4.701210519579216e-06,0.008046414676757957,0.0,0.0,0.0,0.0,0.0,0.0,24%
CUST0055209,DECLINED,INSAGFFICIENT_NET_DISPOSABLE_INCOME,3.8267462858951e-07,4.701210519579216e-06,0.008046414676757957,0.0,0.0,0.0,0.0,0.0,0.0,24%
CUST0055353,DECLINED,INSAGFFICIENT_NET_DISPOSABLE_INCOME,3.8267462858951e-07,4.701210519579216e-06,0.008046414676757957,0.0,0.0,0.0,0.0,0.0,0.0,24%
CUST0055366,DECLINED,INSAGFFICIENT_NET_DISPOSABLE_INCOME,3.8267462858951e-07,4.701210519579216e-06,0.008046414676757957,0.0,0.0,0.0,0.0,0.0,0.0,24%
CUST0055498,DECLINED,INSAGFFICIENT_NET_DISPOSABLE_INCOME,3.8267462858951e-07,4.701210519579216e-06,0.008046414676757957,0.0,0.0,0.0,0.0,0.0,0.0,24%
CUST0055538,DECLINED,INSAGFFICIENT_NET_DISPOSABLE_INCOME,3.8267462858951e-07,4.701210519579216e-06,0.008046414676757957,0.0,0.0,0.0,0.0,0.0,0.0,24%
CUST0055652,DECLINED,INSAGFFICIENT_NET_DISPOSABLE_INCOME,3.8267462858951e-07,4.701210519579216e-06,0.008046414676757957,0.0,0.0,0.0,0.0,0.0,0.0,24%
CUST0055655,DECLINED,INSAGFFICIENT_NET_DISPOSABLE_INCOME,3.8267462858951e-07,4.701210519579216e-06,0.008046414676757957,0.0,0.0,0.0,0.0,0.0,0.0,24%
CUST0055682,DECLINED,INSAGFFICIENT_NET_DISPOSABLE_INCOME,3.8267462858951e-07,4.701210519579216e-06,0.008046414676757957,0.0,0.0,0.0,0.0,0.0,0.0,24%
CUST0055713,DECLINED,INSAGFFICIENT_NET_DISPOSABLE_INCOME,3.8267462858951e-07,4.701210519579216e-06,0.008046414676757957,0.0,0.0,0.0,0.0,0.0,0.0,24%
CUST0055803,DECLINED,INSAGFFICIENT_NET_DISPOSABLE_INCOME,3.8267462858951e-07,4.701210519579216e-06,0.008046414676757957,0.0,0.0,0.0,0.0,0.0,0.0,24%
CUST0055856,DECLINED,INSAGFFICIENT_NET_DISPOSABLE_INCOME,3.8267462858951e-07,4.701210519579216e-06,0.008046414676757957,0.0,0.0,0.0,0.0,0.0,0.0,24%
CUST0055859,DECLINED,INSAGFFICIENT_NET_DISPOSABLE_INCOME,3.8267462858951e-07,4.701210519579216e-06,0.008046414676757957,0.0,0.0,0.0,0.0,0.0,0.0,24%
CUST0055918,DECLINED,INSAGFFICIENT_NET_DISPOSABLE_INCOME,3.8267462858951e-07,4.701210519579216e-06,0.008046414676757957,0.0,0.0,0.0,0.0,0.0,0.0,24%
CUST0055934,DECLINED,INSAGFFICIENT_NET_DISPOSABLE_INCOME,3.8267462858951e-07,4.701210519579216e-06,0.008046414676757957,0.0,0.0,0.0,0.0,0.0,0.0,24%
CUST0056036,DECLINED,INSAGFFICIENT_NET_DISPOSABLE_INCOME,3.8267462858951e-07,4.701210519579216e-06,0.008046414676757957,0.0,0.0,0.0,0.0,0.0,0.0,24%
CUST0056069,DECLINED,INSAGFFICIENT_NET_DISPOSABLE_INCOME,3.8267462858951e-07,4.701210519579216e-06,0.008046414676757957,0.0,0.0,0.0,0.0,0.0,0.0,24%
CUST0056219,DECLINED,INSAGFFICIENT_NET_DISPOSABLE_INCOME,3.8267462858951e-07,4.701210519579216e-06,0.008046414676757957,0.0,0.0,0.0,0.0,0.0,0.0,24%
CUST0056268,DECLINED,INSAGFFICIENT_NET_DISPOSABLE_INCOME,3.8267462858951e-07,4.701210519579216e-06,0.008046414676757957,0.0,0.0,0.0,0.0,0.0,0.0,24%
CUST0056295,DECLINED,INSAGFFICIENT_NET_DISPOSABLE_INCOME,3.8267462858951e-07,4.701210519579216e-06,0.008046414676757957,0.0,0.0,0.0,0.0,0.0,0.0,24%
CUST0056411,DECLINED,INSAGFFICIENT_NET_DISPOSABLE_INCOME,5208.643484070445,5318.210756937675,12291.645445456705,0.0,0.0,0.0,0.0,0.0,0.0,24%
CUST0056427,DECLINED,INSAGFFICIENT_NET_DISPOSABLE_INCOME,3.8267462858951e-07,4.701210519579216e-06,0.008046414676757957,0.0,0.0,0.0,0.0,0.0,0.0,24%
CUST0056689,DECLINED,INSAGFFICIENT_NET_DISPOSABLE_INCOME,3.8267462858951e-07,4.701210519579216e-06,0.008046414676757957,0.0,0.0,0.0,0.0,0.0,0.0,24%
CUST0056722,DECLINED,INSAGFFICIENT_NET_DISPOSABLE_INCOME,3.8267462858951e-07,4.701210519579216e-06,0.008046414676757957,0.0,0.0,0.0,0.0,0.0,0.0,24%
CUST0056763,DECLINED,INSAGFFICIENT_NET_DISPOSABLE_INCOME,3.8267462858951e-07,4.701210519579216e-06,0.008046414676757957,0.0,0.0,0.0,0.0,0.0,0.0,24%
CUST0056800,DECLINED,INSAGFFICIENT_NET_DISPOSABLE_INCOME,3.8267462858951e-07,4.701210519579216e-06,0.008046414676757957,0.0,0.0,0.0,0.0,0.0,0.0,24%
CUST0056808,DECLINED,INSAGFFICIENT_NET_DISPOSABLE_INCOME,3.8267462858951e-07,4.701210519579216e-06,0.008046414676757957,0.0,0.0,0.0,0.0,0.0,0.0,24%
CUST0056927,DECLINED,INSAGFFICIENT_NET_DISPOSABLE_INCOME,6644.24420497534,7216.101576477325,17998.161262782145,0.0,0.0,0.0,0.0,0.0,0.0,24%
CUST0057036,DECLINED,INSAGFFICIENT_NET_DISPOSABLE_INCOME,3.8267462858951e-07,4.701210519579216e-06,0.008046414676757957,0.0,0.0,0.0,0.0,0.0,0.0,24%
CUST0057043,DECLINED,INSAGFFICIENT_NET_DISPOSABLE_INCOME,3.8267462858951e-07,4.701210519579216e-06,0.008046414676757957,0.0,0.0,0.0,0.0,0.0,0.0,24%
CUST0057081,DECLINED,INSAGFFICIENT_NET_DISPOSABLE_INCOME,3.8267462858951e-07,4.701210519579216e-06,0.008046414676757957,0.0,0.0,0.0,0.0,0.0,0.0,24%
CUST0057089,DECLINED,INSAGFFICIENT_NET_DISPOSABLE_INCOME,3.8267462858951e-07,4.701210519579216e-06,0.008046414676757957,0.0,0.0,0.0,0.0,0.0,0.0,24%
CUST0057131,DECLINED,INSAGFFICIENT_NET_DISPOSABLE_INCOME,3.8267462858951e-07,4.701210519579216e-06,0.008046414676757957,0.0,0.0,0.0,0.0,0.0,0.0,24%
CUST0057191,DECLINED,INSAGFFICIENT_NET_DISPOSABLE_INCOME,3.8267462858951e-07,4.701210519579216e-06,0.008046414676757957,0.0,0.0,0.0,0.0,0.0,0.0,24%
CUST0057197,DECLINED,INSAGFFICIENT_NET_DISPOSABLE_INCOME,3.8267462858951e-07,4.701210519579216e-06,0.008046414676757957,0.0,0.0,0.0,0.0,0.0,0.0,24%
CUST0057276,DECLINED,INSAGFFICIENT_NET_DISPOSABLE_INCOME,3.8267462858951e-07,4.701210519579216e-06,0.008046414676757957,0.0,0.0,0.0,0.0,0.0,0.0,24%
CUST0057312,DECLINED,INSAGFFICIENT_NET_DISPOSABLE_INCOME,3.8267462858951e-07,4.701210519579216e-06,0.008046414676757957,0.0,0.0,0.0,0.0,0.0,0.0,24%
CUST0057431,DECLINED,INSAGFFICIENT_NET_DISPOSABLE_INCOME,3.8267462858951e-07,4.701210519579216e-06,0.008046414676757957,0.0,0.0,0.0,0.0,0.0,0.0,24%
CUST0057476,DECLINED,INSAGFFICIENT_NET_DISPOSABLE_INCOME,3.8267462858951e-07,4.701210519579216e-06,0.008046414676757957,0.0,0.0,0.0,0.0,0.0,0.0,24%
CUST0057498,DECLINED,INSAGFFICIENT_NET_DISPOSABLE_INCOME,3.8267462858951e-07,4.701210519579216e-06,0.008046414676757957,0.0,0.0,0.0,0.0,0.0,0.0,24%
CUST0057537,DECLINED,INSAGFFICIENT_NET_DISPOSABLE_INCOME,3.8267462858951e-07,4.701210519579216e-06,0.008046414676757957,0.0,0.0,0.0,0.0,0.0,0.0,24%
CUST0057547,DECLINED,INSAGFFICIENT_NET_DISPOSABLE_INCOME,3.8267462858951e-07,4.701210519579216e-06,0.008046414676757957,0.0,0.0,0.0,0.0,0.0,0.0,24%
CUST0057581,DECLINED,INSAGFFICIENT_NET_DISPOSABLE_INCOME,6189.996218527476,6488.684585162463,19052.214259365122,0.0,0.0,0.0,0.0,0.0,0.0,24%
CUST0057632,DECLINED,INSAGFFICIENT_NET_DISPOSABLE_INCOME,3.8267462858951e-07,4.701210519579216e-06,0.008046414676757957,0.0,0.0,0.0,0.0,0.0,0.0,24%
CUST0057734,DECLINED,INSAGFFICIENT_NET_DISPOSABLE_INCOME,3.8267462858951e-07,4.701210519579216e-06,0.008046414676757957,0.0,0.0,0.0,0.0,0.0,0.0,24%
CUST0057778,DECLINED,INSAGFFICIENT_NET_DISPOSABLE_INCOME,3.8267462858951e-07,4.701210519579216e-06,0.008046414676757957,0.0,0.0,0.0,0.0,0.0,0.0,24%
CUST0057845,DECLINED,INSAGFFICIENT_NET_DISPOSABLE_INCOME,3.8267462858951e-07,4.701210519579216e-06,0.008046414676757957,0.0,0.0,0.0,0.0,0.0,0.0,24%
CUST0057866,DECLINED,INSAGFFICIENT_NET_DISPOSABLE_INCOME,4072.1035186608524,4445.531094680587,18886.800487557746,0.0,0.0,0.0,0.0,0.0,0.0,24%
CUST0057902,DECLINED,INSAGFFICIENT_NET_DISPOSABLE_INCOME,3.8267462858951e-07,4.701210519579216e-06,0.008046414676757957,0.0,0.0,0.0,0.0,0.0,0.0,24%
CUST0057909,DECLINED,INSAGFFICIENT_NET_DISPOSABLE_INCOME,3.8267462858951e-07,4.701210519579216e-06,0.008046414676757957,0.0,0.0,0.0,0.0,0.0,0.0,24%
CUST0057910,DECLINED,INSAGFFICIENT_NET_DISPOSABLE_INCOME,3.8267462858951e-07,4.701210519579216e-06,0.008046414676757957,0.0,0.0,0.0,0.0,0.0,0.0,24%
CUST0057929,DECLINED,INSAGFFICIENT_NET_DISPOSABLE_INCOME,3.8267462858951e-07,4.701210519579216e-06,0.008046414676757957,0.0,0.0,0.0,0.0,0.0,0.0,24%
CUST0057969,DECLINED,INSAGFFICIENT_NET_DISPOSABLE_INCOME,3.8267462858951e-07,4.701210519579216e-06,0.008046414676757957,0.0,0.0,0.0,0.0,0.0,0.0,24%
CUST0057970,DECLINED,INSAGFFICIENT_NET_DISPOSABLE_INCOME,3.8267462858951e-07,4.701210519579216e-06,0.008046414676757957,0.0,0.0,0.0,0.0,0.0,0.0,24%
CUST0058195,DECLINED,INSAGFFICIENT_NET_DISPOSABLE_INCOME,3902.8171110397566,20106.97126991227,36163.55800138149,0.0,0.0,0.0,0.0,0.0,0.0,24%
CUST0058293,DECLINED,INSAGFFICIENT_NET_DISPOSABLE_INCOME,3.8267462858951e-07,4.701210519579216e-06,0.008046414676757957,0.0,0.0,0.0,0.0,0.0,0.0,24%
CUST0058300,DECLINED,INSAGFFICIENT_NET_DISPOSABLE_INCOME,3902.8171110397566,20106.97126991227,36163.55800138149,0.0,0.0,0.0,0.0,0.0,0.0,24%
CUST0058301,DECLINED,INSAGFFICIENT_NET_DISPOSABLE_INCOME,3.8267462858951e-07,4.701210519579216e-06,0.008046414676757957,0.0,0.0,0.0,0.0,0.0,0.0,24%
CUST0058346,DECLINED,INSAGFFICIENT_NET_DISPOSABLE_INCOME,6497.862515633288,9933.06447277837,15818.25291075471,0.0,0.0,0.0,0.0,0.0,0.0,24%
CUST0058395,DECLINED,INSAGFFICIENT_NET_DISPOSABLE_INCOME,6497.862515633288,9903.363498028652,15818.25291075471,0.0,0.0,0.0,0.0,0.0,0.0,24%
CUST0058405,DECLINED,INSAGFFICIENT_NET_DISPOSABLE_INCOME,3.8267462858951e-07,4.701210519579216e-06,0.008046414676757957,0.0,0.0,0.0,0.0,0.0,0.0,24%
CUST0058413,DECLINED,INSAGFFICIENT_NET_DISPOSABLE_INCOME,3.8267462858951e-07,4.701210519579216e-06,0.008046414676757957,0.0,0.0,0.0,0.0,0.0,0.0,24%
CUST0058421,DECLINED,INSAGFFICIENT_NET_DISPOSABLE_INCOME,3.8267462858951e-07,4.701210519579216e-06,0.008046414676757957,0.0,0.0,0.0,0.0,0.0,0.0,24%
CUST0058450,DECLINED,INSAGFFICIENT_NET_DISPOSABLE_INCOME,3.8267462858951e-07,4.701210519579216e-06,0.008046414676757957,0.0,0.0,0.0,0.0,0.0,0.0,24%
CUST0058499,DECLINED,INSAGFFICIENT_NET_DISPOSABLE_INCOME,3.8267462858951e-07,4.701210519579216e-06,0.008046414676757957,0.0,0.0,0.0,0.0,0.0,0.0,24%
CUST0058625,DECLINED,INSAGFFICIENT_NET_DISPOSABLE_INCOME,3.8267462858951e-07,4.701210519579216e-06,0.008046414676757957,0.0,0.0,0.0,0.0,0.0,0.0,24%
CUST0058634,DECLINED,INSAGFFICIENT_NET_DISPOSABLE_INCOME,3.8267462858951e-07,4.701210519579216e-06,0.008046414676757957,0.0,0.0,0.0,0.0,0.0,0.0,24%
CUST0058663,DECLINED,INSAGFFICIENT_NET_DISPOSABLE_INCOME,3.8267462858951e-07,4.701210519579216e-06,0.008046414676757957,0.0,0.0,0.0,0.0,0.0,0.0,24%
CUST0058756,DECLINED,INSAGFFICIENT_NET_DISPOSABLE_INCOME,3.8267462858951e-07,4.701210519579216e-06,0.008046414676757957,0.0,0.0,0.0,0.0,0.0,0.0,24%
CUST0058760,DECLINED,INSAGFFICIENT_NET_DISPOSABLE_INCOME,3.8267462858951e-07,4.701210519579216e-06,0.008046414676757957,0.0,0.0,0.0,0.0,0.0,0.0,24%
CUST0058790,DECLINED,INSAGFFICIENT_NET_DISPOSABLE_INCOME,3.8267462858951e-07,4.701210519579216e-06,0.008046414676757957,0.0,0.0,0.0,0.0,0.0,0.0,24%
CUST0058835,DECLINED,INSAGFFICIENT_NET_DISPOSABLE_INCOME,3.8267462858951e-07,4.701210519579216e-06,0.008046414676757957,0.0,0.0,0.0,0.0,0.0,0.0,24%
CUST0058982,DECLINED,INSAGFFICIENT_NET_DISPOSABLE_INCOME,3.8267462858951e-07,4.701210519579216e-06,0.008046414676757957,0.0,0.0,0.0,0.0,0.0,0.0,24%
CUST0059024,DECLINED,INSAGFFICIENT_NET_DISPOSABLE_INCOME,3.8267462858951e-07,4.701210519579216e-06,0.008046414676757957,0.0,0.0,0.0,0.0,0.0,0.0,24%
CUST0059030,DECLINED,INSAGFFICIENT_NET_DISPOSABLE_INCOME,3.8267462858951e-07,4.701210519579216e-06,0.008046414676757957,0.0,0.0,0.0,0.0,0.0,0.0,24%
CUST0059036,DECLINED,INSAGFFICIENT_NET_DISPOSABLE_INCOME,3.8267462858951e-07,4.701210519579216e-06,0.008046414676757957,0.0,0.0,0.0,0.0,0.0,0.0,24%
CUST0059082,DECLINED,INSAGFFICIENT_NET_DISPOSABLE_INCOME,3.8267462858951e-07,4.701210519579216e-06,0.008046414676757957,0.0,0.0,0.0,0.0,0.0,0.0,24%
CUST0059165,DECLINED,INSAGFFICIENT_NET_DISPOSABLE_INCOME,3.8267462858951e-07,4.701210519579216e-06,0.008046414676757957,0.0,0.0,0.0,0.0,0.0,0.0,24%
CUST0059303,DECLINED,INSAGFFICIENT_NET_DISPOSABLE_INCOME,5762.78865570401,6230.87420405971,13268.528092681645,0.0,0.0,0.0,0.0,0.0,0.0,24%
CUST0059438,DECLINED,INSAGFFICIENT_NET_DISPOSABLE_INCOME,3.8267462858951e-07,4.701210519579216e-06,0.008046414676757957,0.0,0.0,0.0,0.0,0.0,0.0,24%
CUST0059526,DECLINED,INSAGFFICIENT_NET_DISPOSABLE_INCOME,3.8267462858951e-07,4.701210519579216e-06,0.008046414676757957,0.0,0.0,0.0,0.0,0.0,0.0,24%
CUST0059535,DECLINED,INSAGFFICIENT_NET_DISPOSABLE_INCOME,4724.020401877415,5801.380120691447,23206.103192484232,0.0,0.0,0.0,0.0,0.0,0.0,24%
CUST0059706,DECLINED,INSAGFFICIENT_NET_DISPOSABLE_INCOME,3.8267462858951e-07,4.701210519579216e-06,0.008046414676757957,0.0,0.0,0.0,0.0,0.0,0.0,24%
CUST0059802,DECLINED,INSAGFFICIENT_NET_DISPOSABLE_INCOME,3.8267462858951e-07,4.701210519579216e-06,0.008046414676757957,0.0,0.0,0.0,0.0,0.0,0.0,24%
CUST0059809,DECLINED,INSAGFFICIENT_NET_DISPOSABLE_INCOME,3.8267462858951e-07,4.701210519579216e-06,0.008046414676757957,0.0,0.0,0.0,0.0,0.0,0.0,24%
CUST0059877,DECLINED,INSAGFFICIENT_NET_DISPOSABLE_INCOME,3.8267462858951e-07,4.701210519579216e-06,0.008046414676757957,0.0,0.0,0.0,0.0,0.0,0.0,24%
CUST0059944,DECLINED,INSAGFFICIENT_NET_DISPOSABLE_INCOME,6505.429426366951,6834.392688953813,18751.467519860627,0.0,0.0,0.0,0.0,0.0,0.0,24%
CUST0060024,DECLINED,INSAGFFICIENT_NET_DISPOSABLE_INCOME,3.8267462858951e-07,4.701210519579216e-06,0.008046414676757957,0.0,0.0,0.0,0.0,0.0,0.0,24%
CUST0060036,DECLINED,INSAGFFICIENT_NET_DISPOSABLE_INCOME,3.8267462858951e-07,4.701210519579216e-06,0.008046414676757957,0.0,0.0,0.0,0.0,0.0,0.0,24%
CUST0060161,DECLINED,INSAGFFICIENT_NET_DISPOSABLE_INCOME,6575.797523890826,7196.362740695367,18966.092885184746,0.0,0.0,0.0,0.0,0.0,0.0,24%
CUST0060220,DECLINED,INSAGFFICIENT_NET_DISPOSABLE_INCOME,3.8267462858951e-07,4.701210519579216e-06,0.008046414676757957,0.0,0.0,0.0,0.0,0.0,0.0,24%
CUST0060316,DECLINED,INSAGFFICIENT_NET_DISPOSABLE_INCOME,5233.849548886611,5561.441829428433,21476.383377419417,0.0,0.0,0.0,0.0,0.0,0.0,24%
CUST0060323,DECLINED,INSAGFFICIENT_NET_DISPOSABLE_INCOME,3.8267462858951e-07,4.701210519579216e-06,0.008046414676757957,0.0,0.0,0.0,0.0,0.0,0.0,24%
CUST0060372,DECLINED,INSAGFFICIENT_NET_DISPOSABLE_INCOME,3.8267462858951e-07,4.701210519579216e-06,0.008046414676757957,0.0,0.0,0.0,0.0,0.0,0.0,24%
CUST0060383,DECLINED,INSAGFFICIENT_NET_DISPOSABLE_INCOME,3.8267462858951e-07,4.701210519579216e-06,0.008046414676757957,0.0,0.0,0.0,0.0,0.0,0.0,24%
CUST0060389,DECLINED,INSAGFFICIENT_NET_DISPOSABLE_INCOME,3.8267462858951e-07,4.701210519579216e-06,0.008046414676757957,0.0,0.0,0.0,0.0,0.0,0.0,24%
CUST0060409,DECLINED,INSAGFFICIENT_NET_DISPOSABLE_INCOME,3.8267462858951e-07,4.701210519579216e-06,0.008046414676757957,0.0,0.0,0.0,0.0,0.0,0.0,24%
CUST0060426,DECLINED,INSAGFFICIENT_NET_DISPOSABLE_INCOME,3.8267462858951e-07,4.701210519579216e-06,0.008046414676757957,0.0,0.0,0.0,0.0,0.0,0.0,24%
CUST0060486,DECLINED,INSAGFFICIENT_NET_DISPOSABLE_INCOME,3.8267462858951e-07,4.701210519579216e-06,0.008046414676757957,0.0,0.0,0.0,0.0,0.0,0.0,24%
CUST0060498,DECLINED,INSAGFFICIENT_NET_DISPOSABLE_INCOME,3.8267462858951e-07,4.701210519579216e-06,0.008046414676757957,0.0,0.0,0.0,0.0,0.0,0.0,24%
CUST0060572,DECLINED,INSAGFFICIENT_NET_DISPOSABLE_INCOME,3.8267462858951e-07,4.701210519579216e-06,0.008046414676757957,0.0,0.0,0.0,0.0,0.0,0.0,24%
CUST0060585,DECLINED,INSAGFFICIENT_NET_DISPOSABLE_INCOME,3.8267462858951e-07,4.701210519579216e-06,0.008046414676757957,0.0,0.0,0.0,0.0,0.0,0.0,24%
CUST0060591,DECLINED,INSAGFFICIENT_NET_DISPOSABLE_INCOME,3.8267462858951e-07,4.701210519579216e-06,0.008046414676757957,0.0,0.0,0.0,0.0,0.0,0.0,24%
CUST0060617,DECLINED,INSAGFFICIENT_NET_DISPOSABLE_INCOME,3902.8171110397566,20106.97126991227,36163.55800138149,0.0,0.0,0.0,0.0,0.0,0.0,24%
CUST0060691,DECLINED,INSAGFFICIENT_NET_DISPOSABLE_INCOME,3643.867035905173,4287.67956183452,18192.877334534933,0.0,0.0,0.0,0.0,0.0,0.0,24%
CUST0060710,DECLINED,INSAGFFICIENT_NET_DISPOSABLE_INCOME,3.8267462858951e-07,4.701210519579216e-06,0.008046414676757957,0.0,0.0,0.0,0.0,0.0,0.0,24%
CUST0060774,DECLINED,INSAGFFICIENT_NET_DISPOSABLE_INCOME,3.8267462858951e-07,4.701210519579216e-06,0.008046414676757957,0.0,0.0,0.0,0.0,0.0,0.0,24%
CUST0060846,DECLINED,INSAGFFICIENT_NET_DISPOSABLE_INCOME,3.8267462858951e-07,4.701210519579216e-06,0.008046414676757957,0.0,0.0,0.0,0.0,0.0,0.0,24%
CUST0060877,DECLINED,INSAGFFICIENT_NET_DISPOSABLE_INCOME,3.8267462858951e-07,4.701210519579216e-06,0.008046414676757957,0.0,0.0,0.0,0.0,0.0,0.0,24%
CUST0060889,DECLINED,INSAGFFICIENT_NET_DISPOSABLE_INCOME,3.8267462858951e-07,4.701210519579216e-06,0.008046414676757957,0.0,0.0,0.0,0.0,0.0,0.0,24%
CUST0060920,DECLINED,INSAGFFICIENT_NET_DISPOSABLE_INCOME,3.8267462858951e-07,4.701210519579216e-06,0.008046414676757957,0.0,0.0,0.0,0.0,0.0,0.0,24%
CUST0060955,DECLINED,INSAGFFICIENT_NET_DISPOSABLE_INCOME,3.8267462858951e-07,4.701210519579216e-06,0.008046414676757957,0.0,0.0,0.0,0.0,0.0,0.0,24%
CUST0060977,DECLINED,INSAGFFICIENT_NET_DISPOSABLE_INCOME,3.8267462858951e-07,4.701210519579216e-06,0.008046414676757957,0.0,0.0,0.0,0.0,0.0,0.0,24%
CUST0061237,DECLINED,INSAGFFICIENT_NET_DISPOSABLE_INCOME,3.8267462858951e-07,4.701210519579216e-06,0.008046414676757957,0.0,0.0,0.0,0.0,0.0,0.0,24%
CUST0061250,DECLINED,INSAGFFICIENT_NET_DISPOSABLE_INCOME,3.8267462858951e-07,4.701210519579216e-06,0.008046414676757957,0.0,0.0,0.0,0.0,0.0,0.0,24%
CUST0061443,DECLINED,INSAGFFICIENT_NET_DISPOSABLE_INCOME,3.8267462858951e-07,4.701210519579216e-06,0.008046414676757957,0.0,0.0,0.0,0.0,0.0,0.0,24%
CUST0061471,DECLINED,INSAGFFICIENT_NET_DISPOSABLE_INCOME,3.8267462858951e-07,4.701210519579216e-06,0.008046414676757957,0.0,0.0,0.0,0.0,0.0,0.0,24%
CUST0061480,DECLINED,INSAGFFICIENT_NET_DISPOSABLE_INCOME,3.8267462858951e-07,4.701210519579216e-06,0.008046414676757957,0.0,0.0,0.0,0.0,0.0,0.0,24%
CUST0061530,DECLINED,INSAGFFICIENT_NET_DISPOSABLE_INCOME,3.8267462858951e-07,4.701210519579216e-06,0.008046414676757957,0.0,0.0,0.0,0.0,0.0,0.0,24%
CUST0061656,DECLINED,INSAGFFICIENT_NET_DISPOSABLE_INCOME,3.8267462858951e-07,4.701210519579216e-06,0.008046414676757957,0.0,0.0,0.0,0.0,0.0,0.0,24%
CUST0061736,DECLINED,INSAGFFICIENT_NET_DISPOSABLE_INCOME,3.8267462858951e-07,4.701210519579216e-06,0.008046414676757957,0.0,0.0,0.0,0.0,0.0,0.0,24%
CUST0061740,DECLINED,INSAGFFICIENT_NET_DISPOSABLE_INCOME,3.8267462858951e-07,4.701210519579216e-06,0.008046414676757957,0.0,0.0,0.0,0.0,0.0,0.0,24%
CUST0061766,DECLINED,INSAGFFICIENT_NET_DISPOSABLE_INCOME,3.8267462858951e-07,4.701210519579216e-06,0.008046414676757957,0.0,0.0,0.0,0.0,0.0,0.0,24%
CUST0061816,DECLINED,INSAGFFICIENT_NET_DISPOSABLE_INCOME,3.8267462858951e-07,4.701210519579216e-06,0.008046414676757957,0.0,0.0,0.0,0.0,0.0,0.0,24%
CUST0061946,DECLINED,INSAGFFICIENT_NET_DISPOSABLE_INCOME,3.8267462858951e-07,4.701210519579216e-06,0.008046414676757957,0.0,0.0,0.0,0.0,0.0,0.0,24%
CUST0062144,DECLINED,INSAGFFICIENT_NET_DISPOSABLE_INCOME,3.8267462858951e-07,4.701210519579216e-06,0.008046414676757957,0.0,0.0,0.0,0.0,0.0,0.0,24%
CUST0062203,DECLINED,INSAGFFICIENT_NET_DISPOSABLE_INCOME,3.8267462858951e-07,4.701210519579216e-06,0.008046414676757957,0.0,0.0,0.0,0.0,0.0,0.0,24%
CUST0062210,DECLINED,INSAGFFICIENT_NET_DISPOSABLE_INCOME,3.8267462858951e-07,4.701210519579216e-06,0.008046414676757957,0.0,0.0,0.0,0.0,0.0,0.0,24%
CUST0062226,DECLINED,INSAGFFICIENT_NET_DISPOSABLE_INCOME,3.8267462858951e-07,4.701210519579216e-06,0.008046414676757957,0.0,0.0,0.0,0.0,0.0,0.0,24%
CUST0062229,DECLINED,INSAGFFICIENT_NET_DISPOSABLE_INCOME,3.8267462858951e-07,4.701210519579216e-06,0.008046414676757957,0.0,0.0,0.0,0.0,0.0,0.0,24%
CUST0062258,DECLINED,INSAGFFICIENT_NET_DISPOSABLE_INCOME,3.8267462858951e-07,4.701210519579216e-06,0.008046414676757957,0.0,0.0,0.0,0.0,0.0,0.0,24%
CUST0062351,DECLINED,INSAGFFICIENT_NET_DISPOSABLE_INCOME,3.8267462858951e-07,4.701210519579216e-06,0.008046414676757957,0.0,0.0,0.0,0.0,0.0,0.0,24%
CUST0062411,DECLINED,INSAGFFICIENT_NET_DISPOSABLE_INCOME,5999.660256547139,6958.230018639542,13878.022107466726,0.0,0.0,0.0,0.0,0.0,0.0,24%
CUST0062419,DECLINED,INSAGFFICIENT_NET_DISPOSABLE_INCOME,3.8267462858951e-07,4.701210519579216e-06,0.008046414676757957,0.0,0.0,0.0,0.0,0.0,0.0,24%
CUST0062437,DECLINED,INSAGFFICIENT_NET_DISPOSABLE_INCOME,3.8267462858951e-07,4.701210519579216e-06,0.008046414676757957,0.0,0.0,0.0,0.0,0.0,0.0,24%
CUST0062444,DECLINED,INSAGFFICIENT_NET_DISPOSABLE_INCOME,3902.8171110397566,20106.97126991227,36163.55800138149,0.0,0.0,0.0,0.0,0.0,0.0,24%
CUST0062465,DECLINED,INSAGFFICIENT_NET_DISPOSABLE_INCOME,3.8267462858951e-07,4.701210519579216e-06,0.008046414676757957,0.0,0.0,0.0,0.0,0.0,0.0,24%
CUST0062497,DECLINED,INSAGFFICIENT_NET_DISPOSABLE_INCOME,3.8267462858951e-07,4.701210519579216e-06,0.008046414676757957,0.0,0.0,0.0,0.0,0.0,0.0,24%
CUST0062662,DECLINED,INSAGFFICIENT_NET_DISPOSABLE_INCOME,3.8267462858951e-07,4.701210519579216e-06,0.008046414676757957,0.0,0.0,0.0,0.0,0.0,0.0,24%
CUST0062705,DECLINED,INSAGFFICIENT_NET_DISPOSABLE_INCOME,3.8267462858951e-07,4.701210519579216e-06,0.008046414676757957,0.0,0.0,0.0,0.0,0.0,0.0,24%
CUST0062736,DECLINED,INSAGFFICIENT_NET_DISPOSABLE_INCOME,3.8267462858951e-07,4.701210519579216e-06,0.008046414676757957,0.0,0.0,0.0,0.0,0.0,0.0,24%
CUST0062774,DECLINED,INSAGFFICIENT_NET_DISPOSABLE_INCOME,4866.507175846859,4909.5605856294205,18322.558072072745,0.0,0.0,0.0,0.0,0.0,0.0,24%
CUST0062910,DECLINED,INSAGFFICIENT_NET_DISPOSABLE_INCOME,3.8267462858951e-07,4.701210519579216e-06,0.008046414676757957,0.0,0.0,0.0,0.0,0.0,0.0,24%
CUST0062971,DECLINED,INSAGFFICIENT_NET_DISPOSABLE_INCOME,5673.937758774924,6138.963999406097,18518.090121727204,0.0,0.0,0.0,0.0,0.0,0.0,24%
CUST0063008,DECLINED,INSAGFFICIENT_NET_DISPOSABLE_INCOME,3.8267462858951e-07,4.701210519579216e-06,0.008046414676757957,0.0,0.0,0.0,0.0,0.0,0.0,24%
CUST0063110,DECLINED,INSAGFFICIENT_NET_DISPOSABLE_INCOME,3.8267462858951e-07,4.701210519579216e-06,0.008046414676757957,0.0,0.0,0.0,0.0,0.0,0.0,24%
CUST0063131,DECLINED,INSAGFFICIENT_NET_DISPOSABLE_INCOME,3.8267462858951e-07,4.701210519579216e-06,0.008046414676757957,0.0,0.0,0.0,0.0,0.0,0.0,24%
CUST0063147,DECLINED,INSAGFFICIENT_NET_DISPOSABLE_INCOME,3.8267462858951e-07,4.701210519579216e-06,0.008046414676757957,0.0,0.0,0.0,0.0,0.0,0.0,24%
CUST0063174,DECLINED,INSAGFFICIENT_NET_DISPOSABLE_INCOME,3.8267462858951e-07,4.701210519579216e-06,0.008046414676757957,0.0,0.0,0.0,0.0,0.0,0.0,24%
CUST0063233,DECLINED,INSAGFFICIENT_NET_DISPOSABLE_INCOME,3.8267462858951e-07,4.701210519579216e-06,0.008046414676757957,0.0,0.0,0.0,0.0,0.0,0.0,24%
CUST0063304,DECLINED,INSAGFFICIENT_NET_DISPOSABLE_INCOME,3.8267462858951e-07,4.701210519579216e-06,0.008046414676757957,0.0,0.0,0.0,0.0,0.0,0.0,24%
CUST0063402,DECLINED,INSAGFFICIENT_NET_DISPOSABLE_INCOME,3.8267462858951e-07,4.701210519579216e-06,0.008046414676757957,0.0,0.0,0.0,0.0,0.0,0.0,24%
CUST0063567,DECLINED,INSAGFFICIENT_NET_DISPOSABLE_INCOME,3.8267462858951e-07,4.701210519579216e-06,0.008046414676757957,0.0,0.0,0.0,0.0,0.0,0.0,24%
CUST0063618,DECLINED,INSAGFFICIENT_NET_DISPOSABLE_INCOME,3.8267462858951e-07,4.701210519579216e-06,0.008046414676757957,0.0,0.0,0.0,0.0,0.0,0.0,24%
CUST0063702,DECLINED,INSAGFFICIENT_NET_DISPOSABLE_INCOME,3.8267462858951e-07,4.701210519579216e-06,0.008046414676757957,0.0,0.0,0.0,0.0,0.0,0.0,24%
CUST0063705,DECLINED,INSAGFFICIENT_NET_DISPOSABLE_INCOME,3.8267462858951e-07,4.701210519579216e-06,0.008046414676757957,0.0,0.0,0.0,0.0,0.0,0.0,24%
CUST0063802,DECLINED,INSAGFFICIENT_NET_DISPOSABLE_INCOME,3.8267462858951e-07,4.701210519579216e-06,0.008046414676757957,0.0,0.0,0.0,0.0,0.0,0.0,24%
CUST0063838,DECLINED,INSAGFFICIENT_NET_DISPOSABLE_INCOME,3.8267462858951e-07,4.701210519579216e-06,0.008046414676757957,0.0,0.0,0.0,0.0,0.0,0.0,24%
CUST0063850,DECLINED,INSAGFFICIENT_NET_DISPOSABLE_INCOME,6497.862515633288,9903.363498028652,15818.25291075471,0.0,0.0,0.0,0.0,0.0,0.0,24%
CUST0063887,DECLINED,INSAGFFICIENT_NET_DISPOSABLE_INCOME,3.8267462858951e-07,4.701210519579216e-06,0.008046414676757957,0.0,0.0,0.0,0.0,0.0,0.0,24%
CUST0063956,DECLINED,INSAGFFICIENT_NET_DISPOSABLE_INCOME,3.8267462858951e-07,4.701210519579216e-06,0.008046414676757957,0.0,0.0,0.0,0.0,0.0,0.0,24%
CUST0064015,DECLINED,INSAGFFICIENT_NET_DISPOSABLE_INCOME,3.8267462858951e-07,4.701210519579216e-06,0.008046414676757957,0.0,0.0,0.0,0.0,0.0,0.0,24%
CUST0064016,DECLINED,INSAGFFICIENT_NET_DISPOSABLE_INCOME,3.8267462858951e-07,4.701210519579216e-06,0.008046414676757957,0.0,0.0,0.0,0.0,0.0,0.0,24%
CUST0064075,DECLINED,INSAGFFICIENT_NET_DISPOSABLE_INCOME,3.8267462858951e-07,4.701210519579216e-06,0.008046414676757957,0.0,0.0,0.0,0.0,0.0,0.0,24%
CUST0064078,DECLINED,INSAGFFICIENT_NET_DISPOSABLE_INCOME,6592.481377360541,6933.25704292948,18171.714136602677,0.0,0.0,0.0,0.0,0.0,0.0,24%
CUST0064079,DECLINED,INSAGFFICIENT_NET_DISPOSABLE_INCOME,3.8267462858951e-07,4.701210519579216e-06,0.008046414676757957,0.0,0.0,0.0,0.0,0.0,0.0,24%
CUST0064191,DECLINED,INSAGFFICIENT_NET_DISPOSABLE_INCOME,3.8267462858951e-07,4.701210519579216e-06,0.008046414676757957,0.0,0.0,0.0,0.0,0.0,0.0,24%
CUST0064239,DECLINED,INSAGFFICIENT_NET_DISPOSABLE_INCOME,3.8267462858951e-07,4.701210519579216e-06,0.008046414676757957,0.0,0.0,0.0,0.0,0.0,0.0,24%
CUST0064241,DECLINED,INSAGFFICIENT_NET_DISPOSABLE_INCOME,3.8267462858951e-07,4.701210519579216e-06,0.008046414676757957,0.0,0.0,0.0,0.0,0.0,0.0,24%
CUST0064313,DECLINED,INSAGFFICIENT_NET_DISPOSABLE_INCOME,3.8267462858951e-07,4.701210519579216e-06,0.008046414676757957,0.0,0.0,0.0,0.0,0.0,0.0,24%
CUST0064334,DECLINED,INSAGFFICIENT_NET_DISPOSABLE_INCOME,3.8267462858951e-07,4.701210519579216e-06,0.008046414676757957,0.0,0.0,0.0,0.0,0.0,0.0,24%
CUST0064362,DECLINED,INSAGFFICIENT_NET_DISPOSABLE_INCOME,3.8267462858951e-07,4.701210519579216e-06,0.008046414676757957,0.0,0.0,0.0,0.0,0.0,0.0,24%
CUST0064378,DECLINED,INSAGFFICIENT_NET_DISPOSABLE_INCOME,3902.8171110397566,20106.97126991227,36163.55800138149,0.0,0.0,0.0,0.0,0.0,0.0,24%
CUST0064416,DECLINED,INSAGFFICIENT_NET_DISPOSABLE_INCOME,4894.996616551793,5342.062961869736,18344.490337707197,0.0,0.0,0.0,0.0,0.0,0.0,24%
CUST0064504,DECLINED,INSAGFFICIENT_NET_DISPOSABLE_INCOME,3.8267462858951e-07,4.701210519579216e-06,0.008046414676757957,0.0,0.0,0.0,0.0,0.0,0.0,24%
CUST0064542,DECLINED,INSAGFFICIENT_NET_DISPOSABLE_INCOME,3.8267462858951e-07,4.701210519579216e-06,0.008046414676757957,0.0,0.0,0.0,0.0,0.0,0.0,24%
CUST0064618,DECLINED,INSAGFFICIENT_NET_DISPOSABLE_INCOME,3.8267462858951e-07,4.701210519579216e-06,0.008046414676757957,0.0,0.0,0.0,0.0,0.0,0.0,24%
CUST0064729,DECLINED,INSAGFFICIENT_NET_DISPOSABLE_INCOME,6395.017580747164,6575.027169885077,18356.941197797576,0.0,0.0,0.0,0.0,0.0,0.0,24%
CUST0064777,DECLINED,INSAGFFICIENT_NET_DISPOSABLE_INCOME,3902.8171110397566,20106.97126991227,36163.55800138149,0.0,0.0,0.0,0.0,0.0,0.0,24%
CUST0064810,DECLINED,INSAGFFICIENT_NET_DISPOSABLE_INCOME,3902.8171110397566,20106.97126991227,36163.55800138149,0.0,0.0,0.0,0.0,0.0,0.0,24%
CUST0065003,DECLINED,INSAGFFICIENT_NET_DISPOSABLE_INCOME,3.8267462858951e-07,4.701210519579216e-06,0.008046414676757957,0.0,0.0,0.0,0.0,0.0,0.0,24%
CUST0065045,DECLINED,INSAGFFICIENT_NET_DISPOSABLE_INCOME,3.8267462858951e-07,4.701210519579216e-06,0.008046414676757957,0.0,0.0,0.0,0.0,0.0,0.0,24%
CUST0065071,DECLINED,INSAGFFICIENT_NET_DISPOSABLE_INCOME,3.8267462858951e-07,4.701210519579216e-06,0.008046414676757957,0.0,0.0,0.0,0.0,0.0,0.0,24%
CUST0065193,DECLINED,INSAGFFICIENT_NET_DISPOSABLE_INCOME,3.8267462858951e-07,4.701210519579216e-06,0.008046414676757957,0.0,0.0,0.0,0.0,0.0,0.0,24%
CUST0065196,DECLINED,INSAGFFICIENT_NET_DISPOSABLE_INCOME,3.8267462858951e-07,4.701210519579216e-06,0.008046414676757957,0.0,0.0,0.0,0.0,0.0,0.0,24%
CUST0065263,DECLINED,INSAGFFICIENT_NET_DISPOSABLE_INCOME,6489.173193461747,8415.46891455564,15257.658476970442,0.0,0.0,0.0,0.0,0.0,0.0,24%
CUST0065319,DECLINED,INSAGFFICIENT_NET_DISPOSABLE_INCOME,3.8267462858951e-07,4.701210519579216e-06,0.008046414676757957,0.0,0.0,0.0,0.0,0.0,0.0,24%
CUST0065329,DECLINED,INSAGFFICIENT_NET_DISPOSABLE_INCOME,3.8267462858951e-07,4.701210519579216e-06,0.008046414676757957,0.0,0.0,0.0,0.0,0.0,0.0,24%
CUST0065412,DECLINED,INSAGFFICIENT_NET_DISPOSABLE_INCOME,3.8267462858951e-07,4.701210519579216e-06,0.008046414676757957,0.0,0.0,0.0,0.0,0.0,0.0,24%
CUST0065424,DECLINED,INSAGFFICIENT_NET_DISPOSABLE_INCOME,3.8267462858951e-07,4.701210519579216e-06,0.008046414676757957,0.0,0.0,0.0,0.0,0.0,0.0,24%
CUST0065454,DECLINED,INSAGFFICIENT_NET_DISPOSABLE_INCOME,3.8267462858951e-07,4.701210519579216e-06,0.008046414676757957,0.0,0.0,0.0,0.0,0.0,0.0,24%
CUST0065616,DECLINED,INSAGFFICIENT_NET_DISPOSABLE_INCOME,3.8267462858951e-07,4.701210519579216e-06,0.008046414676757957,0.0,0.0,0.0,0.0,0.0,0.0,24%
CUST0065699,DECLINED,INSAGFFICIENT_NET_DISPOSABLE_INCOME,3.8267462858951e-07,4.701210519579216e-06,0.008046414676757957,0.0,0.0,0.0,0.0,0.0,0.0,24%
CUST0065704,DECLINED,INSAGFFICIENT_NET_DISPOSABLE_INCOME,3.8267462858951e-07,4.701210519579216e-06,0.008046414676757957,0.0,0.0,0.0,0.0,0.0,0.0,24%
CUST0065714,DECLINED,INSAGFFICIENT_NET_DISPOSABLE_INCOME,3.8267462858951e-07,4.701210519579216e-06,0.008046414676757957,0.0,0.0,0.0,0.0,0.0,0.0,24%
CUST0065724,DECLINED,INSAGFFICIENT_NET_DISPOSABLE_INCOME,2746.3981779642436,3647.1945776204693,18084.221939736344,0.0,0.0,0.0,0.0,0.0,0.0,24%
CUST0065780,DECLINED,INSAGFFICIENT_NET_DISPOSABLE_INCOME,3.8267462858951e-07,4.701210519579216e-06,0.008046414676757957,0.0,0.0,0.0,0.0,0.0,0.0,24%
CUST0065790,DECLINED,INSAGFFICIENT_NET_DISPOSABLE_INCOME,3.8267462858951e-07,4.701210519579216e-06,0.008046414676757957,0.0,0.0,0.0,0.0,0.0,0.0,24%
CUST0065809,DECLINED,INSAGFFICIENT_NET_DISPOSABLE_INCOME,3.8267462858951e-07,4.701210519579216e-06,0.008046414676757957,0.0,0.0,0.0,0.0,0.0,0.0,24%
CUST0065818,DECLINED,INSAGFFICIENT_NET_DISPOSABLE_INCOME,3.8267462858951e-07,4.701210519579216e-06,0.008046414676757957,0.0,0.0,0.0,0.0,0.0,0.0,24%
CUST0065891,DECLINED,INSAGFFICIENT_NET_DISPOSABLE_INCOME,3.8267462858951e-07,4.701210519579216e-06,0.008046414676757957,0.0,0.0,0.0,0.0,0.0,0.0,24%
CUST0065945,DECLINED,INSAGFFICIENT_NET_DISPOSABLE_INCOME,3.8267462858951e-07,4.701210519579216e-06,0.008046414676757957,0.0,0.0,0.0,0.0,0.0,0.0,24%
CUST0066068,DECLINED,INSAGFFICIENT_NET_DISPOSABLE_INCOME,3.8267462858951e-07,4.701210519579216e-06,0.008046414676757957,0.0,0.0,0.0,0.0,0.0,0.0,24%
CUST0066186,DECLINED,INSAGFFICIENT_NET_DISPOSABLE_INCOME,3.8267462858951e-07,4.701210519579216e-06,0.008046414676757957,0.0,0.0,0.0,0.0,0.0,0.0,24%
CUST0066230,DECLINED,INSAGFFICIENT_NET_DISPOSABLE_INCOME,3.8267462858951e-07,4.701210519579216e-06,0.008046414676757957,0.0,0.0,0.0,0.0,0.0,0.0,24%
CUST0066621,DECLINED,INSAGFFICIENT_NET_DISPOSABLE_INCOME,3.8267462858951e-07,4.701210519579216e-06,0.008046414676757957,0.0,0.0,0.0,0.0,0.0,0.0,24%
CUST0066708,DECLINED,INSAGFFICIENT_NET_DISPOSABLE_INCOME,3.8267462858951e-07,4.701210519579216e-06,0.008046414676757957,0.0,0.0,0.0,0.0,0.0,0.0,24%
CUST0066713,DECLINED,INSAGFFICIENT_NET_DISPOSABLE_INCOME,3.8267462858951e-07,4.701210519579216e-06,0.008046414676757957,0.0,0.0,0.0,0.0,0.0,0.0,24%
CUST0066769,DECLINED,INSAGFFICIENT_NET_DISPOSABLE_INCOME,3.8267462858951e-07,4.701210519579216e-06,0.008046414676757957,0.0,0.0,0.0,0.0,0.0,0.0,24%
CUST0066779,DECLINED,INSAGFFICIENT_NET_DISPOSABLE_INCOME,3.8267462858951e-07,4.701210519579216e-06,0.008046414676757957,0.0,0.0,0.0,0.0,0.0,0.0,24%
CUST0066818,DECLINED,INSAGFFICIENT_NET_DISPOSABLE_INCOME,3.8267462858951e-07,4.701210519579216e-06,0.008046414676757957,0.0,0.0,0.0,0.0,0.0,0.0,24%
CUST0066836,DECLINED,INSAGFFICIENT_NET_DISPOSABLE_INCOME,3.8267462858951e-07,4.701210519579216e-06,0.008046414676757957,0.0,0.0,0.0,0.0,0.0,0.0,24%
CUST0066893,DECLINED,INSAGFFICIENT_NET_DISPOSABLE_INCOME,3.8267462858951e-07,4.701210519579216e-06,0.008046414676757957,0.0,0.0,0.0,0.0,0.0,0.0,24%
CUST0066987,DECLINED,INSAGFFICIENT_NET_DISPOSABLE_INCOME,6496.151032956467,8419.791331507418,15257.658476970442,0.0,0.0,0.0,0.0,0.0,0.0,24%
CUST0067000,DECLINED,INSAGFFICIENT_NET_DISPOSABLE_INCOME,3.8267462858951e-07,4.701210519579216e-06,0.008046414676757957,0.0,0.0,0.0,0.0,0.0,0.0,24%
CUST0067017,DECLINED,INSAGFFICIENT_NET_DISPOSABLE_INCOME,3.8267462858951e-07,4.701210519579216e-06,0.008046414676757957,0.0,0.0,0.0,0.0,0.0,0.0,24%
CUST0067060,DECLINED,INSAGFFICIENT_NET_DISPOSABLE_INCOME,3.8267462858951e-07,4.701210519579216e-06,0.008046414676757957,0.0,0.0,0.0,0.0,0.0,0.0,24%
CUST0067094,DECLINED,INSAGFFICIENT_NET_DISPOSABLE_INCOME,3.8267462858951e-07,4.701210519579216e-06,0.008046414676757957,0.0,0.0,0.0,0.0,0.0,0.0,24%
CUST0067178,DECLINED,INSAGFFICIENT_NET_DISPOSABLE_INCOME,3.8267462858951e-07,4.701210519579216e-06,0.008046414676757957,0.0,0.0,0.0,0.0,0.0,0.0,24%
CUST0067250,DECLINED,INSAGFFICIENT_NET_DISPOSABLE_INCOME,3.8267462858951e-07,4.701210519579216e-06,0.008046414676757957,0.0,0.0,0.0,0.0,0.0,0.0,24%
CUST0067262,DECLINED,INSAGFFICIENT_NET_DISPOSABLE_INCOME,3.8267462858951e-07,4.701210519579216e-06,0.008046414676757957,0.0,0.0,0.0,0.0,0.0,0.0,24%
CUST0067319,DECLINED,INSAGFFICIENT_NET_DISPOSABLE_INCOME,3.8267462858951e-07,4.701210519579216e-06,0.008046414676757957,0.0,0.0,0.0,0.0,0.0,0.0,24%
CUST0067328,DECLINED,INSAGFFICIENT_NET_DISPOSABLE_INCOME,3.8267462858951e-07,4.701210519579216e-06,0.008046414676757957,0.0,0.0,0.0,0.0,0.0,0.0,24%
CUST0067338,DECLINED,INSAGFFICIENT_NET_DISPOSABLE_INCOME,3.8267462858951e-07,4.701210519579216e-06,0.008046414676757957,0.0,0.0,0.0,0.0,0.0,0.0,24%
CUST0067345,DECLINED,INSAGFFICIENT_NET_DISPOSABLE_INCOME,3.8267462858951e-07,4.701210519579216e-06,0.008046414676757957,0.0,0.0,0.0,0.0,0.0,0.0,24%
CUST0067477,DECLINED,INSAGFFICIENT_NET_DISPOSABLE_INCOME,3.8267462858951e-07,4.701210519579216e-06,0.008046414676757957,0.0,0.0,0.0,0.0,0.0,0.0,24%
CUST0067492,DECLINED,INSAGFFICIENT_NET_DISPOSABLE_INCOME,3.8267462858951e-07,4.701210519579216e-06,0.008046414676757957,0.0,0.0,0.0,0.0,0.0,0.0,24%
CUST0067566,DECLINED,INSAGFFICIENT_NET_DISPOSABLE_INCOME,3.8267462858951e-07,4.701210519579216e-06,0.008046414676757957,0.0,0.0,0.0,0.0,0.0,0.0,24%
CUST0067590,DECLINED,INSAGFFICIENT_NET_DISPOSABLE_INCOME,3.8267462858951e-07,4.701210519579216e-06,0.008046414676757957,0.0,0.0,0.0,0.0,0.0,0.0,24%
CUST0067607,DECLINED,INSAGFFICIENT_NET_DISPOSABLE_INCOME,3.8267462858951e-07,4.701210519579216e-06,0.008046414676757957,0.0,0.0,0.0,0.0,0.0,0.0,24%
CUST0067653,DECLINED,INSAGFFICIENT_NET_DISPOSABLE_INCOME,3.8267462858951e-07,4.701210519579216e-06,0.008046414676757957,0.0,0.0,0.0,0.0,0.0,0.0,24%
CUST0067670,DECLINED,INSAGFFICIENT_NET_DISPOSABLE_INCOME,4880.1328399835875,5349.954094756594,18425.358244594514,0.0,0.0,0.0,0.0,0.0,0.0,24%
CUST0067719,DECLINED,INSAGFFICIENT_NET_DISPOSABLE_INCOME,3.8267462858951e-07,4.701210519579216e-06,0.008046414676757957,0.0,0.0,0.0,0.0,0.0,0.0,24%
CUST0067748,DECLINED,INSAGFFICIENT_NET_DISPOSABLE_INCOME,3.8267462858951e-07,4.701210519579216e-06,0.008046414676757957,0.0,0.0,0.0,0.0,0.0,0.0,24%
CUST0067763,DECLINED,INSAGFFICIENT_NET_DISPOSABLE_INCOME,3.8267462858951e-07,4.701210519579216e-06,0.008046414676757957,0.0,0.0,0.0,0.0,0.0,0.0,24%
CUST0067865,DECLINED,INSAGFFICIENT_NET_DISPOSABLE_INCOME,3.8267462858951e-07,4.701210519579216e-06,0.008046414676757957,0.0,0.0,0.0,0.0,0.0,0.0,24%
CUST0068007,DECLINED,INSAGFFICIENT_NET_DISPOSABLE_INCOME,3.8267462858951e-07,4.701210519579216e-06,0.008046414676757957,0.0,0.0,0.0,0.0,0.0,0.0,24%
CUST0068020,DECLINED,INSAGFFICIENT_NET_DISPOSABLE_INCOME,3.8267462858951e-07,4.701210519579216e-06,0.008046414676757957,0.0,0.0,0.0,0.0,0.0,0.0,24%
CUST0068061,DECLINED,INSAGFFICIENT_NET_DISPOSABLE_INCOME,6625.254497534621,7182.180402694767,19145.129102839666,0.0,0.0,0.0,0.0,0.0,0.0,24%
CUST0068154,DECLINED,INSAGFFICIENT_NET_DISPOSABLE_INCOME,3.8267462858951e-07,4.701210519579216e-06,0.008046414676757957,0.0,0.0,0.0,0.0,0.0,0.0,24%
CUST0068264,DECLINED,INSAGFFICIENT_NET_DISPOSABLE_INCOME,3.8267462858951e-07,4.701210519579216e-06,0.008046414676757957,0.0,0.0,0.0,0.0,0.0,0.0,24%
CUST0068271,DECLINED,INSAGFFICIENT_NET_DISPOSABLE_INCOME,3.8267462858951e-07,4.701210519579216e-06,0.008046414676757957,0.0,0.0,0.0,0.0,0.0,0.0,24%
CUST0068281,DECLINED,INSAGFFICIENT_NET_DISPOSABLE_INCOME,3.8267462858951e-07,4.701210519579216e-06,0.008046414676757957,0.0,0.0,0.0,0.0,0.0,0.0,24%
CUST0068315,DECLINED,INSAGFFICIENT_NET_DISPOSABLE_INCOME,3.8267462858951e-07,4.701210519579216e-06,0.008046414676757957,0.0,0.0,0.0,0.0,0.0,0.0,24%
CUST0068426,DECLINED,INSAGFFICIENT_NET_DISPOSABLE_INCOME,3.8267462858951e-07,4.701210519579216e-06,0.008046414676757957,0.0,0.0,0.0,0.0,0.0,0.0,24%
CUST0068476,DECLINED,INSAGFFICIENT_NET_DISPOSABLE_INCOME,3.8267462858951e-07,4.701210519579216e-06,0.008046414676757957,0.0,0.0,0.0,0.0,0.0,0.0,24%
CUST0068494,DECLINED,INSAGFFICIENT_NET_DISPOSABLE_INCOME,3.8267462858951e-07,4.701210519579216e-06,0.008046414676757957,0.0,0.0,0.0,0.0,0.0,0.0,24%
CUST0068559,DECLINED,INSAGFFICIENT_NET_DISPOSABLE_INCOME,3.8267462858951e-07,4.701210519579216e-06,0.008046414676757957,0.0,0.0,0.0,0.0,0.0,0.0,24%
CUST0068593,DECLINED,INSAGFFICIENT_NET_DISPOSABLE_INCOME,3.8267462858951e-07,4.701210519579216e-06,0.008046414676757957,0.0,0.0,0.0,0.0,0.0,0.0,24%
CUST0068644,DECLINED,INSAGFFICIENT_NET_DISPOSABLE_INCOME,3.8267462858951e-07,4.701210519579216e-06,0.008046414676757957,0.0,0.0,0.0,0.0,0.0,0.0,24%
CUST0068759,DECLINED,INSAGFFICIENT_NET_DISPOSABLE_INCOME,6496.151032956467,9537.446090935744,15818.25291075471,0.0,0.0,0.0,0.0,0.0,0.0,24%
CUST0068768,DECLINED,INSAGFFICIENT_NET_DISPOSABLE_INCOME,3.8267462858951e-07,4.701210519579216e-06,0.008046414676757957,0.0,0.0,0.0,0.0,0.0,0.0,24%
CUST0068810,DECLINED,INSAGFFICIENT_NET_DISPOSABLE_INCOME,3.8267462858951e-07,4.701210519579216e-06,0.008046414676757957,0.0,0.0,0.0,0.0,0.0,0.0,24%
CUST0068870,DECLINED,INSAGFFICIENT_NET_DISPOSABLE_INCOME,3.8267462858951e-07,4.701210519579216e-06,0.008046414676757957,0.0,0.0,0.0,0.0,0.0,0.0,24%
CUST0068882,DECLINED,INSAGFFICIENT_NET_DISPOSABLE_INCOME,3.8267462858951e-07,4.701210519579216e-06,0.008046414676757957,0.0,0.0,0.0,0.0,0.0,0.0,24%
CUST0068964,DECLINED,INSAGFFICIENT_NET_DISPOSABLE_INCOME,3.8267462858951e-07,4.701210519579216e-06,0.008046414676757957,0.0,0.0,0.0,0.0,0.0,0.0,24%
CUST0068984,DECLINED,INSAGFFICIENT_NET_DISPOSABLE_INCOME,3.8267462858951e-07,4.701210519579216e-06,0.008046414676757957,0.0,0.0,0.0,0.0,0.0,0.0,24%
CUST0069079,DECLINED,INSAGFFICIENT_NET_DISPOSABLE_INCOME,3.8267462858951e-07,4.701210519579216e-06,0.008046414676757957,0.0,0.0,0.0,0.0,0.0,0.0,24%
CUST0069086,DECLINED,INSAGFFICIENT_NET_DISPOSABLE_INCOME,3.8267462858951e-07,4.701210519579216e-06,0.008046414676757957,0.0,0.0,0.0,0.0,0.0,0.0,24%
CUST0069088,DECLINED,INSAGFFICIENT_NET_DISPOSABLE_INCOME,5931.952114837515,6631.471714502372,19156.502888616757,0.0,0.0,0.0,0.0,0.0,0.0,24%
CUST0069092,DECLINED,INSAGFFICIENT_NET_DISPOSABLE_INCOME,3.8267462858951e-07,4.701210519579216e-06,0.008046414676757957,0.0,0.0,0.0,0.0,0.0,0.0,24%
CUST0069133,DECLINED,INSAGFFICIENT_NET_DISPOSABLE_INCOME,3.8267462858951e-07,4.701210519579216e-06,0.008046414676757957,0.0,0.0,0.0,0.0,0.0,0.0,24%
CUST0069200,DECLINED,INSAGFFICIENT_NET_DISPOSABLE_INCOME,3.8267462858951e-07,4.701210519579216e-06,0.008046414676757957,0.0,0.0,0.0,0.0,0.0,0.0,24%
CUST0069238,DECLINED,INSAGFFICIENT_NET_DISPOSABLE_INCOME,3902.8171110397566,20106.97126991227,36163.55800138149,0.0,0.0,0.0,0.0,0.0,0.0,24%
CUST0069259,DECLINED,INSAGFFICIENT_NET_DISPOSABLE_INCOME,3.8267462858951e-07,4.701210519579216e-06,0.008046414676757957,0.0,0.0,0.0,0.0,0.0,0.0,24%
CUST0069260,DECLINED,INSAGFFICIENT_NET_DISPOSABLE_INCOME,3.8267462858951e-07,4.701210519579216e-06,0.008046414676757957,0.0,0.0,0.0,0.0,0.0,0.0,24%
CUST0069263,DECLINED,INSAGFFICIENT_NET_DISPOSABLE_INCOME,3.8267462858951e-07,4.701210519579216e-06,0.008046414676757957,0.0,0.0,0.0,0.0,0.0,0.0,24%
CUST0069328,DECLINED,INSAGFFICIENT_NET_DISPOSABLE_INCOME,3.8267462858951e-07,4.701210519579216e-06,0.008046414676757957,0.0,0.0,0.0,0.0,0.0,0.0,24%
CUST0069407,DECLINED,INSAGFFICIENT_NET_DISPOSABLE_INCOME,3.8267462858951e-07,4.701210519579216e-06,0.008046414676757957,0.0,0.0,0.0,0.0,0.0,0.0,24%
CUST0069484,DECLINED,INSAGFFICIENT_NET_DISPOSABLE_INCOME,3.8267462858951e-07,4.701210519579216e-06,0.008046414676757957,0.0,0.0,0.0,0.0,0.0,0.0,24%
CUST0069500,DECLINED,INSAGFFICIENT_NET_DISPOSABLE_INCOME,3.8267462858951e-07,4.701210519579216e-06,0.008046414676757957,0.0,0.0,0.0,0.0,0.0,0.0,24%
CUST0069509,DECLINED,INSAGFFICIENT_NET_DISPOSABLE_INCOME,3.8267462858951e-07,4.701210519579216e-06,0.008046414676757957,0.0,0.0,0.0,0.0,0.0,0.0,24%
CUST0069527,DECLINED,INSAGFFICIENT_NET_DISPOSABLE_INCOME,3.8267462858951e-07,4.701210519579216e-06,0.008046414676757957,0.0,0.0,0.0,0.0,0.0,0.0,24%
CUST0069536,DECLINED,INSAGFFICIENT_NET_DISPOSABLE_INCOME,5448.114278303487,5684.226129637131,12363.536989682325,0.0,0.0,0.0,0.0,0.0,0.0,24%
CUST0069592,DECLINED,INSAGFFICIENT_NET_DISPOSABLE_INCOME,3.8267462858951e-07,4.701210519579216e-06,0.008046414676757957,0.0,0.0,0.0,0.0,0.0,0.0,24%
CUST0069599,DECLINED,INSAGFFICIENT_NET_DISPOSABLE_INCOME,3.8267462858951e-07,4.701210519579216e-06,0.008046414676757957,0.0,0.0,0.0,0.0,0.0,0.0,24%
CUST0069640,DECLINED,INSAGFFICIENT_NET_DISPOSABLE_INCOME,3.8267462858951e-07,4.701210519579216e-06,0.008046414676757957,0.0,0.0,0.0,0.0,0.0,0.0,24%
CUST0069644,DECLINED,INSAGFFICIENT_NET_DISPOSABLE_INCOME,3.8267462858951e-07,4.701210519579216e-06,0.008046414676757957,0.0,0.0,0.0,0.0,0.0,0.0,24%
CUST0069694,DECLINED,INSAGFFICIENT_NET_DISPOSABLE_INCOME,3.8267462858951e-07,4.701210519579216e-06,0.008046414676757957,0.0,0.0,0.0,0.0,0.0,0.0,24%
CUST0069753,DECLINED,INSAGFFICIENT_NET_DISPOSABLE_INCOME,3.8267462858951e-07,4.701210519579216e-06,0.008046414676757957,0.0,0.0,0.0,0.0,0.0,0.0,24%
CUST0069803,DECLINED,INSAGFFICIENT_NET_DISPOSABLE_INCOME,3.8267462858951e-07,4.701210519579216e-06,0.008046414676757957,0.0,0.0,0.0,0.0,0.0,0.0,24%
CUST0069823,DECLINED,INSAGFFICIENT_NET_DISPOSABLE_INCOME,6561.0689889602245,7208.252967431001,18568.402040405614,0.0,0.0,0.0,0.0,0.0,0.0,24%
CUST0069839,DECLINED,INSAGFFICIENT_NET_DISPOSABLE_INCOME,3.8267462858951e-07,4.701210519579216e-06,0.008046414676757957,0.0,0.0,0.0,0.0,0.0,0.0,24%
CUST0069921,DECLINED,INSAGFFICIENT_NET_DISPOSABLE_INCOME,3.8267462858951e-07,4.701210519579216e-06,0.008046414676757957,0.0,0.0,0.0,0.0,0.0,0.0,24%
CUST0069934,DECLINED,INSAGFFICIENT_NET_DISPOSABLE_INCOME,3.8267462858951e-07,4.701210519579216e-06,0.008046414676757957,0.0,0.0,0.0,0.0,0.0,0.0,24%
CUST0069956,DECLINED,INSAGFFICIENT_NET_DISPOSABLE_INCOME,3.8267462858951e-07,4.701210519579216e-06,0.008046414676757957,0.0,0.0,0.0,0.0,0.0,0.0,24%
CUST0070062,DECLINED,INSAGFFICIENT_NET_DISPOSABLE_INCOME,3.8267462858951e-07,4.701210519579216e-06,0.008046414676757957,0.0,0.0,0.0,0.0,0.0,0.0,24%
CUST0070141,DECLINED,INSAGFFICIENT_NET_DISPOSABLE_INCOME,3.8267462858951e-07,4.701210519579216e-06,0.008046414676757957,0.0,0.0,0.0,0.0,0.0,0.0,24%
CUST0070148,DECLINED,INSAGFFICIENT_NET_DISPOSABLE_INCOME,3.8267462858951e-07,4.701210519579216e-06,0.008046414676757957,0.0,0.0,0.0,0.0,0.0,0.0,24%
CUST0070172,DECLINED,INSAGFFICIENT_NET_DISPOSABLE_INCOME,3.8267462858951e-07,4.701210519579216e-06,0.008046414676757957,0.0,0.0,0.0,0.0,0.0,0.0,24%
CUST0070177,DECLINED,INSAGFFICIENT_NET_DISPOSABLE_INCOME,3.8267462858951e-07,4.701210519579216e-06,0.008046414676757957,0.0,0.0,0.0,0.0,0.0,0.0,24%
CUST0070190,DECLINED,INSAGFFICIENT_NET_DISPOSABLE_INCOME,3.8267462858951e-07,4.701210519579216e-06,0.008046414676757957,0.0,0.0,0.0,0.0,0.0,0.0,24%
CUST0070231,DECLINED,INSAGFFICIENT_NET_DISPOSABLE_INCOME,3.8267462858951e-07,4.701210519579216e-06,0.008046414676757957,0.0,0.0,0.0,0.0,0.0,0.0,24%
CUST0070257,DECLINED,INSAGFFICIENT_NET_DISPOSABLE_INCOME,3.8267462858951e-07,4.701210519579216e-06,0.008046414676757957,0.0,0.0,0.0,0.0,0.0,0.0,24%
CUST0070293,DECLINED,INSAGFFICIENT_NET_DISPOSABLE_INCOME,3.8267462858951e-07,4.701210519579216e-06,0.008046414676757957,0.0,0.0,0.0,0.0,0.0,0.0,24%
CUST0070345,DECLINED,INSAGFFICIENT_NET_DISPOSABLE_INCOME,3.8267462858951e-07,4.701210519579216e-06,0.008046414676757957,0.0,0.0,0.0,0.0,0.0,0.0,24%
CUST0070377,DECLINED,INSAGFFICIENT_NET_DISPOSABLE_INCOME,3.8267462858951e-07,4.701210519579216e-06,0.008046414676757957,0.0,0.0,0.0,0.0,0.0,0.0,24%
CUST0070455,DECLINED,INSAGFFICIENT_NET_DISPOSABLE_INCOME,3.8267462858951e-07,4.701210519579216e-06,0.008046414676757957,0.0,0.0,0.0,0.0,0.0,0.0,24%
CUST0070456,DECLINED,INSAGFFICIENT_NET_DISPOSABLE_INCOME,3.8267462858951e-07,4.701210519579216e-06,0.008046414676757957,0.0,0.0,0.0,0.0,0.0,0.0,24%
CUST0070623,DECLINED,INSAGFFICIENT_NET_DISPOSABLE_INCOME,3.8267462858951e-07,4.701210519579216e-06,0.008046414676757957,0.0,0.0,0.0,0.0,0.0,0.0,24%
CUST0070631,DECLINED,INSAGFFICIENT_NET_DISPOSABLE_INCOME,3902.8171110397566,20106.97126991227,36163.55800138149,0.0,0.0,0.0,0.0,0.0,0.0,24%
CUST0070746,DECLINED,INSAGFFICIENT_NET_DISPOSABLE_INCOME,3.8267462858951e-07,4.701210519579216e-06,0.008046414676757957,0.0,0.0,0.0,0.0,0.0,0.0,24%
CUST0070763,DECLINED,INSAGFFICIENT_NET_DISPOSABLE_INCOME,3.8267462858951e-07,4.701210519579216e-06,0.008046414676757957,0.0,0.0,0.0,0.0,0.0,0.0,24%
CUST0070800,DECLINED,INSAGFFICIENT_NET_DISPOSABLE_INCOME,3.8267462858951e-07,4.701210519579216e-06,0.008046414676757957,0.0,0.0,0.0,0.0,0.0,0.0,24%
CUST0070804,DECLINED,INSAGFFICIENT_NET_DISPOSABLE_INCOME,3.8267462858951e-07,4.701210519579216e-06,0.008046414676757957,0.0,0.0,0.0,0.0,0.0,0.0,24%
CUST0070966,DECLINED,INSAGFFICIENT_NET_DISPOSABLE_INCOME,3.8267462858951e-07,4.701210519579216e-06,0.008046414676757957,0.0,0.0,0.0,0.0,0.0,0.0,24%
CUST0071010,DECLINED,INSAGFFICIENT_NET_DISPOSABLE_INCOME,3.8267462858951e-07,4.701210519579216e-06,0.008046414676757957,0.0,0.0,0.0,0.0,0.0,0.0,24%
CUST0071026,DECLINED,INSAGFFICIENT_NET_DISPOSABLE_INCOME,3.8267462858951e-07,4.701210519579216e-06,0.008046414676757957,0.0,0.0,0.0,0.0,0.0,0.0,24%
CUST0071083,DECLINED,INSAGFFICIENT_NET_DISPOSABLE_INCOME,3.8267462858951e-07,4.701210519579216e-06,0.008046414676757957,0.0,0.0,0.0,0.0,0.0,0.0,24%
CUST0071106,DECLINED,INSAGFFICIENT_NET_DISPOSABLE_INCOME,3.8267462858951e-07,4.701210519579216e-06,0.008046414676757957,0.0,0.0,0.0,0.0,0.0,0.0,24%
CUST0071205,DECLINED,INSAGFFICIENT_NET_DISPOSABLE_INCOME,3.8267462858951e-07,4.701210519579216e-06,0.008046414676757957,0.0,0.0,0.0,0.0,0.0,0.0,24%
CUST0071234,DECLINED,INSAGFFICIENT_NET_DISPOSABLE_INCOME,3.8267462858951e-07,4.701210519579216e-06,0.008046414676757957,0.0,0.0,0.0,0.0,0.0,0.0,24%
CUST0071243,DECLINED,INSAGFFICIENT_NET_DISPOSABLE_INCOME,4767.6277895075145,5840.707856132492,21135.632417220688,0.0,0.0,0.0,0.0,0.0,0.0,24%
CUST0071317,DECLINED,INSAGFFICIENT_NET_DISPOSABLE_INCOME,3.8267462858951e-07,4.701210519579216e-06,0.008046414676757957,0.0,0.0,0.0,0.0,0.0,0.0,24%
CUST0071438,DECLINED,INSAGFFICIENT_NET_DISPOSABLE_INCOME,3.8267462858951e-07,4.701210519579216e-06,0.008046414676757957,0.0,0.0,0.0,0.0,0.0,0.0,24%
CUST0071458,DECLINED,INSAGFFICIENT_NET_DISPOSABLE_INCOME,3.8267462858951e-07,4.701210519579216e-06,0.008046414676757957,0.0,0.0,0.0,0.0,0.0,0.0,24%
CUST0071513,DECLINED,INSAGFFICIENT_NET_DISPOSABLE_INCOME,3.8267462858951e-07,4.701210519579216e-06,0.008046414676757957,0.0,0.0,0.0,0.0,0.0,0.0,24%
CUST0071592,DECLINED,INSAGFFICIENT_NET_DISPOSABLE_INCOME,3.8267462858951e-07,4.701210519579216e-06,0.008046414676757957,0.0,0.0,0.0,0.0,0.0,0.0,24%
CUST0071761,DECLINED,INSAGFFICIENT_NET_DISPOSABLE_INCOME,3.8267462858951e-07,4.701210519579216e-06,0.008046414676757957,0.0,0.0,0.0,0.0,0.0,0.0,24%
CUST0071809,DECLINED,INSAGFFICIENT_NET_DISPOSABLE_INCOME,3902.8171110397566,20106.97126991227,36163.55800138149,0.0,0.0,0.0,0.0,0.0,0.0,24%
CUST0071841,DECLINED,INSAGFFICIENT_NET_DISPOSABLE_INCOME,3.8267462858951e-07,4.701210519579216e-06,0.008046414676757957,0.0,0.0,0.0,0.0,0.0,0.0,24%
CUST0071862,DECLINED,INSAGFFICIENT_NET_DISPOSABLE_INCOME,3.8267462858951e-07,4.701210519579216e-06,0.008046414676757957,0.0,0.0,0.0,0.0,0.0,0.0,24%
CUST0071964,DECLINED,INSAGFFICIENT_NET_DISPOSABLE_INCOME,3.8267462858951e-07,4.701210519579216e-06,0.008046414676757957,0.0,0.0,0.0,0.0,0.0,0.0,24%
CUST0071969,DECLINED,INSAGFFICIENT_NET_DISPOSABLE_INCOME,3.8267462858951e-07,4.701210519579216e-06,0.008046414676757957,0.0,0.0,0.0,0.0,0.0,0.0,24%
CUST0071994,DECLINED,INSAGFFICIENT_NET_DISPOSABLE_INCOME,3.8267462858951e-07,4.701210519579216e-06,0.008046414676757957,0.0,0.0,0.0,0.0,0.0,0.0,24%
CUST0072001,DECLINED,INSAGFFICIENT_NET_DISPOSABLE_INCOME,3.8267462858951e-07,4.701210519579216e-06,0.008046414676757957,0.0,0.0,0.0,0.0,0.0,0.0,24%
CUST0072189,DECLINED,INSAGFFICIENT_NET_DISPOSABLE_INCOME,3.8267462858951e-07,4.701210519579216e-06,0.008046414676757957,0.0,0.0,0.0,0.0,0.0,0.0,24%
CUST0072213,DECLINED,INSAGFFICIENT_NET_DISPOSABLE_INCOME,3.8267462858951e-07,4.701210519579216e-06,0.008046414676757957,0.0,0.0,0.0,0.0,0.0,0.0,24%
CUST0072217,DECLINED,INSAGFFICIENT_NET_DISPOSABLE_INCOME,3.8267462858951e-07,4.701210519579216e-06,0.008046414676757957,0.0,0.0,0.0,0.0,0.0,0.0,24%
CUST0072248,DECLINED,INSAGFFICIENT_NET_DISPOSABLE_INCOME,5918.467964986894,6650.7480039813145,13331.196782682884,0.0,0.0,0.0,0.0,0.0,0.0,24%
CUST0072262,DECLINED,INSAGFFICIENT_NET_DISPOSABLE_INCOME,3.8267462858951e-07,4.701210519579216e-06,0.008046414676757957,0.0,0.0,0.0,0.0,0.0,0.0,24%
CUST0072322,DECLINED,INSAGFFICIENT_NET_DISPOSABLE_INCOME,3.8267462858951e-07,4.701210519579216e-06,0.008046414676757957,0.0,0.0,0.0,0.0,0.0,0.0,24%
CUST0072354,DECLINED,INSAGFFICIENT_NET_DISPOSABLE_INCOME,3.8267462858951e-07,4.701210519579216e-06,0.008046414676757957,0.0,0.0,0.0,0.0,0.0,0.0,24%
CUST0072392,DECLINED,INSAGFFICIENT_NET_DISPOSABLE_INCOME,3.8267462858951e-07,4.701210519579216e-06,0.008046414676757957,0.0,0.0,0.0,0.0,0.0,0.0,24%
CUST0072402,DECLINED,INSAGFFICIENT_NET_DISPOSABLE_INCOME,4839.374785351473,5406.164279124327,18800.09778104941,0.0,0.0,0.0,0.0,0.0,0.0,24%
CUST0072404,DECLINED,INSAGFFICIENT_NET_DISPOSABLE_INCOME,3.8267462858951e-07,4.701210519579216e-06,0.008046414676757957,0.0,0.0,0.0,0.0,0.0,0.0,24%
CUST0072414,DECLINED,INSAGFFICIENT_NET_DISPOSABLE_INCOME,3.8267462858951e-07,4.701210519579216e-06,0.008046414676757957,0.0,0.0,0.0,0.0,0.0,0.0,24%
CUST0072458,DECLINED,INSAGFFICIENT_NET_DISPOSABLE_INCOME,3.8267462858951e-07,4.701210519579216e-06,0.008046414676757957,0.0,0.0,0.0,0.0,0.0,0.0,24%
CUST0072472,DECLINED,INSAGFFICIENT_NET_DISPOSABLE_INCOME,3.8267462858951e-07,4.701210519579216e-06,0.008046414676757957,0.0,0.0,0.0,0.0,0.0,0.0,24%
CUST0072537,DECLINED,INSAGFFICIENT_NET_DISPOSABLE_INCOME,3.8267462858951e-07,4.701210519579216e-06,0.008046414676757957,0.0,0.0,0.0,0.0,0.0,0.0,24%
CUST0072542,DECLINED,INSAGFFICIENT_NET_DISPOSABLE_INCOME,3.8267462858951e-07,4.701210519579216e-06,0.008046414676757957,0.0,0.0,0.0,0.0,0.0,0.0,24%
CUST0072558,DECLINED,INSAGFFICIENT_NET_DISPOSABLE_INCOME,3.8267462858951e-07,4.701210519579216e-06,0.008046414676757957,0.0,0.0,0.0,0.0,0.0,0.0,24%
CUST0072576,DECLINED,INSAGFFICIENT_NET_DISPOSABLE_INCOME,6001.375229306301,6998.340113045739,13878.022107466726,0.0,0.0,0.0,0.0,0.0,0.0,24%
CUST0072644,DECLINED,INSAGFFICIENT_NET_DISPOSABLE_INCOME,3.8267462858951e-07,4.701210519579216e-06,0.008046414676757957,0.0,0.0,0.0,0.0,0.0,0.0,24%
CUST0072664,DECLINED,INSAGFFICIENT_NET_DISPOSABLE_INCOME,3.8267462858951e-07,4.701210519579216e-06,0.008046414676757957,0.0,0.0,0.0,0.0,0.0,0.0,24%
CUST0072720,DECLINED,INSAGFFICIENT_NET_DISPOSABLE_INCOME,3.8267462858951e-07,4.701210519579216e-06,0.008046414676757957,0.0,0.0,0.0,0.0,0.0,0.0,24%
CUST0072727,DECLINED,INSAGFFICIENT_NET_DISPOSABLE_INCOME,3.8267462858951e-07,4.701210519579216e-06,0.008046414676757957,0.0,0.0,0.0,0.0,0.0,0.0,24%
CUST0072799,DECLINED,INSAGFFICIENT_NET_DISPOSABLE_INCOME,3.8267462858951e-07,4.701210519579216e-06,0.008046414676757957,0.0,0.0,0.0,0.0,0.0,0.0,24%
CUST0072831,DECLINED,INSAGFFICIENT_NET_DISPOSABLE_INCOME,3.8267462858951e-07,4.701210519579216e-06,0.008046414676757957,0.0,0.0,0.0,0.0,0.0,0.0,24%
CUST0072836,DECLINED,INSAGFFICIENT_NET_DISPOSABLE_INCOME,3.8267462858951e-07,4.701210519579216e-06,0.008046414676757957,0.0,0.0,0.0,0.0,0.0,0.0,24%
CUST0072895,DECLINED,INSAGFFICIENT_NET_DISPOSABLE_INCOME,3.8267462858951e-07,4.701210519579216e-06,0.008046414676757957,0.0,0.0,0.0,0.0,0.0,0.0,24%
CUST0073031,DECLINED,INSAGFFICIENT_NET_DISPOSABLE_INCOME,3.8267462858951e-07,4.701210519579216e-06,0.008046414676757957,0.0,0.0,0.0,0.0,0.0,0.0,24%
CUST0073112,DECLINED,INSAGFFICIENT_NET_DISPOSABLE_INCOME,3.8267462858951e-07,4.701210519579216e-06,0.008046414676757957,0.0,0.0,0.0,0.0,0.0,0.0,24%
CUST0073114,DECLINED,INSAGFFICIENT_NET_DISPOSABLE_INCOME,3.8267462858951e-07,4.701210519579216e-06,0.008046414676757957,0.0,0.0,0.0,0.0,0.0,0.0,24%
CUST0073152,DECLINED,INSAGFFICIENT_NET_DISPOSABLE_INCOME,3.8267462858951e-07,4.701210519579216e-06,0.008046414676757957,0.0,0.0,0.0,0.0,0.0,0.0,24%
CUST0073153,DECLINED,INSAGFFICIENT_NET_DISPOSABLE_INCOME,3.8267462858951e-07,4.701210519579216e-06,0.008046414676757957,0.0,0.0,0.0,0.0,0.0,0.0,24%
CUST0073167,DECLINED,INSAGFFICIENT_NET_DISPOSABLE_INCOME,3.8267462858951e-07,4.701210519579216e-06,0.008046414676757957,0.0,0.0,0.0,0.0,0.0,0.0,24%
CUST0073223,DECLINED,INSAGFFICIENT_NET_DISPOSABLE_INCOME,3.8267462858951e-07,4.701210519579216e-06,0.008046414676757957,0.0,0.0,0.0,0.0,0.0,0.0,24%
CUST0073334,DECLINED,INSAGFFICIENT_NET_DISPOSABLE_INCOME,3.8267462858951e-07,4.701210519579216e-06,0.008046414676757957,0.0,0.0,0.0,0.0,0.0,0.0,24%
CUST0073395,DECLINED,INSAGFFICIENT_NET_DISPOSABLE_INCOME,3.8267462858951e-07,4.701210519579216e-06,0.008046414676757957,0.0,0.0,0.0,0.0,0.0,0.0,24%
CUST0073549,DECLINED,INSAGFFICIENT_NET_DISPOSABLE_INCOME,3.8267462858951e-07,4.701210519579216e-06,0.008046414676757957,0.0,0.0,0.0,0.0,0.0,0.0,24%
CUST0073569,DECLINED,INSAGFFICIENT_NET_DISPOSABLE_INCOME,3.8267462858951e-07,4.701210519579216e-06,0.008046414676757957,0.0,0.0,0.0,0.0,0.0,0.0,24%
CUST0073570,DECLINED,INSAGFFICIENT_NET_DISPOSABLE_INCOME,3.8267462858951e-07,4.701210519579216e-06,0.008046414676757957,0.0,0.0,0.0,0.0,0.0,0.0,24%
CUST0073582,DECLINED,INSAGFFICIENT_NET_DISPOSABLE_INCOME,3.8267462858951e-07,4.701210519579216e-06,0.008046414676757957,0.0,0.0,0.0,0.0,0.0,0.0,24%
CUST0073698,DECLINED,INSAGFFICIENT_NET_DISPOSABLE_INCOME,3902.8171110397566,20106.97126991227,36163.55800138149,0.0,0.0,0.0,0.0,0.0,0.0,24%
CUST0073709,DECLINED,INSAGFFICIENT_NET_DISPOSABLE_INCOME,5811.3709706631325,6164.703614398772,12650.532767652809,0.0,0.0,0.0,0.0,0.0,0.0,24%
CUST0073717,DECLINED,INSAGFFICIENT_NET_DISPOSABLE_INCOME,4918.4799179166985,5167.664348575645,19042.780256276965,0.0,0.0,0.0,0.0,0.0,0.0,24%
CUST0073819,DECLINED,INSAGFFICIENT_NET_DISPOSABLE_INCOME,6554.873696090279,7177.693254514146,18506.716335950106,0.0,0.0,0.0,0.0,0.0,0.0,24%
CUST0073887,DECLINED,INSAGFFICIENT_NET_DISPOSABLE_INCOME,3.8267462858951e-07,4.701210519579216e-06,0.008046414676757957,0.0,0.0,0.0,0.0,0.0,0.0,24%
CUST0073952,DECLINED,INSAGFFICIENT_NET_DISPOSABLE_INCOME,3.8267462858951e-07,4.701210519579216e-06,0.008046414676757957,0.0,0.0,0.0,0.0,0.0,0.0,24%
CUST0074098,DECLINED,INSAGFFICIENT_NET_DISPOSABLE_INCOME,6196.222092947641,6583.1118632655625,18563.74538864298,0.0,0.0,0.0,0.0,0.0,0.0,24%
CUST0074198,DECLINED,INSAGFFICIENT_NET_DISPOSABLE_INCOME,3.8267462858951e-07,4.701210519579216e-06,0.008046414676757957,0.0,0.0,0.0,0.0,0.0,0.0,24%
CUST0074239,DECLINED,INSAGFFICIENT_NET_DISPOSABLE_INCOME,3.8267462858951e-07,4.701210519579216e-06,0.008046414676757957,0.0,0.0,0.0,0.0,0.0,0.0,24%
CUST0074257,DECLINED,INSAGFFICIENT_NET_DISPOSABLE_INCOME,3.8267462858951e-07,4.701210519579216e-06,0.008046414676757957,0.0,0.0,0.0,0.0,0.0,0.0,24%
CUST0074301,DECLINED,INSAGFFICIENT_NET_DISPOSABLE_INCOME,3.8267462858951e-07,4.701210519579216e-06,0.008046414676757957,0.0,0.0,0.0,0.0,0.0,0.0,24%
CUST0074443,DECLINED,INSAGFFICIENT_NET_DISPOSABLE_INCOME,3.8267462858951e-07,4.701210519579216e-06,0.008046414676757957,0.0,0.0,0.0,0.0,0.0,0.0,24%
CUST0074520,DECLINED,INSAGFFICIENT_NET_DISPOSABLE_INCOME,3.8267462858951e-07,4.701210519579216e-06,0.008046414676757957,0.0,0.0,0.0,0.0,0.0,0.0,24%
CUST0074536,DECLINED,INSAGFFICIENT_NET_DISPOSABLE_INCOME,3.8267462858951e-07,4.701210519579216e-06,0.008046414676757957,0.0,0.0,0.0,0.0,0.0,0.0,24%
CUST0074540,DECLINED,INSAGFFICIENT_NET_DISPOSABLE_INCOME,3.8267462858951e-07,4.701210519579216e-06,0.008046414676757957,0.0,0.0,0.0,0.0,0.0,0.0,24%
CUST0074650,DECLINED,INSAGFFICIENT_NET_DISPOSABLE_INCOME,3.8267462858951e-07,4.701210519579216e-06,0.008046414676757957,0.0,0.0,0.0,0.0,0.0,0.0,24%
CUST0074668,DECLINED,INSAGFFICIENT_NET_DISPOSABLE_INCOME,3.8267462858951e-07,4.701210519579216e-06,0.008046414676757957,0.0,0.0,0.0,0.0,0.0,0.0,24%
CUST0074736,DECLINED,INSAGFFICIENT_NET_DISPOSABLE_INCOME,3.8267462858951e-07,4.701210519579216e-06,0.008046414676757957,0.0,0.0,0.0,0.0,0.0,0.0,24%
CUST0074752,DECLINED,INSAGFFICIENT_NET_DISPOSABLE_INCOME,3.8267462858951e-07,4.701210519579216e-06,0.008046414676757957,0.0,0.0,0.0,0.0,0.0,0.0,24%
CUST0074789,DECLINED,INSAGFFICIENT_NET_DISPOSABLE_INCOME,3.8267462858951e-07,4.701210519579216e-06,0.008046414676757957,0.0,0.0,0.0,0.0,0.0,0.0,24%
CUST0074790,DECLINED,INSAGFFICIENT_NET_DISPOSABLE_INCOME,3.8267462858951e-07,4.701210519579216e-06,0.008046414676757957,0.0,0.0,0.0,0.0,0.0,0.0,24%
CUST0074963,DECLINED,INSAGFFICIENT_NET_DISPOSABLE_INCOME,3.8267462858951e-07,4.701210519579216e-06,0.008046414676757957,0.0,0.0,0.0,0.0,0.0,0.0,24%
CUST0074972,DECLINED,INSAGFFICIENT_NET_DISPOSABLE_INCOME,3.8267462858951e-07,4.701210519579216e-06,0.008046414676757957,0.0,0.0,0.0,0.0,0.0,0.0,24%
CUST0074984,DECLINED,INSAGFFICIENT_NET_DISPOSABLE_INCOME,3.8267462858951e-07,4.701210519579216e-06,0.008046414676757957,0.0,0.0,0.0,0.0,0.0,0.0,24%
CUST0075023,DECLINED,INSAGFFICIENT_NET_DISPOSABLE_INCOME,4721.527204415632,5129.5510876137505,18234.33288042059,0.0,0.0,0.0,0.0,0.0,0.0,24%
CUST0075290,DECLINED,INSAGFFICIENT_NET_DISPOSABLE_INCOME,3.8267462858951e-07,4.701210519579216e-06,0.008046414676757957,0.0,0.0,0.0,0.0,0.0,0.0,24%
CUST0075294,DECLINED,INSAGFFICIENT_NET_DISPOSABLE_INCOME,3.8267462858951e-07,4.701210519579216e-06,0.008046414676757957,0.0,0.0,0.0,0.0,0.0,0.0,24%
CUST0075305,DECLINED,INSAGFFICIENT_NET_DISPOSABLE_INCOME,3.8267462858951e-07,4.701210519579216e-06,0.008046414676757957,0.0,0.0,0.0,0.0,0.0,0.0,24%
CUST0075307,DECLINED,INSAGFFICIENT_NET_DISPOSABLE_INCOME,3.8267462858951e-07,4.701210519579216e-06,0.008046414676757957,0.0,0.0,0.0,0.0,0.0,0.0,24%
CUST0075336,DECLINED,INSAGFFICIENT_NET_DISPOSABLE_INCOME,3.8267462858951e-07,4.701210519579216e-06,0.008046414676757957,0.0,0.0,0.0,0.0,0.0,0.0,24%
CUST0075345,DECLINED,INSAGFFICIENT_NET_DISPOSABLE_INCOME,3.8267462858951e-07,4.701210519579216e-06,0.008046414676757957,0.0,0.0,0.0,0.0,0.0,0.0,24%
CUST0075355,DECLINED,INSAGFFICIENT_NET_DISPOSABLE_INCOME,3.8267462858951e-07,4.701210519579216e-06,0.008046414676757957,0.0,0.0,0.0,0.0,0.0,0.0,24%
CUST0075373,DECLINED,INSAGFFICIENT_NET_DISPOSABLE_INCOME,3.8267462858951e-07,4.701210519579216e-06,0.008046414676757957,0.0,0.0,0.0,0.0,0.0,0.0,24%
CUST0075385,DECLINED,INSAGFFICIENT_NET_DISPOSABLE_INCOME,3.8267462858951e-07,4.701210519579216e-06,0.008046414676757957,0.0,0.0,0.0,0.0,0.0,0.0,24%
CUST0075403,DECLINED,INSAGFFICIENT_NET_DISPOSABLE_INCOME,3.8267462858951e-07,4.701210519579216e-06,0.008046414676757957,0.0,0.0,0.0,0.0,0.0,0.0,24%
CUST0075539,DECLINED,INSAGFFICIENT_NET_DISPOSABLE_INCOME,3.8267462858951e-07,4.701210519579216e-06,0.008046414676757957,0.0,0.0,0.0,0.0,0.0,0.0,24%
CUST0075557,DECLINED,INSAGFFICIENT_NET_DISPOSABLE_INCOME,3.8267462858951e-07,4.701210519579216e-06,0.008046414676757957,0.0,0.0,0.0,0.0,0.0,0.0,24%
CUST0075579,DECLINED,INSAGFFICIENT_NET_DISPOSABLE_INCOME,3.8267462858951e-07,4.701210519579216e-06,0.008046414676757957,0.0,0.0,0.0,0.0,0.0,0.0,24%
CUST0075584,DECLINED,INSAGFFICIENT_NET_DISPOSABLE_INCOME,3.8267462858951e-07,4.701210519579216e-06,0.008046414676757957,0.0,0.0,0.0,0.0,0.0,0.0,24%
CUST0075599,DECLINED,INSAGFFICIENT_NET_DISPOSABLE_INCOME,6495.626740396821,8595.727927164831,14936.202441458596,0.0,0.0,0.0,0.0,0.0,0.0,24%
CUST0075605,DECLINED,INSAGFFICIENT_NET_DISPOSABLE_INCOME,6583.88081793892,7770.337914918714,21815.33824498273,0.0,0.0,0.0,0.0,0.0,0.0,24%
CUST0075678,DECLINED,INSAGFFICIENT_NET_DISPOSABLE_INCOME,3.8267462858951e-07,4.701210519579216e-06,0.008046414676757957,0.0,0.0,0.0,0.0,0.0,0.0,24%
CUST0075708,DECLINED,INSAGFFICIENT_NET_DISPOSABLE_INCOME,3.8267462858951e-07,4.701210519579216e-06,0.008046414676757957,0.0,0.0,0.0,0.0,0.0,0.0,24%
CUST0075751,DECLINED,INSAGFFICIENT_NET_DISPOSABLE_INCOME,3.8267462858951e-07,4.701210519579216e-06,0.008046414676757957,0.0,0.0,0.0,0.0,0.0,0.0,24%
CUST0075757,DECLINED,INSAGFFICIENT_NET_DISPOSABLE_INCOME,3.8267462858951e-07,4.701210519579216e-06,0.008046414676757957,0.0,0.0,0.0,0.0,0.0,0.0,24%
CUST0075833,DECLINED,INSAGFFICIENT_NET_DISPOSABLE_INCOME,3.8267462858951e-07,4.701210519579216e-06,0.008046414676757957,0.0,0.0,0.0,0.0,0.0,0.0,24%
CUST0075874,DECLINED,INSAGFFICIENT_NET_DISPOSABLE_INCOME,3.8267462858951e-07,4.701210519579216e-06,0.008046414676757957,0.0,0.0,0.0,0.0,0.0,0.0,24%
CUST0075931,DECLINED,INSAGFFICIENT_NET_DISPOSABLE_INCOME,3902.8171110397566,20106.97126991227,36163.55800138149,0.0,0.0,0.0,0.0,0.0,0.0,24%
CUST0075992,DECLINED,INSAGFFICIENT_NET_DISPOSABLE_INCOME,3.8267462858951e-07,4.701210519579216e-06,0.008046414676757957,0.0,0.0,0.0,0.0,0.0,0.0,24%
CUST0076037,DECLINED,INSAGFFICIENT_NET_DISPOSABLE_INCOME,3.8267462858951e-07,4.701210519579216e-06,0.008046414676757957,0.0,0.0,0.0,0.0,0.0,0.0,24%
CUST0076077,DECLINED,INSAGFFICIENT_NET_DISPOSABLE_INCOME,3.8267462858951e-07,4.701210519579216e-06,0.008046414676757957,0.0,0.0,0.0,0.0,0.0,0.0,24%
CUST0076090,DECLINED,INSAGFFICIENT_NET_DISPOSABLE_INCOME,3.8267462858951e-07,4.701210519579216e-06,0.008046414676757957,0.0,0.0,0.0,0.0,0.0,0.0,24%
CUST0076139,DECLINED,INSAGFFICIENT_NET_DISPOSABLE_INCOME,3.8267462858951e-07,4.701210519579216e-06,0.008046414676757957,0.0,0.0,0.0,0.0,0.0,0.0,24%
CUST0076149,DECLINED,INSAGFFICIENT_NET_DISPOSABLE_INCOME,3.8267462858951e-07,4.701210519579216e-06,0.008046414676757957,0.0,0.0,0.0,0.0,0.0,0.0,24%
CUST0076351,DECLINED,INSAGFFICIENT_NET_DISPOSABLE_INCOME,3.8267462858951e-07,4.701210519579216e-06,0.008046414676757957,0.0,0.0,0.0,0.0,0.0,0.0,24%
CUST0076406,DECLINED,INSAGFFICIENT_NET_DISPOSABLE_INCOME,3.8267462858951e-07,4.701210519579216e-06,0.008046414676757957,0.0,0.0,0.0,0.0,0.0,0.0,24%
CUST0076454,DECLINED,INSAGFFICIENT_NET_DISPOSABLE_INCOME,3.8267462858951e-07,4.701210519579216e-06,0.008046414676757957,0.0,0.0,0.0,0.0,0.0,0.0,24%
CUST0076534,DECLINED,INSAGFFICIENT_NET_DISPOSABLE_INCOME,3.8267462858951e-07,4.701210519579216e-06,0.008046414676757957,0.0,0.0,0.0,0.0,0.0,0.0,24%
CUST0076536,DECLINED,INSAGFFICIENT_NET_DISPOSABLE_INCOME,3.8267462858951e-07,4.701210519579216e-06,0.008046414676757957,0.0,0.0,0.0,0.0,0.0,0.0,24%
CUST0076848,DECLINED,INSAGFFICIENT_NET_DISPOSABLE_INCOME,3.8267462858951e-07,4.701210519579216e-06,0.008046414676757957,0.0,0.0,0.0,0.0,0.0,0.0,24%
CUST0076857,DECLINED,INSAGFFICIENT_NET_DISPOSABLE_INCOME,3.8267462858951e-07,4.701210519579216e-06,0.008046414676757957,0.0,0.0,0.0,0.0,0.0,0.0,24%
CUST0076912,DECLINED,INSAGFFICIENT_NET_DISPOSABLE_INCOME,3.8267462858951e-07,4.701210519579216e-06,0.008046414676757957,0.0,0.0,0.0,0.0,0.0,0.0,24%
CUST0076972,DECLINED,INSAGFFICIENT_NET_DISPOSABLE_INCOME,3.8267462858951e-07,4.701210519579216e-06,0.008046414676757957,0.0,0.0,0.0,0.0,0.0,0.0,24%
CUST0077003,DECLINED,INSAGFFICIENT_NET_DISPOSABLE_INCOME,3.8267462858951e-07,4.701210519579216e-06,0.008046414676757957,0.0,0.0,0.0,0.0,0.0,0.0,24%
CUST0077004,DECLINED,INSAGFFICIENT_NET_DISPOSABLE_INCOME,3.8267462858951e-07,4.701210519579216e-06,0.008046414676757957,0.0,0.0,0.0,0.0,0.0,0.0,24%
CUST0077013,DECLINED,INSAGFFICIENT_NET_DISPOSABLE_INCOME,6335.806300830769,6648.013513230065,17981.448968937468,0.0,0.0,0.0,0.0,0.0,0.0,24%
CUST0077015,DECLINED,INSAGFFICIENT_NET_DISPOSABLE_INCOME,3.8267462858951e-07,4.701210519579216e-06,0.008046414676757957,0.0,0.0,0.0,0.0,0.0,0.0,24%
CUST0077040,DECLINED,INSAGFFICIENT_NET_DISPOSABLE_INCOME,3.8267462858951e-07,4.701210519579216e-06,0.008046414676757957,0.0,0.0,0.0,0.0,0.0,0.0,24%
CUST0077053,DECLINED,INSAGFFICIENT_NET_DISPOSABLE_INCOME,3.8267462858951e-07,4.701210519579216e-06,0.008046414676757957,0.0,0.0,0.0,0.0,0.0,0.0,24%
CUST0077059,DECLINED,INSAGFFICIENT_NET_DISPOSABLE_INCOME,3.8267462858951e-07,4.701210519579216e-06,0.008046414676757957,0.0,0.0,0.0,0.0,0.0,0.0,24%
CUST0077097,DECLINED,INSAGFFICIENT_NET_DISPOSABLE_INCOME,3.8267462858951e-07,4.701210519579216e-06,0.008046414676757957,0.0,0.0,0.0,0.0,0.0,0.0,24%
CUST0077100,DECLINED,INSAGFFICIENT_NET_DISPOSABLE_INCOME,3.8267462858951e-07,4.701210519579216e-06,0.008046414676757957,0.0,0.0,0.0,0.0,0.0,0.0,24%
CUST0077108,DECLINED,INSAGFFICIENT_NET_DISPOSABLE_INCOME,3.8267462858951e-07,4.701210519579216e-06,0.008046414676757957,0.0,0.0,0.0,0.0,0.0,0.0,24%
CUST0077166,DECLINED,INSAGFFICIENT_NET_DISPOSABLE_INCOME,3.8267462858951e-07,4.701210519579216e-06,0.008046414676757957,0.0,0.0,0.0,0.0,0.0,0.0,24%
CUST0077254,DECLINED,INSAGFFICIENT_NET_DISPOSABLE_INCOME,3.8267462858951e-07,4.701210519579216e-06,0.008046414676757957,0.0,0.0,0.0,0.0,0.0,0.0,24%
CUST0077257,DECLINED,INSAGFFICIENT_NET_DISPOSABLE_INCOME,3.8267462858951e-07,4.701210519579216e-06,0.008046414676757957,0.0,0.0,0.0,0.0,0.0,0.0,24%
CUST0077474,DECLINED,INSAGFFICIENT_NET_DISPOSABLE_INCOME,3.8267462858951e-07,4.701210519579216e-06,0.008046414676757957,0.0,0.0,0.0,0.0,0.0,0.0,24%
CUST0077634,DECLINED,INSAGFFICIENT_NET_DISPOSABLE_INCOME,3.8267462858951e-07,4.701210519579216e-06,0.008046414676757957,0.0,0.0,0.0,0.0,0.0,0.0,24%
CUST0077662,DECLINED,INSAGFFICIENT_NET_DISPOSABLE_INCOME,3.8267462858951e-07,4.701210519579216e-06,0.008046414676757957,0.0,0.0,0.0,0.0,0.0,0.0,24%
CUST0077782,DECLINED,INSAGFFICIENT_NET_DISPOSABLE_INCOME,3.8267462858951e-07,4.701210519579216e-06,0.008046414676757957,0.0,0.0,0.0,0.0,0.0,0.0,24%
CUST0077794,DECLINED,INSAGFFICIENT_NET_DISPOSABLE_INCOME,3.8267462858951e-07,4.701210519579216e-06,0.008046414676757957,0.0,0.0,0.0,0.0,0.0,0.0,24%
CUST0077811,DECLINED,INSAGFFICIENT_NET_DISPOSABLE_INCOME,5296.9756243797,5300.420472244384,12260.838662738275,0.0,0.0,0.0,0.0,0.0,0.0,24%
CUST0077856,DECLINED,INSAGFFICIENT_NET_DISPOSABLE_INCOME,3.8267462858951e-07,4.701210519579216e-06,0.008046414676757957,0.0,0.0,0.0,0.0,0.0,0.0,24%
CUST0077932,DECLINED,INSAGFFICIENT_NET_DISPOSABLE_INCOME,3.8267462858951e-07,4.701210519579216e-06,0.008046414676757957,0.0,0.0,0.0,0.0,0.0,0.0,24%
CUST0077940,DECLINED,INSAGFFICIENT_NET_DISPOSABLE_INCOME,3.8267462858951e-07,4.701210519579216e-06,0.008046414676757957,0.0,0.0,0.0,0.0,0.0,0.0,24%
CUST0077955,DECLINED,INSAGFFICIENT_NET_DISPOSABLE_INCOME,3.8267462858951e-07,4.701210519579216e-06,0.008046414676757957,0.0,0.0,0.0,0.0,0.0,0.0,24%
CUST0077997,DECLINED,INSAGFFICIENT_NET_DISPOSABLE_INCOME,3.8267462858951e-07,4.701210519579216e-06,0.008046414676757957,0.0,0.0,0.0,0.0,0.0,0.0,24%
CUST0078062,DECLINED,INSAGFFICIENT_NET_DISPOSABLE_INCOME,3.8267462858951e-07,4.701210519579216e-06,0.008046414676757957,0.0,0.0,0.0,0.0,0.0,0.0,24%
CUST0078069,DECLINED,INSAGFFICIENT_NET_DISPOSABLE_INCOME,3.8267462858951e-07,4.701210519579216e-06,0.008046414676757957,0.0,0.0,0.0,0.0,0.0,0.0,24%
CUST0078147,DECLINED,INSAGFFICIENT_NET_DISPOSABLE_INCOME,3.8267462858951e-07,4.701210519579216e-06,0.008046414676757957,0.0,0.0,0.0,0.0,0.0,0.0,24%
CUST0078183,DECLINED,INSAGFFICIENT_NET_DISPOSABLE_INCOME,3.8267462858951e-07,4.701210519579216e-06,0.008046414676757957,0.0,0.0,0.0,0.0,0.0,0.0,24%
CUST0078220,DECLINED,INSAGFFICIENT_NET_DISPOSABLE_INCOME,3.8267462858951e-07,4.701210519579216e-06,0.008046414676757957,0.0,0.0,0.0,0.0,0.0,0.0,24%
CUST0078228,DECLINED,INSAGFFICIENT_NET_DISPOSABLE_INCOME,3.8267462858951e-07,4.701210519579216e-06,0.008046414676757957,0.0,0.0,0.0,0.0,0.0,0.0,24%
CUST0078246,DECLINED,INSAGFFICIENT_NET_DISPOSABLE_INCOME,3.8267462858951e-07,4.701210519579216e-06,0.008046414676757957,0.0,0.0,0.0,0.0,0.0,0.0,24%
CUST0078259,DECLINED,INSAGFFICIENT_NET_DISPOSABLE_INCOME,3.8267462858951e-07,4.701210519579216e-06,0.008046414676757957,0.0,0.0,0.0,0.0,0.0,0.0,24%
CUST0078289,DECLINED,INSAGFFICIENT_NET_DISPOSABLE_INCOME,3.8267462858951e-07,4.701210519579216e-06,0.008046414676757957,0.0,0.0,0.0,0.0,0.0,0.0,24%
CUST0078325,DECLINED,INSAGFFICIENT_NET_DISPOSABLE_INCOME,3.8267462858951e-07,4.701210519579216e-06,0.008046414676757957,0.0,0.0,0.0,0.0,0.0,0.0,24%
CUST0078384,DECLINED,INSAGFFICIENT_NET_DISPOSABLE_INCOME,3.8267462858951e-07,4.701210519579216e-06,0.008046414676757957,0.0,0.0,0.0,0.0,0.0,0.0,24%
CUST0078396,DECLINED,INSAGFFICIENT_NET_DISPOSABLE_INCOME,3.8267462858951e-07,4.701210519579216e-06,0.008046414676757957,0.0,0.0,0.0,0.0,0.0,0.0,24%
CUST0078434,DECLINED,INSAGFFICIENT_NET_DISPOSABLE_INCOME,3.8267462858951e-07,4.701210519579216e-06,0.008046414676757957,0.0,0.0,0.0,0.0,0.0,0.0,24%
CUST0078477,DECLINED,INSAGFFICIENT_NET_DISPOSABLE_INCOME,3.8267462858951e-07,4.701210519579216e-06,0.008046414676757957,0.0,0.0,0.0,0.0,0.0,0.0,24%
CUST0078536,DECLINED,INSAGFFICIENT_NET_DISPOSABLE_INCOME,3.8267462858951e-07,4.701210519579216e-06,0.008046414676757957,0.0,0.0,0.0,0.0,0.0,0.0,24%
CUST0078555,DECLINED,INSAGFFICIENT_NET_DISPOSABLE_INCOME,3.8267462858951e-07,4.701210519579216e-06,0.008046414676757957,0.0,0.0,0.0,0.0,0.0,0.0,24%
CUST0078621,DECLINED,INSAGFFICIENT_NET_DISPOSABLE_INCOME,3.8267462858951e-07,4.701210519579216e-06,0.008046414676757957,0.0,0.0,0.0,0.0,0.0,0.0,24%
CUST0078639,DECLINED,INSAGFFICIENT_NET_DISPOSABLE_INCOME,3.8267462858951e-07,4.701210519579216e-06,0.008046414676757957,0.0,0.0,0.0,0.0,0.0,0.0,24%
CUST0078644,DECLINED,INSAGFFICIENT_NET_DISPOSABLE_INCOME,3.8267462858951e-07,4.701210519579216e-06,0.008046414676757957,0.0,0.0,0.0,0.0,0.0,0.0,24%
CUST0078664,DECLINED,INSAGFFICIENT_NET_DISPOSABLE_INCOME,3.8267462858951e-07,4.701210519579216e-06,0.008046414676757957,0.0,0.0,0.0,0.0,0.0,0.0,24%
CUST0078671,DECLINED,INSAGFFICIENT_NET_DISPOSABLE_INCOME,3.8267462858951e-07,4.701210519579216e-06,0.008046414676757957,0.0,0.0,0.0,0.0,0.0,0.0,24%
CUST0078673,DECLINED,INSAGFFICIENT_NET_DISPOSABLE_INCOME,3.8267462858951e-07,4.701210519579216e-06,0.008046414676757957,0.0,0.0,0.0,0.0,0.0,0.0,24%
CUST0078748,DECLINED,INSAGFFICIENT_NET_DISPOSABLE_INCOME,3.8267462858951e-07,4.701210519579216e-06,0.008046414676757957,0.0,0.0,0.0,0.0,0.0,0.0,24%
CUST0078772,DECLINED,INSAGFFICIENT_NET_DISPOSABLE_INCOME,3.8267462858951e-07,4.701210519579216e-06,0.008046414676757957,0.0,0.0,0.0,0.0,0.0,0.0,24%
CUST0078952,DECLINED,INSAGFFICIENT_NET_DISPOSABLE_INCOME,3.8267462858951e-07,4.701210519579216e-06,0.008046414676757957,0.0,0.0,0.0,0.0,0.0,0.0,24%
CUST0078989,DECLINED,INSAGFFICIENT_NET_DISPOSABLE_INCOME,3.8267462858951e-07,4.701210519579216e-06,0.008046414676757957,0.0,0.0,0.0,0.0,0.0,0.0,24%
CUST0079045,DECLINED,INSAGFFICIENT_NET_DISPOSABLE_INCOME,3.8267462858951e-07,4.701210519579216e-06,0.008046414676757957,0.0,0.0,0.0,0.0,0.0,0.0,24%
CUST0079081,DECLINED,INSAGFFICIENT_NET_DISPOSABLE_INCOME,3.8267462858951e-07,4.701210519579216e-06,0.008046414676757957,0.0,0.0,0.0,0.0,0.0,0.0,24%
CUST0079110,DECLINED,INSAGFFICIENT_NET_DISPOSABLE_INCOME,3.8267462858951e-07,4.701210519579216e-06,0.008046414676757957,0.0,0.0,0.0,0.0,0.0,0.0,24%
CUST0079119,DECLINED,INSAGFFICIENT_NET_DISPOSABLE_INCOME,3.8267462858951e-07,4.701210519579216e-06,0.008046414676757957,0.0,0.0,0.0,0.0,0.0,0.0,24%
CUST0079120,DECLINED,INSAGFFICIENT_NET_DISPOSABLE_INCOME,3.8267462858951e-07,4.701210519579216e-06,0.008046414676757957,0.0,0.0,0.0,0.0,0.0,0.0,24%
CUST0079180,DECLINED,INSAGFFICIENT_NET_DISPOSABLE_INCOME,3.8267462858951e-07,4.701210519579216e-06,0.008046414676757957,0.0,0.0,0.0,0.0,0.0,0.0,24%
CUST0079262,DECLINED,INSAGFFICIENT_NET_DISPOSABLE_INCOME,3.8267462858951e-07,4.701210519579216e-06,0.008046414676757957,0.0,0.0,0.0,0.0,0.0,0.0,24%
CUST0079362,DECLINED,INSAGFFICIENT_NET_DISPOSABLE_INCOME,3.8267462858951e-07,4.701210519579216e-06,0.008046414676757957,0.0,0.0,0.0,0.0,0.0,0.0,24%
CUST0079474,DECLINED,INSAGFFICIENT_NET_DISPOSABLE_INCOME,3.8267462858951e-07,4.701210519579216e-06,0.008046414676757957,0.0,0.0,0.0,0.0,0.0,0.0,24%
CUST0079561,DECLINED,INSAGFFICIENT_NET_DISPOSABLE_INCOME,3.8267462858951e-07,4.701210519579216e-06,0.008046414676757957,0.0,0.0,0.0,0.0,0.0,0.0,24%
CUST0079633,DECLINED,INSAGFFICIENT_NET_DISPOSABLE_INCOME,3.8267462858951e-07,4.701210519579216e-06,0.008046414676757957,0.0,0.0,0.0,0.0,0.0,0.0,24%
CUST0079681,DECLINED,INSAGFFICIENT_NET_DISPOSABLE_INCOME,3.8267462858951e-07,4.701210519579216e-06,0.008046414676757957,0.0,0.0,0.0,0.0,0.0,0.0,24%
CUST0079687,DECLINED,INSAGFFICIENT_NET_DISPOSABLE_INCOME,3.8267462858951e-07,4.701210519579216e-06,0.008046414676757957,0.0,0.0,0.0,0.0,0.0,0.0,24%
CUST0079718,DECLINED,INSAGFFICIENT_NET_DISPOSABLE_INCOME,3.8267462858951e-07,4.701210519579216e-06,0.008046414676757957,0.0,0.0,0.0,0.0,0.0,0.0,24%
CUST0079724,DECLINED,INSAGFFICIENT_NET_DISPOSABLE_INCOME,3.8267462858951e-07,4.701210519579216e-06,0.008046414676757957,0.0,0.0,0.0,0.0,0.0,0.0,24%
CUST0079727,DECLINED,INSAGFFICIENT_NET_DISPOSABLE_INCOME,3.8267462858951e-07,4.701210519579216e-06,0.008046414676757957,0.0,0.0,0.0,0.0,0.0,0.0,24%
CUST0079784,DECLINED,INSAGFFICIENT_NET_DISPOSABLE_INCOME,3.8267462858951e-07,4.701210519579216e-06,0.008046414676757957,0.0,0.0,0.0,0.0,0.0,0.0,24%
CUST0079822,DECLINED,INSAGFFICIENT_NET_DISPOSABLE_INCOME,3.8267462858951e-07,4.701210519579216e-06,0.008046414676757957,0.0,0.0,0.0,0.0,0.0,0.0,24%
CUST0079971,DECLINED,INSAGFFICIENT_NET_DISPOSABLE_INCOME,5673.937758774924,6117.910284113422,18518.090121727204,0.0,0.0,0.0,0.0,0.0,0.0,24%
CUST0080022,DECLINED,INSAGFFICIENT_NET_DISPOSABLE_INCOME,5814.495659877174,6171.67865945063,13331.196782682884,0.0,0.0,0.0,0.0,0.0,0.0,24%
CUST0080055,DECLINED,INSAGFFICIENT_NET_DISPOSABLE_INCOME,3.8267462858951e-07,4.701210519579216e-06,0.008046414676757957,0.0,0.0,0.0,0.0,0.0,0.0,24%
CUST0080090,DECLINED,INSAGFFICIENT_NET_DISPOSABLE_INCOME,3.8267462858951e-07,4.701210519579216e-06,0.008046414676757957,0.0,0.0,0.0,0.0,0.0,0.0,24%
CUST0080096,DECLINED,INSAGFFICIENT_NET_DISPOSABLE_INCOME,3.8267462858951e-07,4.701210519579216e-06,0.008046414676757957,0.0,0.0,0.0,0.0,0.0,0.0,24%
CUST0080111,DECLINED,INSAGFFICIENT_NET_DISPOSABLE_INCOME,3.8267462858951e-07,4.701210519579216e-06,0.008046414676757957,0.0,0.0,0.0,0.0,0.0,0.0,24%
CUST0080393,DECLINED,INSAGFFICIENT_NET_DISPOSABLE_INCOME,3.8267462858951e-07,4.701210519579216e-06,0.008046414676757957,0.0,0.0,0.0,0.0,0.0,0.0,24%
CUST0080399,DECLINED,INSAGFFICIENT_NET_DISPOSABLE_INCOME,3.8267462858951e-07,4.701210519579216e-06,0.008046414676757957,0.0,0.0,0.0,0.0,0.0,0.0,24%
CUST0080531,DECLINED,INSAGFFICIENT_NET_DISPOSABLE_INCOME,3.8267462858951e-07,4.701210519579216e-06,0.008046414676757957,0.0,0.0,0.0,0.0,0.0,0.0,24%
CUST0080546,DECLINED,INSAGFFICIENT_NET_DISPOSABLE_INCOME,3902.8171110397566,20106.97126991227,36163.55800138149,0.0,0.0,0.0,0.0,0.0,0.0,24%
CUST0080600,DECLINED,INSAGFFICIENT_NET_DISPOSABLE_INCOME,6551.046495081079,7981.441147611004,21405.334818279698,0.0,0.0,0.0,0.0,0.0,0.0,24%
CUST0080633,DECLINED,INSAGFFICIENT_NET_DISPOSABLE_INCOME,3.8267462858951e-07,4.701210519579216e-06,0.008046414676757957,0.0,0.0,0.0,0.0,0.0,0.0,24%
CUST0080659,DECLINED,INSAGFFICIENT_NET_DISPOSABLE_INCOME,5999.660256547139,7008.626975020901,13331.196782682884,0.0,0.0,0.0,0.0,0.0,0.0,24%
CUST0080701,DECLINED,INSAGFFICIENT_NET_DISPOSABLE_INCOME,3.8267462858951e-07,4.701210519579216e-06,0.008046414676757957,0.0,0.0,0.0,0.0,0.0,0.0,24%
CUST0080831,DECLINED,INSAGFFICIENT_NET_DISPOSABLE_INCOME,3.8267462858951e-07,4.701210519579216e-06,0.008046414676757957,0.0,0.0,0.0,0.0,0.0,0.0,24%
CUST0080835,DECLINED,INSAGFFICIENT_NET_DISPOSABLE_INCOME,3.8267462858951e-07,4.701210519579216e-06,0.008046414676757957,0.0,0.0,0.0,0.0,0.0,0.0,24%
CUST0080953,DECLINED,INSAGFFICIENT_NET_DISPOSABLE_INCOME,3.8267462858951e-07,4.701210519579216e-06,0.008046414676757957,0.0,0.0,0.0,0.0,0.0,0.0,24%
CUST0080989,DECLINED,INSAGFFICIENT_NET_DISPOSABLE_INCOME,3.8267462858951e-07,4.701210519579216e-06,0.008046414676757957,0.0,0.0,0.0,0.0,0.0,0.0,24%
CUST0081022,DECLINED,INSAGFFICIENT_NET_DISPOSABLE_INCOME,5918.467964986894,6674.790978981695,13331.196782682884,0.0,0.0,0.0,0.0,0.0,0.0,24%
CUST0081060,DECLINED,INSAGFFICIENT_NET_DISPOSABLE_INCOME,3.8267462858951e-07,4.701210519579216e-06,0.008046414676757957,0.0,0.0,0.0,0.0,0.0,0.0,24%
CUST0081067,DECLINED,INSAGFFICIENT_NET_DISPOSABLE_INCOME,3.8267462858951e-07,4.701210519579216e-06,0.008046414676757957,0.0,0.0,0.0,0.0,0.0,0.0,24%
CUST0081081,DECLINED,INSAGFFICIENT_NET_DISPOSABLE_INCOME,3.8267462858951e-07,4.701210519579216e-06,0.008046414676757957,0.0,0.0,0.0,0.0,0.0,0.0,24%
CUST0081095,DECLINED,INSAGFFICIENT_NET_DISPOSABLE_INCOME,3.8267462858951e-07,4.701210519579216e-06,0.008046414676757957,0.0,0.0,0.0,0.0,0.0,0.0,24%
CUST0081191,DECLINED,INSAGFFICIENT_NET_DISPOSABLE_INCOME,3.8267462858951e-07,4.701210519579216e-06,0.008046414676757957,0.0,0.0,0.0,0.0,0.0,0.0,24%
CUST0081204,DECLINED,INSAGFFICIENT_NET_DISPOSABLE_INCOME,3.8267462858951e-07,4.701210519579216e-06,0.008046414676757957,0.0,0.0,0.0,0.0,0.0,0.0,24%
CUST0081249,DECLINED,INSAGFFICIENT_NET_DISPOSABLE_INCOME,3.8267462858951e-07,4.701210519579216e-06,0.008046414676757957,0.0,0.0,0.0,0.0,0.0,0.0,24%
CUST0081286,DECLINED,INSAGFFICIENT_NET_DISPOSABLE_INCOME,3.8267462858951e-07,4.701210519579216e-06,0.008046414676757957,0.0,0.0,0.0,0.0,0.0,0.0,24%
CUST0081287,DECLINED,INSAGFFICIENT_NET_DISPOSABLE_INCOME,3.8267462858951e-07,4.701210519579216e-06,0.008046414676757957,0.0,0.0,0.0,0.0,0.0,0.0,24%
CUST0081357,DECLINED,INSAGFFICIENT_NET_DISPOSABLE_INCOME,3.8267462858951e-07,4.701210519579216e-06,0.008046414676757957,0.0,0.0,0.0,0.0,0.0,0.0,24%
CUST0081413,DECLINED,INSAGFFICIENT_NET_DISPOSABLE_INCOME,3.8267462858951e-07,4.701210519579216e-06,0.008046414676757957,0.0,0.0,0.0,0.0,0.0,0.0,24%
CUST0081437,DECLINED,INSAGFFICIENT_NET_DISPOSABLE_INCOME,3.8267462858951e-07,4.701210519579216e-06,0.008046414676757957,0.0,0.0,0.0,0.0,0.0,0.0,24%
CUST0081438,DECLINED,INSAGFFICIENT_NET_DISPOSABLE_INCOME,5441.803196050921,5919.563206753558,18518.090121727204,0.0,0.0,0.0,0.0,0.0,0.0,24%
CUST0081441,DECLINED,INSAGFFICIENT_NET_DISPOSABLE_INCOME,6479.634927064273,6954.176305137887,18171.714136602677,0.0,0.0,0.0,0.0,0.0,0.0,24%
CUST0081510,DECLINED,INSAGFFICIENT_NET_DISPOSABLE_INCOME,3.8267462858951e-07,4.701210519579216e-06,0.008046414676757957,0.0,0.0,0.0,0.0,0.0,0.0,24%
CUST0081530,DECLINED,INSAGFFICIENT_NET_DISPOSABLE_INCOME,3.8267462858951e-07,4.701210519579216e-06,0.008046414676757957,0.0,0.0,0.0,0.0,0.0,0.0,24%
CUST0081531,DECLINED,INSAGFFICIENT_NET_DISPOSABLE_INCOME,3.8267462858951e-07,4.701210519579216e-06,0.008046414676757957,0.0,0.0,0.0,0.0,0.0,0.0,24%
CUST0081539,DECLINED,INSAGFFICIENT_NET_DISPOSABLE_INCOME,3.8267462858951e-07,4.701210519579216e-06,0.008046414676757957,0.0,0.0,0.0,0.0,0.0,0.0,24%
CUST0081547,DECLINED,INSAGFFICIENT_NET_DISPOSABLE_INCOME,3.8267462858951e-07,4.701210519579216e-06,0.008046414676757957,0.0,0.0,0.0,0.0,0.0,0.0,24%
CUST0081567,DECLINED,INSAGFFICIENT_NET_DISPOSABLE_INCOME,3.8267462858951e-07,4.701210519579216e-06,0.008046414676757957,0.0,0.0,0.0,0.0,0.0,0.0,24%
CUST0081623,DECLINED,INSAGFFICIENT_NET_DISPOSABLE_INCOME,3.8267462858951e-07,4.701210519579216e-06,0.008046414676757957,0.0,0.0,0.0,0.0,0.0,0.0,24%
CUST0081648,DECLINED,INSAGFFICIENT_NET_DISPOSABLE_INCOME,5494.000288270563,5656.264523632741,12042.442974557329,0.0,0.0,0.0,0.0,0.0,0.0,24%
CUST0081702,DECLINED,INSAGFFICIENT_NET_DISPOSABLE_INCOME,3.8267462858951e-07,4.701210519579216e-06,0.008046414676757957,0.0,0.0,0.0,0.0,0.0,0.0,24%
CUST0081732,DECLINED,INSAGFFICIENT_NET_DISPOSABLE_INCOME,3.8267462858951e-07,4.701210519579216e-06,0.008046414676757957,0.0,0.0,0.0,0.0,0.0,0.0,24%
CUST0081779,DECLINED,INSAGFFICIENT_NET_DISPOSABLE_INCOME,3.8267462858951e-07,4.701210519579216e-06,0.008046414676757957,0.0,0.0,0.0,0.0,0.0,0.0,24%
CUST0081805,DECLINED,INSAGFFICIENT_NET_DISPOSABLE_INCOME,3.8267462858951e-07,4.701210519579216e-06,0.008046414676757957,0.0,0.0,0.0,0.0,0.0,0.0,24%
CUST0081857,DECLINED,INSAGFFICIENT_NET_DISPOSABLE_INCOME,3.8267462858951e-07,4.701210519579216e-06,0.008046414676757957,0.0,0.0,0.0,0.0,0.0,0.0,24%
CUST0081924,DECLINED,INSAGFFICIENT_NET_DISPOSABLE_INCOME,3.8267462858951e-07,4.701210519579216e-06,0.008046414676757957,0.0,0.0,0.0,0.0,0.0,0.0,24%
CUST0081938,DECLINED,INSAGFFICIENT_NET_DISPOSABLE_INCOME,3.8267462858951e-07,4.701210519579216e-06,0.008046414676757957,0.0,0.0,0.0,0.0,0.0,0.0,24%
CUST0082020,DECLINED,INSAGFFICIENT_NET_DISPOSABLE_INCOME,3.8267462858951e-07,4.701210519579216e-06,0.008046414676757957,0.0,0.0,0.0,0.0,0.0,0.0,24%
CUST0082113,DECLINED,INSAGFFICIENT_NET_DISPOSABLE_INCOME,3.8267462858951e-07,4.701210519579216e-06,0.008046414676757957,0.0,0.0,0.0,0.0,0.0,0.0,24%
CUST0082228,DECLINED,INSAGFFICIENT_NET_DISPOSABLE_INCOME,3.8267462858951e-07,4.701210519579216e-06,0.008046414676757957,0.0,0.0,0.0,0.0,0.0,0.0,24%
CUST0082299,DECLINED,INSAGFFICIENT_NET_DISPOSABLE_INCOME,3.8267462858951e-07,4.701210519579216e-06,0.008046414676757957,0.0,0.0,0.0,0.0,0.0,0.0,24%
CUST0082315,DECLINED,INSAGFFICIENT_NET_DISPOSABLE_INCOME,3.8267462858951e-07,4.701210519579216e-06,0.008046414676757957,0.0,0.0,0.0,0.0,0.0,0.0,24%
CUST0082443,DECLINED,INSAGFFICIENT_NET_DISPOSABLE_INCOME,3.8267462858951e-07,4.701210519579216e-06,0.008046414676757957,0.0,0.0,0.0,0.0,0.0,0.0,24%
CUST0082465,DECLINED,INSAGFFICIENT_NET_DISPOSABLE_INCOME,5772.693106449286,6049.808911456788,12091.223874717554,0.0,0.0,0.0,0.0,0.0,0.0,24%
CUST0082467,DECLINED,INSAGFFICIENT_NET_DISPOSABLE_INCOME,3.8267462858951e-07,4.701210519579216e-06,0.008046414676757957,0.0,0.0,0.0,0.0,0.0,0.0,24%
CUST0082472,DECLINED,INSAGFFICIENT_NET_DISPOSABLE_INCOME,3.8267462858951e-07,4.701210519579216e-06,0.008046414676757957,0.0,0.0,0.0,0.0,0.0,0.0,24%
CUST0082616,DECLINED,INSAGFFICIENT_NET_DISPOSABLE_INCOME,3.8267462858951e-07,4.701210519579216e-06,0.008046414676757957,0.0,0.0,0.0,0.0,0.0,0.0,24%
CUST0082619,DECLINED,INSAGFFICIENT_NET_DISPOSABLE_INCOME,3.8267462858951e-07,4.701210519579216e-06,0.008046414676757957,0.0,0.0,0.0,0.0,0.0,0.0,24%
CUST0082683,DECLINED,INSAGFFICIENT_NET_DISPOSABLE_INCOME,3.8267462858951e-07,4.701210519579216e-06,0.008046414676757957,0.0,0.0,0.0,0.0,0.0,0.0,24%
CUST0082702,DECLINED,INSAGFFICIENT_NET_DISPOSABLE_INCOME,3.8267462858951e-07,4.701210519579216e-06,0.008046414676757957,0.0,0.0,0.0,0.0,0.0,0.0,24%
CUST0082755,DECLINED,INSAGFFICIENT_NET_DISPOSABLE_INCOME,3.8267462858951e-07,4.701210519579216e-06,0.008046414676757957,0.0,0.0,0.0,0.0,0.0,0.0,24%
CUST0082758,DECLINED,INSAGFFICIENT_NET_DISPOSABLE_INCOME,3.8267462858951e-07,4.701210519579216e-06,0.008046414676757957,0.0,0.0,0.0,0.0,0.0,0.0,24%
CUST0082812,DECLINED,INSAGFFICIENT_NET_DISPOSABLE_INCOME,3.8267462858951e-07,4.701210519579216e-06,0.008046414676757957,0.0,0.0,0.0,0.0,0.0,0.0,24%
CUST0082957,DECLINED,INSAGFFICIENT_NET_DISPOSABLE_INCOME,3902.8171110397566,20106.97126991227,36163.55800138149,0.0,0.0,0.0,0.0,0.0,0.0,24%
CUST0083175,DECLINED,INSAGFFICIENT_NET_DISPOSABLE_INCOME,3.8267462858951e-07,4.701210519579216e-06,0.008046414676757957,0.0,0.0,0.0,0.0,0.0,0.0,24%
CUST0083189,DECLINED,INSAGFFICIENT_NET_DISPOSABLE_INCOME,3.8267462858951e-07,4.701210519579216e-06,0.008046414676757957,0.0,0.0,0.0,0.0,0.0,0.0,24%
CUST0083206,DECLINED,INSAGFFICIENT_NET_DISPOSABLE_INCOME,3.8267462858951e-07,4.701210519579216e-06,0.008046414676757957,0.0,0.0,0.0,0.0,0.0,0.0,24%
CUST0083215,DECLINED,INSAGFFICIENT_NET_DISPOSABLE_INCOME,3.8267462858951e-07,4.701210519579216e-06,0.008046414676757957,0.0,0.0,0.0,0.0,0.0,0.0,24%
CUST0083223,DECLINED,INSAGFFICIENT_NET_DISPOSABLE_INCOME,3.8267462858951e-07,4.701210519579216e-06,0.008046414676757957,0.0,0.0,0.0,0.0,0.0,0.0,24%
CUST0083246,DECLINED,INSAGFFICIENT_NET_DISPOSABLE_INCOME,3.8267462858951e-07,4.701210519579216e-06,0.008046414676757957,0.0,0.0,0.0,0.0,0.0,0.0,24%
CUST0083252,DECLINED,INSAGFFICIENT_NET_DISPOSABLE_INCOME,3902.8171110397566,20106.97126991227,36163.55800138149,0.0,0.0,0.0,0.0,0.0,0.0,24%
CUST0083266,DECLINED,INSAGFFICIENT_NET_DISPOSABLE_INCOME,3.8267462858951e-07,4.701210519579216e-06,0.008046414676757957,0.0,0.0,0.0,0.0,0.0,0.0,24%
CUST0083343,DECLINED,INSAGFFICIENT_NET_DISPOSABLE_INCOME,5763.801162426392,6364.3030044813695,17083.91707932303,0.0,0.0,0.0,0.0,0.0,0.0,24%
CUST0083363,DECLINED,INSAGFFICIENT_NET_DISPOSABLE_INCOME,3.8267462858951e-07,4.701210519579216e-06,0.008046414676757957,0.0,0.0,0.0,0.0,0.0,0.0,24%
CUST0083454,DECLINED,INSAGFFICIENT_NET_DISPOSABLE_INCOME,3.8267462858951e-07,4.701210519579216e-06,0.008046414676757957,0.0,0.0,0.0,0.0,0.0,0.0,24%
CUST0083471,DECLINED,INSAGFFICIENT_NET_DISPOSABLE_INCOME,3.8267462858951e-07,4.701210519579216e-06,0.008046414676757957,0.0,0.0,0.0,0.0,0.0,0.0,24%
CUST0083580,DECLINED,INSAGFFICIENT_NET_DISPOSABLE_INCOME,5084.713022329042,5493.551712164096,18787.61411286408,0.0,0.0,0.0,0.0,0.0,0.0,24%
CUST0083646,DECLINED,INSAGFFICIENT_NET_DISPOSABLE_INCOME,3.8267462858951e-07,4.701210519579216e-06,0.008046414676757957,0.0,0.0,0.0,0.0,0.0,0.0,24%
CUST0083780,DECLINED,INSAGFFICIENT_NET_DISPOSABLE_INCOME,3.8267462858951e-07,4.701210519579216e-06,0.008046414676757957,0.0,0.0,0.0,0.0,0.0,0.0,24%
CUST0083879,DECLINED,INSAGFFICIENT_NET_DISPOSABLE_INCOME,3.8267462858951e-07,4.701210519579216e-06,0.008046414676757957,0.0,0.0,0.0,0.0,0.0,0.0,24%
CUST0083915,DECLINED,INSAGFFICIENT_NET_DISPOSABLE_INCOME,3.8267462858951e-07,4.701210519579216e-06,0.008046414676757957,0.0,0.0,0.0,0.0,0.0,0.0,24%
CUST0083959,DECLINED,INSAGFFICIENT_NET_DISPOSABLE_INCOME,3.8267462858951e-07,4.701210519579216e-06,0.008046414676757957,0.0,0.0,0.0,0.0,0.0,0.0,24%
CUST0084149,DECLINED,INSAGFFICIENT_NET_DISPOSABLE_INCOME,3.8267462858951e-07,4.701210519579216e-06,0.008046414676757957,0.0,0.0,0.0,0.0,0.0,0.0,24%
CUST0084217,DECLINED,INSAGFFICIENT_NET_DISPOSABLE_INCOME,3.8267462858951e-07,4.701210519579216e-06,0.008046414676757957,0.0,0.0,0.0,0.0,0.0,0.0,24%
CUST0084240,DECLINED,INSAGFFICIENT_NET_DISPOSABLE_INCOME,3.8267462858951e-07,4.701210519579216e-06,0.008046414676757957,0.0,0.0,0.0,0.0,0.0,0.0,24%
CUST0084266,DECLINED,INSAGFFICIENT_NET_DISPOSABLE_INCOME,3902.8171110397566,20106.97126991227,36163.55800138149,0.0,0.0,0.0,0.0,0.0,0.0,24%
CUST0084269,DECLINED,INSAGFFICIENT_NET_DISPOSABLE_INCOME,3.8267462858951e-07,4.701210519579216e-06,0.008046414676757957,0.0,0.0,0.0,0.0,0.0,0.0,24%
CUST0084388,DECLINED,INSAGFFICIENT_NET_DISPOSABLE_INCOME,3.8267462858951e-07,4.701210519579216e-06,0.008046414676757957,0.0,0.0,0.0,0.0,0.0,0.0,24%
CUST0084393,DECLINED,INSAGFFICIENT_NET_DISPOSABLE_INCOME,3.8267462858951e-07,4.701210519579216e-06,0.008046414676757957,0.0,0.0,0.0,0.0,0.0,0.0,24%
CUST0084422,DECLINED,INSAGFFICIENT_NET_DISPOSABLE_INCOME,3.8267462858951e-07,4.701210519579216e-06,0.008046414676757957,0.0,0.0,0.0,0.0,0.0,0.0,24%
CUST0084425,DECLINED,INSAGFFICIENT_NET_DISPOSABLE_INCOME,3.8267462858951e-07,4.701210519579216e-06,0.008046414676757957,0.0,0.0,0.0,0.0,0.0,0.0,24%
CUST0084426,DECLINED,INSAGFFICIENT_NET_DISPOSABLE_INCOME,3.8267462858951e-07,4.701210519579216e-06,0.008046414676757957,0.0,0.0,0.0,0.0,0.0,0.0,24%
CUST0084484,DECLINED,INSAGFFICIENT_NET_DISPOSABLE_INCOME,3.8267462858951e-07,4.701210519579216e-06,0.008046414676757957,0.0,0.0,0.0,0.0,0.0,0.0,24%
CUST0084708,DECLINED,INSAGFFICIENT_NET_DISPOSABLE_INCOME,3.8267462858951e-07,4.701210519579216e-06,0.008046414676757957,0.0,0.0,0.0,0.0,0.0,0.0,24%
CUST0084712,DECLINED,INSAGFFICIENT_NET_DISPOSABLE_INCOME,3.8267462858951e-07,4.701210519579216e-06,0.008046414676757957,0.0,0.0,0.0,0.0,0.0,0.0,24%
CUST0084805,DECLINED,INSAGFFICIENT_NET_DISPOSABLE_INCOME,6562.951218614164,6794.326643177385,18156.63911402742,0.0,0.0,0.0,0.0,0.0,0.0,24%
CUST0084840,DECLINED,INSAGFFICIENT_NET_DISPOSABLE_INCOME,3.8267462858951e-07,4.701210519579216e-06,0.008046414676757957,0.0,0.0,0.0,0.0,0.0,0.0,24%
CUST0085004,DECLINED,INSAGFFICIENT_NET_DISPOSABLE_INCOME,3.8267462858951e-07,4.701210519579216e-06,0.008046414676757957,0.0,0.0,0.0,0.0,0.0,0.0,24%
CUST0085046,DECLINED,INSAGFFICIENT_NET_DISPOSABLE_INCOME,3.8267462858951e-07,4.701210519579216e-06,0.008046414676757957,0.0,0.0,0.0,0.0,0.0,0.0,24%
CUST0085058,DECLINED,INSAGFFICIENT_NET_DISPOSABLE_INCOME,5693.893745426731,6262.999494043465,18518.090121727204,0.0,0.0,0.0,0.0,0.0,0.0,24%
CUST0085119,DECLINED,INSAGFFICIENT_NET_DISPOSABLE_INCOME,3.8267462858951e-07,4.701210519579216e-06,0.008046414676757957,0.0,0.0,0.0,0.0,0.0,0.0,24%
CUST0085178,DECLINED,INSAGFFICIENT_NET_DISPOSABLE_INCOME,3.8267462858951e-07,4.701210519579216e-06,0.008046414676757957,0.0,0.0,0.0,0.0,0.0,0.0,24%
CUST0085218,DECLINED,INSAGFFICIENT_NET_DISPOSABLE_INCOME,3.8267462858951e-07,4.701210519579216e-06,0.008046414676757957,0.0,0.0,0.0,0.0,0.0,0.0,24%
CUST0085223,DECLINED,INSAGFFICIENT_NET_DISPOSABLE_INCOME,3.8267462858951e-07,4.701210519579216e-06,0.008046414676757957,0.0,0.0,0.0,0.0,0.0,0.0,24%
CUST0085309,DECLINED,INSAGFFICIENT_NET_DISPOSABLE_INCOME,3.8267462858951e-07,4.701210519579216e-06,0.008046414676757957,0.0,0.0,0.0,0.0,0.0,0.0,24%
CUST0085365,DECLINED,INSAGFFICIENT_NET_DISPOSABLE_INCOME,3902.8171110397566,20106.97126991227,36163.55800138149,0.0,0.0,0.0,0.0,0.0,0.0,24%
CUST0085372,DECLINED,INSAGFFICIENT_NET_DISPOSABLE_INCOME,3.8267462858951e-07,4.701210519579216e-06,0.008046414676757957,0.0,0.0,0.0,0.0,0.0,0.0,24%
CUST0085386,DECLINED,INSAGFFICIENT_NET_DISPOSABLE_INCOME,3.8267462858951e-07,4.701210519579216e-06,0.008046414676757957,0.0,0.0,0.0,0.0,0.0,0.0,24%
CUST0085413,DECLINED,INSAGFFICIENT_NET_DISPOSABLE_INCOME,3.8267462858951e-07,4.701210519579216e-06,0.008046414676757957,0.0,0.0,0.0,0.0,0.0,0.0,24%
CUST0085546,DECLINED,INSAGFFICIENT_NET_DISPOSABLE_INCOME,3902.8171110397566,20106.97126991227,36163.55800138149,0.0,0.0,0.0,0.0,0.0,0.0,24%
CUST0085547,DECLINED,INSAGFFICIENT_NET_DISPOSABLE_INCOME,3.8267462858951e-07,4.701210519579216e-06,0.008046414676757957,0.0,0.0,0.0,0.0,0.0,0.0,24%
CUST0085730,DECLINED,INSAGFFICIENT_NET_DISPOSABLE_INCOME,3.8267462858951e-07,4.701210519579216e-06,0.008046414676757957,0.0,0.0,0.0,0.0,0.0,0.0,24%
CUST0085817,DECLINED,INSAGFFICIENT_NET_DISPOSABLE_INCOME,3.8267462858951e-07,4.701210519579216e-06,0.008046414676757957,0.0,0.0,0.0,0.0,0.0,0.0,24%
CUST0085823,DECLINED,INSAGFFICIENT_NET_DISPOSABLE_INCOME,3.8267462858951e-07,4.701210519579216e-06,0.008046414676757957,0.0,0.0,0.0,0.0,0.0,0.0,24%
CUST0085920,DECLINED,INSAGFFICIENT_NET_DISPOSABLE_INCOME,3.8267462858951e-07,4.701210519579216e-06,0.008046414676757957,0.0,0.0,0.0,0.0,0.0,0.0,24%
CUST0085927,DECLINED,INSAGFFICIENT_NET_DISPOSABLE_INCOME,6360.942469437124,6920.0682980367355,18102.44989203378,0.0,0.0,0.0,0.0,0.0,0.0,24%
CUST0085933,DECLINED,INSAGFFICIENT_NET_DISPOSABLE_INCOME,3.8267462858951e-07,4.701210519579216e-06,0.008046414676757957,0.0,0.0,0.0,0.0,0.0,0.0,24%
CUST0086091,DECLINED,INSAGFFICIENT_NET_DISPOSABLE_INCOME,3.8267462858951e-07,4.701210519579216e-06,0.008046414676757957,0.0,0.0,0.0,0.0,0.0,0.0,24%
CUST0086103,DECLINED,INSAGFFICIENT_NET_DISPOSABLE_INCOME,3.8267462858951e-07,4.701210519579216e-06,0.008046414676757957,0.0,0.0,0.0,0.0,0.0,0.0,24%
CUST0086177,DECLINED,INSAGFFICIENT_NET_DISPOSABLE_INCOME,3.8267462858951e-07,4.701210519579216e-06,0.008046414676757957,0.0,0.0,0.0,0.0,0.0,0.0,24%
CUST0086236,DECLINED,INSAGFFICIENT_NET_DISPOSABLE_INCOME,3.8267462858951e-07,4.701210519579216e-06,0.008046414676757957,0.0,0.0,0.0,0.0,0.0,0.0,24%
CUST0086255,DECLINED,INSAGFFICIENT_NET_DISPOSABLE_INCOME,3.8267462858951e-07,4.701210519579216e-06,0.008046414676757957,0.0,0.0,0.0,0.0,0.0,0.0,24%
CUST0086270,DECLINED,INSAGFFICIENT_NET_DISPOSABLE_INCOME,3.8267462858951e-07,4.701210519579216e-06,0.008046414676757957,0.0,0.0,0.0,0.0,0.0,0.0,24%
CUST0086288,DECLINED,INSAGFFICIENT_NET_DISPOSABLE_INCOME,5468.730421416326,5582.633688265658,12361.389827170668,0.0,0.0,0.0,0.0,0.0,0.0,24%
CUST0086355,DECLINED,INSAGFFICIENT_NET_DISPOSABLE_INCOME,3.8267462858951e-07,4.701210519579216e-06,0.008046414676757957,0.0,0.0,0.0,0.0,0.0,0.0,24%
CUST0086423,DECLINED,INSAGFFICIENT_NET_DISPOSABLE_INCOME,3.8267462858951e-07,4.701210519579216e-06,0.008046414676757957,0.0,0.0,0.0,0.0,0.0,0.0,24%
CUST0086501,DECLINED,INSAGFFICIENT_NET_DISPOSABLE_INCOME,3.8267462858951e-07,4.701210519579216e-06,0.008046414676757957,0.0,0.0,0.0,0.0,0.0,0.0,24%
CUST0086576,DECLINED,INSAGFFICIENT_NET_DISPOSABLE_INCOME,3.8267462858951e-07,4.701210519579216e-06,0.008046414676757957,0.0,0.0,0.0,0.0,0.0,0.0,24%
CUST0086649,DECLINED,INSAGFFICIENT_NET_DISPOSABLE_INCOME,6497.862515633288,9933.06447277837,15818.25291075471,0.0,0.0,0.0,0.0,0.0,0.0,24%
CUST0086686,DECLINED,INSAGFFICIENT_NET_DISPOSABLE_INCOME,3.8267462858951e-07,4.701210519579216e-06,0.008046414676757957,0.0,0.0,0.0,0.0,0.0,0.0,24%
CUST0086750,DECLINED,INSAGFFICIENT_NET_DISPOSABLE_INCOME,3.8267462858951e-07,4.701210519579216e-06,0.008046414676757957,0.0,0.0,0.0,0.0,0.0,0.0,24%
CUST0086774,DECLINED,INSAGFFICIENT_NET_DISPOSABLE_INCOME,3.8267462858951e-07,4.701210519579216e-06,0.008046414676757957,0.0,0.0,0.0,0.0,0.0,0.0,24%
CUST0086811,DECLINED,INSAGFFICIENT_NET_DISPOSABLE_INCOME,3.8267462858951e-07,4.701210519579216e-06,0.008046414676757957,0.0,0.0,0.0,0.0,0.0,0.0,24%
CUST0086860,DECLINED,INSAGFFICIENT_NET_DISPOSABLE_INCOME,3.8267462858951e-07,4.701210519579216e-06,0.008046414676757957,0.0,0.0,0.0,0.0,0.0,0.0,24%
CUST0086931,DECLINED,INSAGFFICIENT_NET_DISPOSABLE_INCOME,3.8267462858951e-07,4.701210519579216e-06,0.008046414676757957,0.0,0.0,0.0,0.0,0.0,0.0,24%
CUST0087056,DECLINED,INSAGFFICIENT_NET_DISPOSABLE_INCOME,3.8267462858951e-07,4.701210519579216e-06,0.008046414676757957,0.0,0.0,0.0,0.0,0.0,0.0,24%
CUST0087084,DECLINED,INSAGFFICIENT_NET_DISPOSABLE_INCOME,3.8267462858951e-07,4.701210519579216e-06,0.008046414676757957,0.0,0.0,0.0,0.0,0.0,0.0,24%
CUST0087140,DECLINED,INSAGFFICIENT_NET_DISPOSABLE_INCOME,3902.8171110397566,20106.97126991227,36163.55800138149,0.0,0.0,0.0,0.0,0.0,0.0,24%
CUST0087146,DECLINED,INSAGFFICIENT_NET_DISPOSABLE_INCOME,3.8267462858951e-07,4.701210519579216e-06,0.008046414676757957,0.0,0.0,0.0,0.0,0.0,0.0,24%
CUST0087213,DECLINED,INSAGFFICIENT_NET_DISPOSABLE_INCOME,3.8267462858951e-07,4.701210519579216e-06,0.008046414676757957,0.0,0.0,0.0,0.0,0.0,0.0,24%
CUST0087218,DECLINED,INSAGFFICIENT_NET_DISPOSABLE_INCOME,3.8267462858951e-07,4.701210519579216e-06,0.008046414676757957,0.0,0.0,0.0,0.0,0.0,0.0,24%
CUST0087242,DECLINED,INSAGFFICIENT_NET_DISPOSABLE_INCOME,3.8267462858951e-07,4.701210519579216e-06,0.008046414676757957,0.0,0.0,0.0,0.0,0.0,0.0,24%
CUST0087302,DECLINED,INSAGFFICIENT_NET_DISPOSABLE_INCOME,3.8267462858951e-07,4.701210519579216e-06,0.008046414676757957,0.0,0.0,0.0,0.0,0.0,0.0,24%
CUST0087304,DECLINED,INSAGFFICIENT_NET_DISPOSABLE_INCOME,3.8267462858951e-07,4.701210519579216e-06,0.008046414676757957,0.0,0.0,0.0,0.0,0.0,0.0,24%
CUST0087314,DECLINED,INSAGFFICIENT_NET_DISPOSABLE_INCOME,3.8267462858951e-07,4.701210519579216e-06,0.008046414676757957,0.0,0.0,0.0,0.0,0.0,0.0,24%
CUST0087328,DECLINED,INSAGFFICIENT_NET_DISPOSABLE_INCOME,3.8267462858951e-07,4.701210519579216e-06,0.008046414676757957,0.0,0.0,0.0,0.0,0.0,0.0,24%
CUST0087372,DECLINED,INSAGFFICIENT_NET_DISPOSABLE_INCOME,6497.862515633288,9903.363498028652,15818.25291075471,0.0,0.0,0.0,0.0,0.0,0.0,24%
CUST0087373,DECLINED,INSAGFFICIENT_NET_DISPOSABLE_INCOME,3.8267462858951e-07,4.701210519579216e-06,0.008046414676757957,0.0,0.0,0.0,0.0,0.0,0.0,24%
CUST0087469,DECLINED,INSAGFFICIENT_NET_DISPOSABLE_INCOME,3.8267462858951e-07,4.701210519579216e-06,0.008046414676757957,0.0,0.0,0.0,0.0,0.0,0.0,24%
CUST0087575,DECLINED,INSAGFFICIENT_NET_DISPOSABLE_INCOME,3.8267462858951e-07,4.701210519579216e-06,0.008046414676757957,0.0,0.0,0.0,0.0,0.0,0.0,24%
CUST0087594,DECLINED,INSAGFFICIENT_NET_DISPOSABLE_INCOME,4911.182759113063,5368.549386170335,21476.585697711944,0.0,0.0,0.0,0.0,0.0,0.0,24%
CUST0087655,DECLINED,INSAGFFICIENT_NET_DISPOSABLE_INCOME,3.8267462858951e-07,4.701210519579216e-06,0.008046414676757957,0.0,0.0,0.0,0.0,0.0,0.0,24%
CUST0087683,DECLINED,INSAGFFICIENT_NET_DISPOSABLE_INCOME,3.8267462858951e-07,4.701210519579216e-06,0.008046414676757957,0.0,0.0,0.0,0.0,0.0,0.0,24%
CUST0087720,DECLINED,INSAGFFICIENT_NET_DISPOSABLE_INCOME,3.8267462858951e-07,4.701210519579216e-06,0.008046414676757957,0.0,0.0,0.0,0.0,0.0,0.0,24%
CUST0087751,DECLINED,INSAGFFICIENT_NET_DISPOSABLE_INCOME,3.8267462858951e-07,4.701210519579216e-06,0.008046414676757957,0.0,0.0,0.0,0.0,0.0,0.0,24%
CUST0087766,DECLINED,INSAGFFICIENT_NET_DISPOSABLE_INCOME,5896.698168995244,6182.12559396197,12650.532767652809,0.0,0.0,0.0,0.0,0.0,0.0,24%
CUST0087797,DECLINED,INSAGFFICIENT_NET_DISPOSABLE_INCOME,3.8267462858951e-07,4.701210519579216e-06,0.008046414676757957,0.0,0.0,0.0,0.0,0.0,0.0,24%
CUST0087840,DECLINED,INSAGFFICIENT_NET_DISPOSABLE_INCOME,3.8267462858951e-07,4.701210519579216e-06,0.008046414676757957,0.0,0.0,0.0,0.0,0.0,0.0,24%
CUST0087904,DECLINED,INSAGFFICIENT_NET_DISPOSABLE_INCOME,6500.624853892139,7057.157313182164,18402.427706698472,0.0,0.0,0.0,0.0,0.0,0.0,24%
CUST0087924,DECLINED,INSAGFFICIENT_NET_DISPOSABLE_INCOME,3.8267462858951e-07,4.701210519579216e-06,0.008046414676757957,0.0,0.0,0.0,0.0,0.0,0.0,24%
CUST0088038,DECLINED,INSAGFFICIENT_NET_DISPOSABLE_INCOME,3.8267462858951e-07,4.701210519579216e-06,0.008046414676757957,0.0,0.0,0.0,0.0,0.0,0.0,24%
CUST0088077,DECLINED,INSAGFFICIENT_NET_DISPOSABLE_INCOME,3.8267462858951e-07,4.701210519579216e-06,0.008046414676757957,0.0,0.0,0.0,0.0,0.0,0.0,24%
CUST0088147,DECLINED,INSAGFFICIENT_NET_DISPOSABLE_INCOME,3.8267462858951e-07,4.701210519579216e-06,0.008046414676757957,0.0,0.0,0.0,0.0,0.0,0.0,24%
CUST0088196,DECLINED,INSAGFFICIENT_NET_DISPOSABLE_INCOME,3.8267462858951e-07,4.701210519579216e-06,0.008046414676757957,0.0,0.0,0.0,0.0,0.0,0.0,24%
CUST0088200,DECLINED,INSAGFFICIENT_NET_DISPOSABLE_INCOME,3.8267462858951e-07,4.701210519579216e-06,0.008046414676757957,0.0,0.0,0.0,0.0,0.0,0.0,24%
CUST0088202,DECLINED,INSAGFFICIENT_NET_DISPOSABLE_INCOME,3.8267462858951e-07,4.701210519579216e-06,0.008046414676757957,0.0,0.0,0.0,0.0,0.0,0.0,24%
CUST0088213,DECLINED,INSAGFFICIENT_NET_DISPOSABLE_INCOME,3.8267462858951e-07,4.701210519579216e-06,0.008046414676757957,0.0,0.0,0.0,0.0,0.0,0.0,24%
CUST0088215,DECLINED,INSAGFFICIENT_NET_DISPOSABLE_INCOME,3.8267462858951e-07,4.701210519579216e-06,0.008046414676757957,0.0,0.0,0.0,0.0,0.0,0.0,24%
CUST0088385,DECLINED,INSAGFFICIENT_NET_DISPOSABLE_INCOME,3.8267462858951e-07,4.701210519579216e-06,0.008046414676757957,0.0,0.0,0.0,0.0,0.0,0.0,24%
CUST0088401,DECLINED,INSAGFFICIENT_NET_DISPOSABLE_INCOME,3.8267462858951e-07,4.701210519579216e-06,0.008046414676757957,0.0,0.0,0.0,0.0,0.0,0.0,24%
CUST0088498,DECLINED,INSAGFFICIENT_NET_DISPOSABLE_INCOME,3.8267462858951e-07,4.701210519579216e-06,0.008046414676757957,0.0,0.0,0.0,0.0,0.0,0.0,24%
CUST0088511,DECLINED,INSAGFFICIENT_NET_DISPOSABLE_INCOME,3.8267462858951e-07,4.701210519579216e-06,0.008046414676757957,0.0,0.0,0.0,0.0,0.0,0.0,24%
CUST0088569,DECLINED,INSAGFFICIENT_NET_DISPOSABLE_INCOME,3.8267462858951e-07,4.701210519579216e-06,0.008046414676757957,0.0,0.0,0.0,0.0,0.0,0.0,24%
CUST0088718,DECLINED,INSAGFFICIENT_NET_DISPOSABLE_INCOME,3.8267462858951e-07,4.701210519579216e-06,0.008046414676757957,0.0,0.0,0.0,0.0,0.0,0.0,24%
CUST0088722,DECLINED,INSAGFFICIENT_NET_DISPOSABLE_INCOME,3902.8171110397566,20106.97126991227,36163.55800138149,0.0,0.0,0.0,0.0,0.0,0.0,24%
CUST0088725,DECLINED,INSAGFFICIENT_NET_DISPOSABLE_INCOME,6309.65404109478,7083.204880544537,14078.227322983495,0.0,0.0,0.0,0.0,0.0,0.0,24%
CUST0088773,DECLINED,INSAGFFICIENT_NET_DISPOSABLE_INCOME,3.8267462858951e-07,4.701210519579216e-06,0.008046414676757957,0.0,0.0,0.0,0.0,0.0,0.0,24%
CUST0088786,DECLINED,INSAGFFICIENT_NET_DISPOSABLE_INCOME,3.8267462858951e-07,4.701210519579216e-06,0.008046414676757957,0.0,0.0,0.0,0.0,0.0,0.0,24%
CUST0088919,DECLINED,INSAGFFICIENT_NET_DISPOSABLE_INCOME,3.8267462858951e-07,4.701210519579216e-06,0.008046414676757957,0.0,0.0,0.0,0.0,0.0,0.0,24%
CUST0088931,DECLINED,INSAGFFICIENT_NET_DISPOSABLE_INCOME,3.8267462858951e-07,4.701210519579216e-06,0.008046414676757957,0.0,0.0,0.0,0.0,0.0,0.0,24%
CUST0088970,DECLINED,INSAGFFICIENT_NET_DISPOSABLE_INCOME,3.8267462858951e-07,4.701210519579216e-06,0.008046414676757957,0.0,0.0,0.0,0.0,0.0,0.0,24%
CUST0088982,DECLINED,INSAGFFICIENT_NET_DISPOSABLE_INCOME,3.8267462858951e-07,4.701210519579216e-06,0.008046414676757957,0.0,0.0,0.0,0.0,0.0,0.0,24%
CUST0089019,DECLINED,INSAGFFICIENT_NET_DISPOSABLE_INCOME,3.8267462858951e-07,4.701210519579216e-06,0.008046414676757957,0.0,0.0,0.0,0.0,0.0,0.0,24%
CUST0089047,DECLINED,INSAGFFICIENT_NET_DISPOSABLE_INCOME,3.8267462858951e-07,4.701210519579216e-06,0.008046414676757957,0.0,0.0,0.0,0.0,0.0,0.0,24%
CUST0089080,DECLINED,INSAGFFICIENT_NET_DISPOSABLE_INCOME,3.8267462858951e-07,4.701210519579216e-06,0.008046414676757957,0.0,0.0,0.0,0.0,0.0,0.0,24%
CUST0089099,DECLINED,INSAGFFICIENT_NET_DISPOSABLE_INCOME,3.8267462858951e-07,4.701210519579216e-06,0.008046414676757957,0.0,0.0,0.0,0.0,0.0,0.0,24%
CUST0089163,DECLINED,INSAGFFICIENT_NET_DISPOSABLE_INCOME,3.8267462858951e-07,4.701210519579216e-06,0.008046414676757957,0.0,0.0,0.0,0.0,0.0,0.0,24%
CUST0089205,DECLINED,INSAGFFICIENT_NET_DISPOSABLE_INCOME,3902.8171110397566,20106.97126991227,36163.55800138149,0.0,0.0,0.0,0.0,0.0,0.0,24%
CUST0089392,DECLINED,INSAGFFICIENT_NET_DISPOSABLE_INCOME,3.8267462858951e-07,4.701210519579216e-06,0.008046414676757957,0.0,0.0,0.0,0.0,0.0,0.0,24%
CUST0089396,DECLINED,INSAGFFICIENT_NET_DISPOSABLE_INCOME,3.8267462858951e-07,4.701210519579216e-06,0.008046414676757957,0.0,0.0,0.0,0.0,0.0,0.0,24%
CUST0089602,DECLINED,INSAGFFICIENT_NET_DISPOSABLE_INCOME,6516.981430402084,10923.306020173948,15818.25291075471,0.0,0.0,0.0,0.0,0.0,0.0,24%
CUST0089717,DECLINED,INSAGFFICIENT_NET_DISPOSABLE_INCOME,3.8267462858951e-07,4.701210519579216e-06,0.008046414676757957,0.0,0.0,0.0,0.0,0.0,0.0,24%
CUST0089875,DECLINED,INSAGFFICIENT_NET_DISPOSABLE_INCOME,3.8267462858951e-07,4.701210519579216e-06,0.008046414676757957,0.0,0.0,0.0,0.0,0.0,0.0,24%
CUST0089883,DECLINED,INSAGFFICIENT_NET_DISPOSABLE_INCOME,3.8267462858951e-07,4.701210519579216e-06,0.008046414676757957,0.0,0.0,0.0,0.0,0.0,0.0,24%
CUST0089914,DECLINED,INSAGFFICIENT_NET_DISPOSABLE_INCOME,3.8267462858951e-07,4.701210519579216e-06,0.008046414676757957,0.0,0.0,0.0,0.0,0.0,0.0,24%
CUST0089960,DECLINED,INSAGFFICIENT_NET_DISPOSABLE_INCOME,3.8267462858951e-07,4.701210519579216e-06,0.008046414676757957,0.0,0.0,0.0,0.0,0.0,0.0,24%
CUST0089985,DECLINED,INSAGFFICIENT_NET_DISPOSABLE_INCOME,3.8267462858951e-07,4.701210519579216e-06,0.008046414676757957,0.0,0.0,0.0,0.0,0.0,0.0,24%
CUST0090035,DECLINED,INSAGFFICIENT_NET_DISPOSABLE_INCOME,3.8267462858951e-07,4.701210519579216e-06,0.008046414676757957,0.0,0.0,0.0,0.0,0.0,0.0,24%
CUST0090046,DECLINED,INSAGFFICIENT_NET_DISPOSABLE_INCOME,4980.874241717383,5175.592323509924,18240.201708455563,0.0,0.0,0.0,0.0,0.0,0.0,24%
CUST0090106,DECLINED,INSAGFFICIENT_NET_DISPOSABLE_INCOME,3.8267462858951e-07,4.701210519579216e-06,0.008046414676757957,0.0,0.0,0.0,0.0,0.0,0.0,24%
CUST0090111,DECLINED,INSAGFFICIENT_NET_DISPOSABLE_INCOME,3.8267462858951e-07,4.701210519579216e-06,0.008046414676757957,0.0,0.0,0.0,0.0,0.0,0.0,24%
CUST0090118,DECLINED,INSAGFFICIENT_NET_DISPOSABLE_INCOME,3.8267462858951e-07,4.701210519579216e-06,0.008046414676757957,0.0,0.0,0.0,0.0,0.0,0.0,24%
CUST0090138,DECLINED,INSAGFFICIENT_NET_DISPOSABLE_INCOME,3.8267462858951e-07,4.701210519579216e-06,0.008046414676757957,0.0,0.0,0.0,0.0,0.0,0.0,24%
CUST0090225,DECLINED,INSAGFFICIENT_NET_DISPOSABLE_INCOME,3.8267462858951e-07,4.701210519579216e-06,0.008046414676757957,0.0,0.0,0.0,0.0,0.0,0.0,24%
CUST0090263,DECLINED,INSAGFFICIENT_NET_DISPOSABLE_INCOME,3.8267462858951e-07,4.701210519579216e-06,0.008046414676757957,0.0,0.0,0.0,0.0,0.0,0.0,24%
CUST0090278,DECLINED,INSAGFFICIENT_NET_DISPOSABLE_INCOME,5457.142199567407,6005.935053543469,18814.17570677003,0.0,0.0,0.0,0.0,0.0,0.0,24%
CUST0090291,DECLINED,INSAGFFICIENT_NET_DISPOSABLE_INCOME,3.8267462858951e-07,4.701210519579216e-06,0.008046414676757957,0.0,0.0,0.0,0.0,0.0,0.0,24%
CUST0090304,DECLINED,INSAGFFICIENT_NET_DISPOSABLE_INCOME,3.8267462858951e-07,4.701210519579216e-06,0.008046414676757957,0.0,0.0,0.0,0.0,0.0,0.0,24%
CUST0090311,DECLINED,INSAGFFICIENT_NET_DISPOSABLE_INCOME,3.8267462858951e-07,4.701210519579216e-06,0.008046414676757957,0.0,0.0,0.0,0.0,0.0,0.0,24%
CUST0090317,DECLINED,INSAGFFICIENT_NET_DISPOSABLE_INCOME,3.8267462858951e-07,4.701210519579216e-06,0.008046414676757957,0.0,0.0,0.0,0.0,0.0,0.0,24%
CUST0090364,DECLINED,INSAGFFICIENT_NET_DISPOSABLE_INCOME,3.8267462858951e-07,4.701210519579216e-06,0.008046414676757957,0.0,0.0,0.0,0.0,0.0,0.0,24%
CUST0090385,DECLINED,INSAGFFICIENT_NET_DISPOSABLE_INCOME,3.8267462858951e-07,4.701210519579216e-06,0.008046414676757957,0.0,0.0,0.0,0.0,0.0,0.0,24%
CUST0090404,DECLINED,INSAGFFICIENT_NET_DISPOSABLE_INCOME,3.8267462858951e-07,4.701210519579216e-06,0.008046414676757957,0.0,0.0,0.0,0.0,0.0,0.0,24%
CUST0090513,DECLINED,INSAGFFICIENT_NET_DISPOSABLE_INCOME,3.8267462858951e-07,4.701210519579216e-06,0.008046414676757957,0.0,0.0,0.0,0.0,0.0,0.0,24%
CUST0090540,DECLINED,INSAGFFICIENT_NET_DISPOSABLE_INCOME,3.8267462858951e-07,4.701210519579216e-06,0.008046414676757957,0.0,0.0,0.0,0.0,0.0,0.0,24%
CUST0090586,DECLINED,INSAGFFICIENT_NET_DISPOSABLE_INCOME,3.8267462858951e-07,4.701210519579216e-06,0.008046414676757957,0.0,0.0,0.0,0.0,0.0,0.0,24%
CUST0090613,DECLINED,INSAGFFICIENT_NET_DISPOSABLE_INCOME,3.8267462858951e-07,4.701210519579216e-06,0.008046414676757957,0.0,0.0,0.0,0.0,0.0,0.0,24%
CUST0090622,DECLINED,INSAGFFICIENT_NET_DISPOSABLE_INCOME,3.8267462858951e-07,4.701210519579216e-06,0.008046414676757957,0.0,0.0,0.0,0.0,0.0,0.0,24%
CUST0090634,DECLINED,INSAGFFICIENT_NET_DISPOSABLE_INCOME,3.8267462858951e-07,4.701210519579216e-06,0.008046414676757957,0.0,0.0,0.0,0.0,0.0,0.0,24%
CUST0090687,DECLINED,INSAGFFICIENT_NET_DISPOSABLE_INCOME,3.8267462858951e-07,4.701210519579216e-06,0.008046414676757957,0.0,0.0,0.0,0.0,0.0,0.0,24%
CUST0090719,DECLINED,INSAGFFICIENT_NET_DISPOSABLE_INCOME,3.8267462858951e-07,4.701210519579216e-06,0.008046414676757957,0.0,0.0,0.0,0.0,0.0,0.0,24%
CUST0090740,DECLINED,INSAGFFICIENT_NET_DISPOSABLE_INCOME,3.8267462858951e-07,4.701210519579216e-06,0.008046414676757957,0.0,0.0,0.0,0.0,0.0,0.0,24%
CUST0090813,DECLINED,INSAGFFICIENT_NET_DISPOSABLE_INCOME,6496.151032956467,9561.489065936123,15818.25291075471,0.0,0.0,0.0,0.0,0.0,0.0,24%
CUST0090866,DECLINED,INSAGFFICIENT_NET_DISPOSABLE_INCOME,3902.8171110397566,20106.97126991227,36163.55800138149,0.0,0.0,0.0,0.0,0.0,0.0,24%
CUST0091046,DECLINED,INSAGFFICIENT_NET_DISPOSABLE_INCOME,3.8267462858951e-07,4.701210519579216e-06,0.008046414676757957,0.0,0.0,0.0,0.0,0.0,0.0,24%
CUST0091176,DECLINED,INSAGFFICIENT_NET_DISPOSABLE_INCOME,3902.8171110397566,20106.97126991227,36163.55800138149,0.0,0.0,0.0,0.0,0.0,0.0,24%
CUST0091236,DECLINED,INSAGFFICIENT_NET_DISPOSABLE_INCOME,3.8267462858951e-07,4.701210519579216e-06,0.008046414676757957,0.0,0.0,0.0,0.0,0.0,0.0,24%
CUST0091403,DECLINED,INSAGFFICIENT_NET_DISPOSABLE_INCOME,3902.8171110397566,20106.97126991227,36163.55800138149,0.0,0.0,0.0,0.0,0.0,0.0,24%
CUST0091462,DECLINED,INSAGFFICIENT_NET_DISPOSABLE_INCOME,3.8267462858951e-07,4.701210519579216e-06,0.008046414676757957,0.0,0.0,0.0,0.0,0.0,0.0,24%
CUST0091510,DECLINED,INSAGFFICIENT_NET_DISPOSABLE_INCOME,3.8267462858951e-07,4.701210519579216e-06,0.008046414676757957,0.0,0.0,0.0,0.0,0.0,0.0,24%
CUST0091530,DECLINED,INSAGFFICIENT_NET_DISPOSABLE_INCOME,3.8267462858951e-07,4.701210519579216e-06,0.008046414676757957,0.0,0.0,0.0,0.0,0.0,0.0,24%
CUST0091550,DECLINED,INSAGFFICIENT_NET_DISPOSABLE_INCOME,3.8267462858951e-07,4.701210519579216e-06,0.008046414676757957,0.0,0.0,0.0,0.0,0.0,0.0,24%
CUST0091579,DECLINED,INSAGFFICIENT_NET_DISPOSABLE_INCOME,3.8267462858951e-07,4.701210519579216e-06,0.008046414676757957,0.0,0.0,0.0,0.0,0.0,0.0,24%
CUST0091662,DECLINED,INSAGFFICIENT_NET_DISPOSABLE_INCOME,3.8267462858951e-07,4.701210519579216e-06,0.008046414676757957,0.0,0.0,0.0,0.0,0.0,0.0,24%
CUST0091668,DECLINED,INSAGFFICIENT_NET_DISPOSABLE_INCOME,3.8267462858951e-07,4.701210519579216e-06,0.008046414676757957,0.0,0.0,0.0,0.0,0.0,0.0,24%
CUST0091695,DECLINED,INSAGFFICIENT_NET_DISPOSABLE_INCOME,3.8267462858951e-07,4.701210519579216e-06,0.008046414676757957,0.0,0.0,0.0,0.0,0.0,0.0,24%
CUST0091702,DECLINED,INSAGFFICIENT_NET_DISPOSABLE_INCOME,3.8267462858951e-07,4.701210519579216e-06,0.008046414676757957,0.0,0.0,0.0,0.0,0.0,0.0,24%
CUST0091738,DECLINED,INSAGFFICIENT_NET_DISPOSABLE_INCOME,3.8267462858951e-07,4.701210519579216e-06,0.008046414676757957,0.0,0.0,0.0,0.0,0.0,0.0,24%
CUST0091856,DECLINED,INSAGFFICIENT_NET_DISPOSABLE_INCOME,3.8267462858951e-07,4.701210519579216e-06,0.008046414676757957,0.0,0.0,0.0,0.0,0.0,0.0,24%
CUST0091897,DECLINED,INSAGFFICIENT_NET_DISPOSABLE_INCOME,3.8267462858951e-07,4.701210519579216e-06,0.008046414676757957,0.0,0.0,0.0,0.0,0.0,0.0,24%
CUST0091958,DECLINED,INSAGFFICIENT_NET_DISPOSABLE_INCOME,3.8267462858951e-07,4.701210519579216e-06,0.008046414676757957,0.0,0.0,0.0,0.0,0.0,0.0,24%
CUST0092002,DECLINED,INSAGFFICIENT_NET_DISPOSABLE_INCOME,3.8267462858951e-07,4.701210519579216e-06,0.008046414676757957,0.0,0.0,0.0,0.0,0.0,0.0,24%
CUST0092018,DECLINED,INSAGFFICIENT_NET_DISPOSABLE_INCOME,4686.995228957933,5006.240021763424,11235.885814694308,0.0,0.0,0.0,0.0,0.0,0.0,24%
CUST0092042,DECLINED,INSAGFFICIENT_NET_DISPOSABLE_INCOME,3.8267462858951e-07,4.701210519579216e-06,0.008046414676757957,0.0,0.0,0.0,0.0,0.0,0.0,24%
CUST0092071,DECLINED,INSAGFFICIENT_NET_DISPOSABLE_INCOME,6039.071688165008,6195.09796037758,18747.458213490994,0.0,0.0,0.0,0.0,0.0,0.0,24%
CUST0092127,DECLINED,INSAGFFICIENT_NET_DISPOSABLE_INCOME,3.8267462858951e-07,4.701210519579216e-06,0.008046414676757957,0.0,0.0,0.0,0.0,0.0,0.0,24%
CUST0092133,DECLINED,INSAGFFICIENT_NET_DISPOSABLE_INCOME,3.8267462858951e-07,4.701210519579216e-06,0.008046414676757957,0.0,0.0,0.0,0.0,0.0,0.0,24%
CUST0092196,DECLINED,INSAGFFICIENT_NET_DISPOSABLE_INCOME,3.8267462858951e-07,4.701210519579216e-06,0.008046414676757957,0.0,0.0,0.0,0.0,0.0,0.0,24%
CUST0092269,DECLINED,INSAGFFICIENT_NET_DISPOSABLE_INCOME,3.8267462858951e-07,4.701210519579216e-06,0.008046414676757957,0.0,0.0,0.0,0.0,0.0,0.0,24%
CUST0092400,DECLINED,INSAGFFICIENT_NET_DISPOSABLE_INCOME,3.8267462858951e-07,4.701210519579216e-06,0.008046414676757957,0.0,0.0,0.0,0.0,0.0,0.0,24%
CUST0092408,DECLINED,INSAGFFICIENT_NET_DISPOSABLE_INCOME,3.8267462858951e-07,4.701210519579216e-06,0.008046414676757957,0.0,0.0,0.0,0.0,0.0,0.0,24%
CUST0092482,DECLINED,INSAGFFICIENT_NET_DISPOSABLE_INCOME,3.8267462858951e-07,4.701210519579216e-06,0.008046414676757957,0.0,0.0,0.0,0.0,0.0,0.0,24%
CUST0092504,DECLINED,INSAGFFICIENT_NET_DISPOSABLE_INCOME,3.8267462858951e-07,4.701210519579216e-06,0.008046414676757957,0.0,0.0,0.0,0.0,0.0,0.0,24%
CUST0092574,DECLINED,INSAGFFICIENT_NET_DISPOSABLE_INCOME,3.8267462858951e-07,4.701210519579216e-06,0.008046414676757957,0.0,0.0,0.0,0.0,0.0,0.0,24%
CUST0092577,DECLINED,INSAGFFICIENT_NET_DISPOSABLE_INCOME,3.8267462858951e-07,4.701210519579216e-06,0.008046414676757957,0.0,0.0,0.0,0.0,0.0,0.0,24%
CUST0092608,DECLINED,INSAGFFICIENT_NET_DISPOSABLE_INCOME,3.8267462858951e-07,4.701210519579216e-06,0.008046414676757957,0.0,0.0,0.0,0.0,0.0,0.0,24%
CUST0092621,DECLINED,INSAGFFICIENT_NET_DISPOSABLE_INCOME,3.8267462858951e-07,4.701210519579216e-06,0.008046414676757957,0.0,0.0,0.0,0.0,0.0,0.0,24%
CUST0092681,DECLINED,INSAGFFICIENT_NET_DISPOSABLE_INCOME,3.8267462858951e-07,4.701210519579216e-06,0.008046414676757957,0.0,0.0,0.0,0.0,0.0,0.0,24%
CUST0092685,DECLINED,INSAGFFICIENT_NET_DISPOSABLE_INCOME,3.8267462858951e-07,4.701210519579216e-06,0.008046414676757957,0.0,0.0,0.0,0.0,0.0,0.0,24%
CUST0092766,DECLINED,INSAGFFICIENT_NET_DISPOSABLE_INCOME,3.8267462858951e-07,4.701210519579216e-06,0.008046414676757957,0.0,0.0,0.0,0.0,0.0,0.0,24%
CUST0092802,DECLINED,INSAGFFICIENT_NET_DISPOSABLE_INCOME,3.8267462858951e-07,4.701210519579216e-06,0.008046414676757957,0.0,0.0,0.0,0.0,0.0,0.0,24%
CUST0092804,DECLINED,INSAGFFICIENT_NET_DISPOSABLE_INCOME,3.8267462858951e-07,4.701210519579216e-06,0.008046414676757957,0.0,0.0,0.0,0.0,0.0,0.0,24%
CUST0092813,DECLINED,INSAGFFICIENT_NET_DISPOSABLE_INCOME,3.8267462858951e-07,4.701210519579216e-06,0.008046414676757957,0.0,0.0,0.0,0.0,0.0,0.0,24%
CUST0092820,DECLINED,INSAGFFICIENT_NET_DISPOSABLE_INCOME,6497.862515633288,9933.06447277837,15818.25291075471,0.0,0.0,0.0,0.0,0.0,0.0,24%
CUST0092935,DECLINED,INSAGFFICIENT_NET_DISPOSABLE_INCOME,6494.802786019554,9908.14084283386,15818.25291075471,0.0,0.0,0.0,0.0,0.0,0.0,24%
CUST0092941,DECLINED,INSAGFFICIENT_NET_DISPOSABLE_INCOME,3.8267462858951e-07,4.701210519579216e-06,0.008046414676757957,0.0,0.0,0.0,0.0,0.0,0.0,24%
CUST0092986,DECLINED,INSAGFFICIENT_NET_DISPOSABLE_INCOME,6496.151032956467,9178.27045993281,15818.25291075471,0.0,0.0,0.0,0.0,0.0,0.0,24%
CUST0093067,DECLINED,INSAGFFICIENT_NET_DISPOSABLE_INCOME,3.8267462858951e-07,4.701210519579216e-06,0.008046414676757957,0.0,0.0,0.0,0.0,0.0,0.0,24%
CUST0093104,DECLINED,INSAGFFICIENT_NET_DISPOSABLE_INCOME,3.8267462858951e-07,4.701210519579216e-06,0.008046414676757957,0.0,0.0,0.0,0.0,0.0,0.0,24%
CUST0093167,DECLINED,INSAGFFICIENT_NET_DISPOSABLE_INCOME,3.8267462858951e-07,4.701210519579216e-06,0.008046414676757957,0.0,0.0,0.0,0.0,0.0,0.0,24%
CUST0093225,DECLINED,INSAGFFICIENT_NET_DISPOSABLE_INCOME,3.8267462858951e-07,4.701210519579216e-06,0.008046414676757957,0.0,0.0,0.0,0.0,0.0,0.0,24%
CUST0093255,DECLINED,INSAGFFICIENT_NET_DISPOSABLE_INCOME,3.8267462858951e-07,4.701210519579216e-06,0.008046414676757957,0.0,0.0,0.0,0.0,0.0,0.0,24%
CUST0093408,DECLINED,INSAGFFICIENT_NET_DISPOSABLE_INCOME,3.8267462858951e-07,4.701210519579216e-06,0.008046414676757957,0.0,0.0,0.0,0.0,0.0,0.0,24%
CUST0093478,DECLINED,INSAGFFICIENT_NET_DISPOSABLE_INCOME,3.8267462858951e-07,4.701210519579216e-06,0.008046414676757957,0.0,0.0,0.0,0.0,0.0,0.0,24%
CUST0093518,DECLINED,INSAGFFICIENT_NET_DISPOSABLE_INCOME,3.8267462858951e-07,4.701210519579216e-06,0.008046414676757957,0.0,0.0,0.0,0.0,0.0,0.0,24%
CUST0093538,DECLINED,INSAGFFICIENT_NET_DISPOSABLE_INCOME,3.8267462858951e-07,4.701210519579216e-06,0.008046414676757957,0.0,0.0,0.0,0.0,0.0,0.0,24%
CUST0093558,DECLINED,INSAGFFICIENT_NET_DISPOSABLE_INCOME,3.8267462858951e-07,4.701210519579216e-06,0.008046414676757957,0.0,0.0,0.0,0.0,0.0,0.0,24%
CUST0093612,DECLINED,INSAGFFICIENT_NET_DISPOSABLE_INCOME,3.8267462858951e-07,4.701210519579216e-06,0.008046414676757957,0.0,0.0,0.0,0.0,0.0,0.0,24%
CUST0093622,DECLINED,INSAGFFICIENT_NET_DISPOSABLE_INCOME,6571.086454926805,7021.929478746172,18810.12690349223,0.0,0.0,0.0,0.0,0.0,0.0,24%
CUST0093733,DECLINED,INSAGFFICIENT_NET_DISPOSABLE_INCOME,3.8267462858951e-07,4.701210519579216e-06,0.008046414676757957,0.0,0.0,0.0,0.0,0.0,0.0,24%
CUST0093829,DECLINED,INSAGFFICIENT_NET_DISPOSABLE_INCOME,4430.680301744775,4502.5426333334435,18297.165963786567,0.0,0.0,0.0,0.0,0.0,0.0,24%
CUST0093850,DECLINED,INSAGFFICIENT_NET_DISPOSABLE_INCOME,3.8267462858951e-07,4.701210519579216e-06,0.008046414676757957,0.0,0.0,0.0,0.0,0.0,0.0,24%
CUST0093857,DECLINED,INSAGFFICIENT_NET_DISPOSABLE_INCOME,3.8267462858951e-07,4.701210519579216e-06,0.008046414676757957,0.0,0.0,0.0,0.0,0.0,0.0,24%
CUST0093859,DECLINED,INSAGFFICIENT_NET_DISPOSABLE_INCOME,5091.069913371078,5257.933277330164,12581.564267660733,0.0,0.0,0.0,0.0,0.0,0.0,24%
CUST0093895,DECLINED,INSAGFFICIENT_NET_DISPOSABLE_INCOME,3.8267462858951e-07,4.701210519579216e-06,0.008046414676757957,0.0,0.0,0.0,0.0,0.0,0.0,24%
CUST0093914,DECLINED,INSAGFFICIENT_NET_DISPOSABLE_INCOME,3.8267462858951e-07,4.701210519579216e-06,0.008046414676757957,0.0,0.0,0.0,0.0,0.0,0.0,24%
CUST0093936,DECLINED,INSAGFFICIENT_NET_DISPOSABLE_INCOME,3.8267462858951e-07,4.701210519579216e-06,0.008046414676757957,0.0,0.0,0.0,0.0,0.0,0.0,24%
CUST0094227,DECLINED,INSAGFFICIENT_NET_DISPOSABLE_INCOME,3.8267462858951e-07,4.701210519579216e-06,0.008046414676757957,0.0,0.0,0.0,0.0,0.0,0.0,24%
CUST0094303,DECLINED,INSAGFFICIENT_NET_DISPOSABLE_INCOME,3.8267462858951e-07,4.701210519579216e-06,0.008046414676757957,0.0,0.0,0.0,0.0,0.0,0.0,24%
CUST0094315,DECLINED,INSAGFFICIENT_NET_DISPOSABLE_INCOME,3.8267462858951e-07,4.701210519579216e-06,0.008046414676757957,0.0,0.0,0.0,0.0,0.0,0.0,24%
CUST0094365,DECLINED,INSAGFFICIENT_NET_DISPOSABLE_INCOME,3.8267462858951e-07,4.701210519579216e-06,0.008046414676757957,0.0,0.0,0.0,0.0,0.0,0.0,24%
CUST0094433,DECLINED,INSAGFFICIENT_NET_DISPOSABLE_INCOME,3.8267462858951e-07,4.701210519579216e-06,0.008046414676757957,0.0,0.0,0.0,0.0,0.0,0.0,24%
CUST0094467,DECLINED,INSAGFFICIENT_NET_DISPOSABLE_INCOME,3.8267462858951e-07,4.701210519579216e-06,0.008046414676757957,0.0,0.0,0.0,0.0,0.0,0.0,24%
CUST0094520,DECLINED,INSAGFFICIENT_NET_DISPOSABLE_INCOME,3.8267462858951e-07,4.701210519579216e-06,0.008046414676757957,0.0,0.0,0.0,0.0,0.0,0.0,24%
CUST0094578,DECLINED,INSAGFFICIENT_NET_DISPOSABLE_INCOME,3.8267462858951e-07,4.701210519579216e-06,0.008046414676757957,0.0,0.0,0.0,0.0,0.0,0.0,24%
CUST0094634,DECLINED,INSAGFFICIENT_NET_DISPOSABLE_INCOME,3.8267462858951e-07,4.701210519579216e-06,0.008046414676757957,0.0,0.0,0.0,0.0,0.0,0.0,24%
CUST0094670,DECLINED,INSAGFFICIENT_NET_DISPOSABLE_INCOME,3.8267462858951e-07,4.701210519579216e-06,0.008046414676757957,0.0,0.0,0.0,0.0,0.0,0.0,24%
CUST0094740,DECLINED,INSAGFFICIENT_NET_DISPOSABLE_INCOME,3.8267462858951e-07,4.701210519579216e-06,0.008046414676757957,0.0,0.0,0.0,0.0,0.0,0.0,24%
CUST0094751,DECLINED,INSAGFFICIENT_NET_DISPOSABLE_INCOME,6521.9656282286305,6636.927990582989,14184.041072725297,0.0,0.0,0.0,0.0,0.0,0.0,24%
CUST0094757,DECLINED,INSAGFFICIENT_NET_DISPOSABLE_INCOME,6289.1441831228985,6296.6363351608925,12650.532767652809,0.0,0.0,0.0,0.0,0.0,0.0,24%
CUST0094775,DECLINED,INSAGFFICIENT_NET_DISPOSABLE_INCOME,3.8267462858951e-07,4.701210519579216e-06,0.008046414676757957,0.0,0.0,0.0,0.0,0.0,0.0,24%
CUST0094891,DECLINED,INSAGFFICIENT_NET_DISPOSABLE_INCOME,3.8267462858951e-07,4.701210519579216e-06,0.008046414676757957,0.0,0.0,0.0,0.0,0.0,0.0,24%
CUST0094966,DECLINED,INSAGFFICIENT_NET_DISPOSABLE_INCOME,3.8267462858951e-07,4.701210519579216e-06,0.008046414676757957,0.0,0.0,0.0,0.0,0.0,0.0,24%
CUST0094988,DECLINED,INSAGFFICIENT_NET_DISPOSABLE_INCOME,3.8267462858951e-07,4.701210519579216e-06,0.008046414676757957,0.0,0.0,0.0,0.0,0.0,0.0,24%
CUST0095026,DECLINED,INSAGFFICIENT_NET_DISPOSABLE_INCOME,3.8267462858951e-07,4.701210519579216e-06,0.008046414676757957,0.0,0.0,0.0,0.0,0.0,0.0,24%
CUST0095078,DECLINED,INSAGFFICIENT_NET_DISPOSABLE_INCOME,3.8267462858951e-07,4.701210519579216e-06,0.008046414676757957,0.0,0.0,0.0,0.0,0.0,0.0,24%
CUST0095147,DECLINED,INSAGFFICIENT_NET_DISPOSABLE_INCOME,3.8267462858951e-07,4.701210519579216e-06,0.008046414676757957,0.0,0.0,0.0,0.0,0.0,0.0,24%
CUST0095218,DECLINED,INSAGFFICIENT_NET_DISPOSABLE_INCOME,3.8267462858951e-07,4.701210519579216e-06,0.008046414676757957,0.0,0.0,0.0,0.0,0.0,0.0,24%
CUST0095278,DECLINED,INSAGFFICIENT_NET_DISPOSABLE_INCOME,3.8267462858951e-07,4.701210519579216e-06,0.008046414676757957,0.0,0.0,0.0,0.0,0.0,0.0,24%
CUST0095460,DECLINED,INSAGFFICIENT_NET_DISPOSABLE_INCOME,3.8267462858951e-07,4.701210519579216e-06,0.008046414676757957,0.0,0.0,0.0,0.0,0.0,0.0,24%
CUST0095659,DECLINED,INSAGFFICIENT_NET_DISPOSABLE_INCOME,6635.570241727197,7243.635172852559,18303.564562776246,0.0,0.0,0.0,0.0,0.0,0.0,24%
CUST0095719,DECLINED,INSAGFFICIENT_NET_DISPOSABLE_INCOME,3.8267462858951e-07,4.701210519579216e-06,0.008046414676757957,0.0,0.0,0.0,0.0,0.0,0.0,24%
CUST0095814,DECLINED,INSAGFFICIENT_NET_DISPOSABLE_INCOME,3.8267462858951e-07,4.701210519579216e-06,0.008046414676757957,0.0,0.0,0.0,0.0,0.0,0.0,24%
CUST0095907,DECLINED,INSAGFFICIENT_NET_DISPOSABLE_INCOME,3.8267462858951e-07,4.701210519579216e-06,0.008046414676757957,0.0,0.0,0.0,0.0,0.0,0.0,24%
CUST0095915,DECLINED,INSAGFFICIENT_NET_DISPOSABLE_INCOME,3.8267462858951e-07,4.701210519579216e-06,0.008046414676757957,0.0,0.0,0.0,0.0,0.0,0.0,24%
CUST0096035,DECLINED,INSAGFFICIENT_NET_DISPOSABLE_INCOME,3.8267462858951e-07,4.701210519579216e-06,0.008046414676757957,0.0,0.0,0.0,0.0,0.0,0.0,24%
CUST0096113,DECLINED,INSAGFFICIENT_NET_DISPOSABLE_INCOME,3.8267462858951e-07,4.701210519579216e-06,0.008046414676757957,0.0,0.0,0.0,0.0,0.0,0.0,24%
CUST0096209,DECLINED,INSAGFFICIENT_NET_DISPOSABLE_INCOME,6211.107436808313,6344.6725909557545,17869.88039033862,0.0,0.0,0.0,0.0,0.0,0.0,24%
CUST0096263,DECLINED,INSAGFFICIENT_NET_DISPOSABLE_INCOME,5431.8549416829055,5728.517092169628,12465.919662877614,0.0,0.0,0.0,0.0,0.0,0.0,24%
CUST0096282,DECLINED,INSAGFFICIENT_NET_DISPOSABLE_INCOME,3.8267462858951e-07,4.701210519579216e-06,0.008046414676757957,0.0,0.0,0.0,0.0,0.0,0.0,24%
CUST0096292,DECLINED,INSAGFFICIENT_NET_DISPOSABLE_INCOME,3.8267462858951e-07,4.701210519579216e-06,0.008046414676757957,0.0,0.0,0.0,0.0,0.0,0.0,24%
CUST0096375,DECLINED,INSAGFFICIENT_NET_DISPOSABLE_INCOME,3.8267462858951e-07,4.701210519579216e-06,0.008046414676757957,0.0,0.0,0.0,0.0,0.0,0.0,24%
CUST0096376,DECLINED,INSAGFFICIENT_NET_DISPOSABLE_INCOME,3.8267462858951e-07,4.701210519579216e-06,0.008046414676757957,0.0,0.0,0.0,0.0,0.0,0.0,24%
CUST0096404,DECLINED,INSAGFFICIENT_NET_DISPOSABLE_INCOME,3.8267462858951e-07,4.701210519579216e-06,0.008046414676757957,0.0,0.0,0.0,0.0,0.0,0.0,24%
CUST0096495,DECLINED,INSAGFFICIENT_NET_DISPOSABLE_INCOME,5817.346123425835,6167.605471865784,18413.80149247557,0.0,0.0,0.0,0.0,0.0,0.0,24%
CUST0096531,DECLINED,INSAGFFICIENT_NET_DISPOSABLE_INCOME,3.8267462858951e-07,4.701210519579216e-06,0.008046414676757957,0.0,0.0,0.0,0.0,0.0,0.0,24%
CUST0096553,DECLINED,INSAGFFICIENT_NET_DISPOSABLE_INCOME,3.8267462858951e-07,4.701210519579216e-06,0.008046414676757957,0.0,0.0,0.0,0.0,0.0,0.0,24%
CUST0096575,DECLINED,INSAGFFICIENT_NET_DISPOSABLE_INCOME,3.8267462858951e-07,4.701210519579216e-06,0.008046414676757957,0.0,0.0,0.0,0.0,0.0,0.0,24%
CUST0096649,DECLINED,INSAGFFICIENT_NET_DISPOSABLE_INCOME,3.8267462858951e-07,4.701210519579216e-06,0.008046414676757957,0.0,0.0,0.0,0.0,0.0,0.0,24%
CUST0096692,DECLINED,INSAGFFICIENT_NET_DISPOSABLE_INCOME,3.8267462858951e-07,4.701210519579216e-06,0.008046414676757957,0.0,0.0,0.0,0.0,0.0,0.0,24%
CUST0096868,DECLINED,INSAGFFICIENT_NET_DISPOSABLE_INCOME,3.8267462858951e-07,4.701210519579216e-06,0.008046414676757957,0.0,0.0,0.0,0.0,0.0,0.0,24%
CUST0096958,DECLINED,INSAGFFICIENT_NET_DISPOSABLE_INCOME,6592.029722609403,8036.94546419324,21564.377428338514,0.0,0.0,0.0,0.0,0.0,0.0,24%
CUST0096991,DECLINED,INSAGFFICIENT_NET_DISPOSABLE_INCOME,3.8267462858951e-07,4.701210519579216e-06,0.008046414676757957,0.0,0.0,0.0,0.0,0.0,0.0,24%
CUST0096994,DECLINED,INSAGFFICIENT_NET_DISPOSABLE_INCOME,3.8267462858951e-07,4.701210519579216e-06,0.008046414676757957,0.0,0.0,0.0,0.0,0.0,0.0,24%
CUST0097059,DECLINED,INSAGFFICIENT_NET_DISPOSABLE_INCOME,3.8267462858951e-07,4.701210519579216e-06,0.008046414676757957,0.0,0.0,0.0,0.0,0.0,0.0,24%
CUST0097094,DECLINED,INSAGFFICIENT_NET_DISPOSABLE_INCOME,3.8267462858951e-07,4.701210519579216e-06,0.008046414676757957,0.0,0.0,0.0,0.0,0.0,0.0,24%
CUST0097255,DECLINED,INSAGFFICIENT_NET_DISPOSABLE_INCOME,3.8267462858951e-07,4.701210519579216e-06,0.008046414676757957,0.0,0.0,0.0,0.0,0.0,0.0,24%
CUST0097287,DECLINED,INSAGFFICIENT_NET_DISPOSABLE_INCOME,3.8267462858951e-07,4.701210519579216e-06,0.008046414676757957,0.0,0.0,0.0,0.0,0.0,0.0,24%
CUST0097363,DECLINED,INSAGFFICIENT_NET_DISPOSABLE_INCOME,3.8267462858951e-07,4.701210519579216e-06,0.008046414676757957,0.0,0.0,0.0,0.0,0.0,0.0,24%
CUST0097428,DECLINED,INSAGFFICIENT_NET_DISPOSABLE_INCOME,6226.474489684034,6275.892219028546,19242.794392640546,0.0,0.0,0.0,0.0,0.0,0.0,24%
CUST0097478,DECLINED,INSAGFFICIENT_NET_DISPOSABLE_INCOME,3.8267462858951e-07,4.701210519579216e-06,0.008046414676757957,0.0,0.0,0.0,0.0,0.0,0.0,24%
CUST0097482,DECLINED,INSAGFFICIENT_NET_DISPOSABLE_INCOME,3.8267462858951e-07,4.701210519579216e-06,0.008046414676757957,0.0,0.0,0.0,0.0,0.0,0.0,24%
CUST0097502,DECLINED,INSAGFFICIENT_NET_DISPOSABLE_INCOME,3.8267462858951e-07,4.701210519579216e-06,0.008046414676757957,0.0,0.0,0.0,0.0,0.0,0.0,24%
CUST0097541,DECLINED,INSAGFFICIENT_NET_DISPOSABLE_INCOME,3.8267462858951e-07,4.701210519579216e-06,0.008046414676757957,0.0,0.0,0.0,0.0,0.0,0.0,24%
CUST0097555,DECLINED,INSAGFFICIENT_NET_DISPOSABLE_INCOME,3.8267462858951e-07,4.701210519579216e-06,0.008046414676757957,0.0,0.0,0.0,0.0,0.0,0.0,24%
CUST0097593,DECLINED,INSAGFFICIENT_NET_DISPOSABLE_INCOME,3.8267462858951e-07,4.701210519579216e-06,0.008046414676757957,0.0,0.0,0.0,0.0,0.0,0.0,24%
CUST0097615,DECLINED,INSAGFFICIENT_NET_DISPOSABLE_INCOME,3.8267462858951e-07,4.701210519579216e-06,0.008046414676757957,0.0,0.0,0.0,0.0,0.0,0.0,24%
CUST0097653,DECLINED,INSAGFFICIENT_NET_DISPOSABLE_INCOME,3.8267462858951e-07,4.701210519579216e-06,0.008046414676757957,0.0,0.0,0.0,0.0,0.0,0.0,24%
CUST0097673,DECLINED,INSAGFFICIENT_NET_DISPOSABLE_INCOME,3.8267462858951e-07,4.701210519579216e-06,0.008046414676757957,0.0,0.0,0.0,0.0,0.0,0.0,24%
CUST0097749,DECLINED,INSAGFFICIENT_NET_DISPOSABLE_INCOME,3.8267462858951e-07,4.701210519579216e-06,0.008046414676757957,0.0,0.0,0.0,0.0,0.0,0.0,24%
CUST0097819,DECLINED,INSAGFFICIENT_NET_DISPOSABLE_INCOME,3.8267462858951e-07,4.701210519579216e-06,0.008046414676757957,0.0,0.0,0.0,0.0,0.0,0.0,24%
CUST0097907,DECLINED,INSAGFFICIENT_NET_DISPOSABLE_INCOME,3.8267462858951e-07,4.701210519579216e-06,0.008046414676757957,0.0,0.0,0.0,0.0,0.0,0.0,24%
CUST0097955,DECLINED,INSAGFFICIENT_NET_DISPOSABLE_INCOME,3.8267462858951e-07,4.701210519579216e-06,0.008046414676757957,0.0,0.0,0.0,0.0,0.0,0.0,24%
CUST0098017,DECLINED,INSAGFFICIENT_NET_DISPOSABLE_INCOME,3.8267462858951e-07,4.701210519579216e-06,0.008046414676757957,0.0,0.0,0.0,0.0,0.0,0.0,24%
CUST0098086,DECLINED,INSAGFFICIENT_NET_DISPOSABLE_INCOME,3.8267462858951e-07,4.701210519579216e-06,0.008046414676757957,0.0,0.0,0.0,0.0,0.0,0.0,24%
CUST0098180,DECLINED,INSAGFFICIENT_NET_DISPOSABLE_INCOME,3.8267462858951e-07,4.701210519579216e-06,0.008046414676757957,0.0,0.0,0.0,0.0,0.0,0.0,24%
CUST0098218,DECLINED,INSAGFFICIENT_NET_DISPOSABLE_INCOME,3.8267462858951e-07,4.701210519579216e-06,0.008046414676757957,0.0,0.0,0.0,0.0,0.0,0.0,24%
CUST0098250,DECLINED,INSAGFFICIENT_NET_DISPOSABLE_INCOME,3.8267462858951e-07,4.701210519579216e-06,0.008046414676757957,0.0,0.0,0.0,0.0,0.0,0.0,24%
CUST0098305,DECLINED,INSAGFFICIENT_NET_DISPOSABLE_INCOME,6497.862515633288,9903.363498028652,15818.25291075471,0.0,0.0,0.0,0.0,0.0,0.0,24%
CUST0098332,DECLINED,INSAGFFICIENT_NET_DISPOSABLE_INCOME,3.8267462858951e-07,4.701210519579216e-06,0.008046414676757957,0.0,0.0,0.0,0.0,0.0,0.0,24%
CUST0098377,DECLINED,INSAGFFICIENT_NET_DISPOSABLE_INCOME,3.8267462858951e-07,4.701210519579216e-06,0.008046414676757957,0.0,0.0,0.0,0.0,0.0,0.0,24%
CUST0098452,DECLINED,INSAGFFICIENT_NET_DISPOSABLE_INCOME,3.8267462858951e-07,4.701210519579216e-06,0.008046414676757957,0.0,0.0,0.0,0.0,0.0,0.0,24%
CUST0098502,DECLINED,INSAGFFICIENT_NET_DISPOSABLE_INCOME,3.8267462858951e-07,4.701210519579216e-06,0.008046414676757957,0.0,0.0,0.0,0.0,0.0,0.0,24%
CUST0098545,DECLINED,INSAGFFICIENT_NET_DISPOSABLE_INCOME,3.8267462858951e-07,4.701210519579216e-06,0.008046414676757957,0.0,0.0,0.0,0.0,0.0,0.0,24%
CUST0098567,DECLINED,INSAGFFICIENT_NET_DISPOSABLE_INCOME,3.8267462858951e-07,4.701210519579216e-06,0.008046414676757957,0.0,0.0,0.0,0.0,0.0,0.0,24%
CUST0098725,DECLINED,INSAGFFICIENT_NET_DISPOSABLE_INCOME,3.8267462858951e-07,4.701210519579216e-06,0.008046414676757957,0.0,0.0,0.0,0.0,0.0,0.0,24%
CUST0098728,DECLINED,INSAGFFICIENT_NET_DISPOSABLE_INCOME,3.8267462858951e-07,4.701210519579216e-06,0.008046414676757957,0.0,0.0,0.0,0.0,0.0,0.0,24%
CUST0098746,DECLINED,INSAGFFICIENT_NET_DISPOSABLE_INCOME,3.8267462858951e-07,4.701210519579216e-06,0.008046414676757957,0.0,0.0,0.0,0.0,0.0,0.0,24%
CUST0098768,DECLINED,INSAGFFICIENT_NET_DISPOSABLE_INCOME,3.8267462858951e-07,4.701210519579216e-06,0.008046414676757957,0.0,0.0,0.0,0.0,0.0,0.0,24%
CUST0098805,DECLINED,INSAGFFICIENT_NET_DISPOSABLE_INCOME,3.8267462858951e-07,4.701210519579216e-06,0.008046414676757957,0.0,0.0,0.0,0.0,0.0,0.0,24%
CUST0098846,DECLINED,INSAGFFICIENT_NET_DISPOSABLE_INCOME,3.8267462858951e-07,4.701210519579216e-06,0.008046414676757957,0.0,0.0,0.0,0.0,0.0,0.0,24%
CUST0098868,DECLINED,INSAGFFICIENT_NET_DISPOSABLE_INCOME,3.8267462858951e-07,4.701210519579216e-06,0.008046414676757957,0.0,0.0,0.0,0.0,0.0,0.0,24%
CUST0098885,DECLINED,INSAGFFICIENT_NET_DISPOSABLE_INCOME,3.8267462858951e-07,4.701210519579216e-06,0.008046414676757957,0.0,0.0,0.0,0.0,0.0,0.0,24%
CUST0098951,DECLINED,INSAGFFICIENT_NET_DISPOSABLE_INCOME,6316.6318805895,7213.862376841518,14078.227322983495,0.0,0.0,0.0,0.0,0.0,0.0,24%
CUST0098969,DECLINED,INSAGFFICIENT_NET_DISPOSABLE_INCOME,3.8267462858951e-07,4.701210519579216e-06,0.008046414676757957,0.0,0.0,0.0,0.0,0.0,0.0,24%
CUST0098992,DECLINED,INSAGFFICIENT_NET_DISPOSABLE_INCOME,3.8267462858951e-07,4.701210519579216e-06,0.008046414676757957,0.0,0.0,0.0,0.0,0.0,0.0,24%
CUST0099209,DECLINED,INSAGFFICIENT_NET_DISPOSABLE_INCOME,3.8267462858951e-07,4.701210519579216e-06,0.008046414676757957,0.0,0.0,0.0,0.0,0.0,0.0,24%
CUST0099283,DECLINED,INSAGFFICIENT_NET_DISPOSABLE_INCOME,3.8267462858951e-07,4.701210519579216e-06,0.008046414676757957,0.0,0.0,0.0,0.0,0.0,0.0,24%
CUST0099308,DECLINED,INSAGFFICIENT_NET_DISPOSABLE_INCOME,3.8267462858951e-07,4.701210519579216e-06,0.008046414676757957,0.0,0.0,0.0,0.0,0.0,0.0,24%
CUST0099320,DECLINED,INSAGFFICIENT_NET_DISPOSABLE_INCOME,3.8267462858951e-07,4.701210519579216e-06,0.008046414676757957,0.0,0.0,0.0,0.0,0.0,0.0,24%
CUST0099410,DECLINED,INSAGFFICIENT_NET_DISPOSABLE_INCOME,3.8267462858951e-07,4.701210519579216e-06,0.008046414676757957,0.0,0.0,0.0,0.0,0.0,0.0,24%
CUST0099464,DECLINED,INSAGFFICIENT_NET_DISPOSABLE_INCOME,3.8267462858951e-07,4.701210519579216e-06,0.008046414676757957,0.0,0.0,0.0,0.0,0.0,0.0,24%
CUST0099474,DECLINED,INSAGFFICIENT_NET_DISPOSABLE_INCOME,3.8267462858951e-07,4.701210519579216e-06,0.008046414676757957,0.0,0.0,0.0,0.0,0.0,0.0,24%
CUST0099536,DECLINED,INSAGFFICIENT_NET_DISPOSABLE_INCOME,3.8267462858951e-07,4.701210519579216e-06,0.008046414676757957,0.0,0.0,0.0,0.0,0.0,0.0,24%
CUST0099543,DECLINED,INSAGFFICIENT_NET_DISPOSABLE_INCOME,3.8267462858951e-07,4.701210519579216e-06,0.008046414676757957,0.0,0.0,0.0,0.0,0.0,0.0,24%
CUST0099553,DECLINED,INSAGFFICIENT_NET_DISPOSABLE_INCOME,3.8267462858951e-07,4.701210519579216e-06,0.008046414676757957,0.0,0.0,0.0,0.0,0.0,0.0,24%
CUST0099643,DECLINED,INSAGFFICIENT_NET_DISPOSABLE_INCOME,3.8267462858951e-07,4.701210519579216e-06,0.008046414676757957,0.0,0.0,0.0,0.0,0.0,0.0,24%
CUST0099645,DECLINED,INSAGFFICIENT_NET_DISPOSABLE_INCOME,3.8267462858951e-07,4.701210519579216e-06,0.008046414676757957,0.0,0.0,0.0,0.0,0.0,0.0,24%
CUST0099649,DECLINED,INSAGFFICIENT_NET_DISPOSABLE_INCOME,5491.473879229346,5817.062212706788,18387.03915206679,0.0,0.0,0.0,0.0,0.0,0.0,24%
CUST0099671,DECLINED,INSAGFFICIENT_NET_DISPOSABLE_INCOME,3.8267462858951e-07,4.701210519579216e-06,0.008046414676757957,0.0,0.0,0.0,0.0,0.0,0.0,24%
CUST0099733,DECLINED,INSAGFFICIENT_NET_DISPOSABLE_INCOME,3.8267462858951e-07,4.701210519579216e-06,0.008046414676757957,0.0,0.0,0.0,0.0,0.0,0.0,24%
CUST0099852,DECLINED,INSAGFFICIENT_NET_DISPOSABLE_INCOME,6516.981430402084,10934.514010294748,15818.25291075471,0.0,0.0,0.0,0.0,0.0,0.0,24%
CUST0099854,DECLINED,INSAGFFICIENT_NET_DISPOSABLE_INCOME,3.8267462858951e-07,4.701210519579216e-06,0.008046414676757957,0.0,0.0,0.0,0.0,0.0,0.0,24%
CUST0099988,DECLINED,INSAGFFICIENT_NET_DISPOSABLE_INCOME,3.8267462858951e-07,4.701210519579216e-06,0.008046414676757957,0.0,0.0,0.0,0.0,0.0,0.0,24%
CUST0100000,DECLINED,INSAGFFICIENT_NET_DISPOSABLE_INCOME,5346.118949121133,7469.941946013529,15194.98978696921,0.0,0.0,0.0,0.0,0.0,0.0,24%
CUST0100018,DECLINED,INSAGFFICIENT_NET_DISPOSABLE_INCOME,3.8267462858951e-07,4.701210519579216e-06,0.008046414676757957,0.0,0.0,0.0,0.0,0.0,0.0,24%
CUST0100025,DECLINED,INSAGFFICIENT_NET_DISPOSABLE_INCOME,3.8267462858951e-07,4.701210519579216e-06,0.008046414676757957,0.0,0.0,0.0,0.0,0.0,0.0,24%
CUST0100032,DECLINED,INSAGFFICIENT_NET_DISPOSABLE_INCOME,3.8267462858951e-07,4.701210519579216e-06,0.008046414676757957,0.0,0.0,0.0,0.0,0.0,0.0,24%
CUST0100039,DECLINED,INSAGFFICIENT_NET_DISPOSABLE_INCOME,3.8267462858951e-07,4.701210519579216e-06,0.008046414676757957,0.0,0.0,0.0,0.0,0.0,0.0,24%
CUST0100043,DECLINED,INSAGFFICIENT_NET_DISPOSABLE_INCOME,3.8267462858951e-07,4.701210519579216e-06,0.008046414676757957,0.0,0.0,0.0,0.0,0.0,0.0,24%
CUST0100167,DECLINED,INSAGFFICIENT_NET_DISPOSABLE_INCOME,3.8267462858951e-07,4.701210519579216e-06,0.008046414676757957,0.0,0.0,0.0,0.0,0.0,0.0,24%
CUST0100212,DECLINED,INSAGFFICIENT_NET_DISPOSABLE_INCOME,3.8267462858951e-07,4.701210519579216e-06,0.008046414676757957,0.0,0.0,0.0,0.0,0.0,0.0,24%
CUST0100249,DECLINED,INSAGFFICIENT_NET_DISPOSABLE_INCOME,3902.8171110397566,20106.97126991227,36163.55800138149,0.0,0.0,0.0,0.0,0.0,0.0,24%
CUST0100253,DECLINED,INSAGFFICIENT_NET_DISPOSABLE_INCOME,3.8267462858951e-07,4.701210519579216e-06,0.008046414676757957,0.0,0.0,0.0,0.0,0.0,0.0,24%
CUST0100337,DECLINED,INSAGFFICIENT_NET_DISPOSABLE_INCOME,3.8267462858951e-07,4.701210519579216e-06,0.008046414676757957,0.0,0.0,0.0,0.0,0.0,0.0,24%
CUST0100408,DECLINED,INSAGFFICIENT_NET_DISPOSABLE_INCOME,3.8267462858951e-07,4.701210519579216e-06,0.008046414676757957,0.0,0.0,0.0,0.0,0.0,0.0,24%
CUST0100417,DECLINED,INSAGFFICIENT_NET_DISPOSABLE_INCOME,3.8267462858951e-07,4.701210519579216e-06,0.008046414676757957,0.0,0.0,0.0,0.0,0.0,0.0,24%
CUST0100422,DECLINED,INSAGFFICIENT_NET_DISPOSABLE_INCOME,3.8267462858951e-07,4.701210519579216e-06,0.008046414676757957,0.0,0.0,0.0,0.0,0.0,0.0,24%
CUST0100467,DECLINED,INSAGFFICIENT_NET_DISPOSABLE_INCOME,3.8267462858951e-07,4.701210519579216e-06,0.008046414676757957,0.0,0.0,0.0,0.0,0.0,0.0,24%
CUST0100546,DECLINED,INSAGFFICIENT_NET_DISPOSABLE_INCOME,3.8267462858951e-07,4.701210519579216e-06,0.008046414676757957,0.0,0.0,0.0,0.0,0.0,0.0,24%
CUST0100547,DECLINED,INSAGFFICIENT_NET_DISPOSABLE_INCOME,5811.3709706631325,6171.67865945063,13331.196782682884,0.0,0.0,0.0,0.0,0.0,0.0,24%
CUST0100634,DECLINED,INSAGFFICIENT_NET_DISPOSABLE_INCOME,3.8267462858951e-07,4.701210519579216e-06,0.008046414676757957,0.0,0.0,0.0,0.0,0.0,0.0,24%
CUST0100638,DECLINED,INSAGFFICIENT_NET_DISPOSABLE_INCOME,3.8267462858951e-07,4.701210519579216e-06,0.008046414676757957,0.0,0.0,0.0,0.0,0.0,0.0,24%
CUST0100661,DECLINED,INSAGFFICIENT_NET_DISPOSABLE_INCOME,3.8267462858951e-07,4.701210519579216e-06,0.008046414676757957,0.0,0.0,0.0,0.0,0.0,0.0,24%
CUST0100705,DECLINED,INSAGFFICIENT_NET_DISPOSABLE_INCOME,3.8267462858951e-07,4.701210519579216e-06,0.008046414676757957,0.0,0.0,0.0,0.0,0.0,0.0,24%
CUST0100729,DECLINED,INSAGFFICIENT_NET_DISPOSABLE_INCOME,5918.467964986894,6678.354631241384,13331.196782682884,0.0,0.0,0.0,0.0,0.0,0.0,24%
CUST0100801,DECLINED,INSAGFFICIENT_NET_DISPOSABLE_INCOME,3.8267462858951e-07,4.701210519579216e-06,0.008046414676757957,0.0,0.0,0.0,0.0,0.0,0.0,24%
CUST0100861,DECLINED,INSAGFFICIENT_NET_DISPOSABLE_INCOME,3.8267462858951e-07,4.701210519579216e-06,0.008046414676757957,0.0,0.0,0.0,0.0,0.0,0.0,24%
CUST0100979,DECLINED,INSAGFFICIENT_NET_DISPOSABLE_INCOME,3.8267462858951e-07,4.701210519579216e-06,0.008046414676757957,0.0,0.0,0.0,0.0,0.0,0.0,24%
CUST0101169,DECLINED,INSAGFFICIENT_NET_DISPOSABLE_INCOME,3.8267462858951e-07,4.701210519579216e-06,0.008046414676757957,0.0,0.0,0.0,0.0,0.0,0.0,24%
CUST0101232,DECLINED,INSAGFFICIENT_NET_DISPOSABLE_INCOME,5592.759901567907,5919.753123545206,12705.243836963438,0.0,0.0,0.0,0.0,0.0,0.0,24%
CUST0101244,DECLINED,INSAGFFICIENT_NET_DISPOSABLE_INCOME,3.8267462858951e-07,4.701210519579216e-06,0.008046414676757957,0.0,0.0,0.0,0.0,0.0,0.0,24%
CUST0101280,DECLINED,INSAGFFICIENT_NET_DISPOSABLE_INCOME,3.8267462858951e-07,4.701210519579216e-06,0.008046414676757957,0.0,0.0,0.0,0.0,0.0,0.0,24%
CUST0101394,DECLINED,INSAGFFICIENT_NET_DISPOSABLE_INCOME,3.8267462858951e-07,4.701210519579216e-06,0.008046414676757957,0.0,0.0,0.0,0.0,0.0,0.0,24%
CUST0101493,DECLINED,INSAGFFICIENT_NET_DISPOSABLE_INCOME,3.8267462858951e-07,4.701210519579216e-06,0.008046414676757957,0.0,0.0,0.0,0.0,0.0,0.0,24%
CUST0101495,DECLINED,INSAGFFICIENT_NET_DISPOSABLE_INCOME,3.8267462858951e-07,4.701210519579216e-06,0.008046414676757957,0.0,0.0,0.0,0.0,0.0,0.0,24%
CUST0101500,DECLINED,INSAGFFICIENT_NET_DISPOSABLE_INCOME,3.8267462858951e-07,4.701210519579216e-06,0.008046414676757957,0.0,0.0,0.0,0.0,0.0,0.0,24%
CUST0101603,DECLINED,INSAGFFICIENT_NET_DISPOSABLE_INCOME,3.8267462858951e-07,4.701210519579216e-06,0.008046414676757957,0.0,0.0,0.0,0.0,0.0,0.0,24%
CUST0101609,DECLINED,INSAGFFICIENT_NET_DISPOSABLE_INCOME,6591.031682070921,7233.878798619504,18591.531910786613,0.0,0.0,0.0,0.0,0.0,0.0,24%
CUST0101620,DECLINED,INSAGFFICIENT_NET_DISPOSABLE_INCOME,3.8267462858951e-07,4.701210519579216e-06,0.008046414676757957,0.0,0.0,0.0,0.0,0.0,0.0,24%
CUST0101672,DECLINED,INSAGFFICIENT_NET_DISPOSABLE_INCOME,3.8267462858951e-07,4.701210519579216e-06,0.008046414676757957,0.0,0.0,0.0,0.0,0.0,0.0,24%
CUST0101724,DECLINED,INSAGFFICIENT_NET_DISPOSABLE_INCOME,3.8267462858951e-07,4.701210519579216e-06,0.008046414676757957,0.0,0.0,0.0,0.0,0.0,0.0,24%
CUST0101732,DECLINED,INSAGFFICIENT_NET_DISPOSABLE_INCOME,3.8267462858951e-07,4.701210519579216e-06,0.008046414676757957,0.0,0.0,0.0,0.0,0.0,0.0,24%
CUST0101777,DECLINED,INSAGFFICIENT_NET_DISPOSABLE_INCOME,6153.100261959395,6621.730181275957,16019.982160140024,0.0,0.0,0.0,0.0,0.0,0.0,24%
CUST0101813,DECLINED,INSAGFFICIENT_NET_DISPOSABLE_INCOME,3.8267462858951e-07,4.701210519579216e-06,0.008046414676757957,0.0,0.0,0.0,0.0,0.0,0.0,24%
CUST0102062,DECLINED,INSAGFFICIENT_NET_DISPOSABLE_INCOME,3.8267462858951e-07,4.701210519579216e-06,0.008046414676757957,0.0,0.0,0.0,0.0,0.0,0.0,24%
CUST0102157,DECLINED,INSAGFFICIENT_NET_DISPOSABLE_INCOME,3.8267462858951e-07,4.701210519579216e-06,0.008046414676757957,0.0,0.0,0.0,0.0,0.0,0.0,24%
CUST0102181,DECLINED,INSAGFFICIENT_NET_DISPOSABLE_INCOME,3.8267462858951e-07,4.701210519579216e-06,0.008046414676757957,0.0,0.0,0.0,0.0,0.0,0.0,24%
CUST0102187,DECLINED,INSAGFFICIENT_NET_DISPOSABLE_INCOME,3.8267462858951e-07,4.701210519579216e-06,0.008046414676757957,0.0,0.0,0.0,0.0,0.0,0.0,24%
CUST0102189,DECLINED,INSAGFFICIENT_NET_DISPOSABLE_INCOME,3.8267462858951e-07,4.701210519579216e-06,0.008046414676757957,0.0,0.0,0.0,0.0,0.0,0.0,24%
CUST0102256,DECLINED,INSAGFFICIENT_NET_DISPOSABLE_INCOME,3.8267462858951e-07,4.701210519579216e-06,0.008046414676757957,0.0,0.0,0.0,0.0,0.0,0.0,24%
CUST0102267,DECLINED,INSAGFFICIENT_NET_DISPOSABLE_INCOME,3.8267462858951e-07,4.701210519579216e-06,0.008046414676757957,0.0,0.0,0.0,0.0,0.0,0.0,24%
CUST0102291,DECLINED,INSAGFFICIENT_NET_DISPOSABLE_INCOME,3.8267462858951e-07,4.701210519579216e-06,0.008046414676757957,0.0,0.0,0.0,0.0,0.0,0.0,24%
CUST0102329,DECLINED,INSAGFFICIENT_NET_DISPOSABLE_INCOME,3.8267462858951e-07,4.701210519579216e-06,0.008046414676757957,0.0,0.0,0.0,0.0,0.0,0.0,24%
CUST0102340,DECLINED,INSAGFFICIENT_NET_DISPOSABLE_INCOME,3.8267462858951e-07,4.701210519579216e-06,0.008046414676757957,0.0,0.0,0.0,0.0,0.0,0.0,24%
CUST0102480,DECLINED,INSAGFFICIENT_NET_DISPOSABLE_INCOME,3.8267462858951e-07,4.701210519579216e-06,0.008046414676757957,0.0,0.0,0.0,0.0,0.0,0.0,24%
CUST0102560,DECLINED,INSAGFFICIENT_NET_DISPOSABLE_INCOME,3.8267462858951e-07,4.701210519579216e-06,0.008046414676757957,0.0,0.0,0.0,0.0,0.0,0.0,24%
CUST0102568,DECLINED,INSAGFFICIENT_NET_DISPOSABLE_INCOME,3.8267462858951e-07,4.701210519579216e-06,0.008046414676757957,0.0,0.0,0.0,0.0,0.0,0.0,24%
CUST0102686,DECLINED,INSAGFFICIENT_NET_DISPOSABLE_INCOME,3.8267462858951e-07,4.701210519579216e-06,0.008046414676757957,0.0,0.0,0.0,0.0,0.0,0.0,24%
CUST0102744,DECLINED,INSAGFFICIENT_NET_DISPOSABLE_INCOME,3.8267462858951e-07,4.701210519579216e-06,0.008046414676757957,0.0,0.0,0.0,0.0,0.0,0.0,24%
CUST0102812,DECLINED,INSAGFFICIENT_NET_DISPOSABLE_INCOME,3.8267462858951e-07,4.701210519579216e-06,0.008046414676757957,0.0,0.0,0.0,0.0,0.0,0.0,24%
CUST0103008,DECLINED,INSAGFFICIENT_NET_DISPOSABLE_INCOME,3.8267462858951e-07,4.701210519579216e-06,0.008046414676757957,0.0,0.0,0.0,0.0,0.0,0.0,24%
CUST0103036,DECLINED,INSAGFFICIENT_NET_DISPOSABLE_INCOME,3.8267462858951e-07,4.701210519579216e-06,0.008046414676757957,0.0,0.0,0.0,0.0,0.0,0.0,24%
CUST0103065,DECLINED,INSAGFFICIENT_NET_DISPOSABLE_INCOME,3.8267462858951e-07,4.701210519579216e-06,0.008046414676757957,0.0,0.0,0.0,0.0,0.0,0.0,24%
CUST0103167,DECLINED,INSAGFFICIENT_NET_DISPOSABLE_INCOME,3902.8171110397566,20106.97126991227,36163.55800138149,0.0,0.0,0.0,0.0,0.0,0.0,24%
CUST0103194,DECLINED,INSAGFFICIENT_NET_DISPOSABLE_INCOME,5110.6150173214555,5470.305808146023,18360.47755816085,0.0,0.0,0.0,0.0,0.0,0.0,24%
CUST0103259,DECLINED,INSAGFFICIENT_NET_DISPOSABLE_INCOME,3.8267462858951e-07,4.701210519579216e-06,0.008046414676757957,0.0,0.0,0.0,0.0,0.0,0.0,24%
CUST0103453,DECLINED,INSAGFFICIENT_NET_DISPOSABLE_INCOME,3.8267462858951e-07,4.701210519579216e-06,0.008046414676757957,0.0,0.0,0.0,0.0,0.0,0.0,24%
CUST0103470,DECLINED,INSAGFFICIENT_NET_DISPOSABLE_INCOME,3.8267462858951e-07,4.701210519579216e-06,0.008046414676757957,0.0,0.0,0.0,0.0,0.0,0.0,24%
CUST0103527,DECLINED,INSAGFFICIENT_NET_DISPOSABLE_INCOME,3.8267462858951e-07,4.701210519579216e-06,0.008046414676757957,0.0,0.0,0.0,0.0,0.0,0.0,24%
CUST0103589,DECLINED,INSAGFFICIENT_NET_DISPOSABLE_INCOME,3.8267462858951e-07,4.701210519579216e-06,0.008046414676757957,0.0,0.0,0.0,0.0,0.0,0.0,24%
CUST0103704,DECLINED,INSAGFFICIENT_NET_DISPOSABLE_INCOME,3.8267462858951e-07,4.701210519579216e-06,0.008046414676757957,0.0,0.0,0.0,0.0,0.0,0.0,24%
CUST0103736,DECLINED,INSAGFFICIENT_NET_DISPOSABLE_INCOME,3.8267462858951e-07,4.701210519579216e-06,0.008046414676757957,0.0,0.0,0.0,0.0,0.0,0.0,24%
CUST0103763,DECLINED,INSAGFFICIENT_NET_DISPOSABLE_INCOME,3.8267462858951e-07,4.701210519579216e-06,0.008046414676757957,0.0,0.0,0.0,0.0,0.0,0.0,24%
CUST0103801,DECLINED,INSAGFFICIENT_NET_DISPOSABLE_INCOME,3.8267462858951e-07,4.701210519579216e-06,0.008046414676757957,0.0,0.0,0.0,0.0,0.0,0.0,24%
CUST0103839,DECLINED,INSAGFFICIENT_NET_DISPOSABLE_INCOME,3.8267462858951e-07,4.701210519579216e-06,0.008046414676757957,0.0,0.0,0.0,0.0,0.0,0.0,24%
CUST0103972,DECLINED,INSAGFFICIENT_NET_DISPOSABLE_INCOME,3.8267462858951e-07,4.701210519579216e-06,0.008046414676757957,0.0,0.0,0.0,0.0,0.0,0.0,24%
CUST0103973,DECLINED,INSAGFFICIENT_NET_DISPOSABLE_INCOME,3.8267462858951e-07,4.701210519579216e-06,0.008046414676757957,0.0,0.0,0.0,0.0,0.0,0.0,24%
CUST0103986,DECLINED,INSAGFFICIENT_NET_DISPOSABLE_INCOME,3.8267462858951e-07,4.701210519579216e-06,0.008046414676757957,0.0,0.0,0.0,0.0,0.0,0.0,24%
CUST0103999,DECLINED,INSAGFFICIENT_NET_DISPOSABLE_INCOME,3.8267462858951e-07,4.701210519579216e-06,0.008046414676757957,0.0,0.0,0.0,0.0,0.0,0.0,24%
CUST0104101,DECLINED,INSAGFFICIENT_NET_DISPOSABLE_INCOME,3.8267462858951e-07,4.701210519579216e-06,0.008046414676757957,0.0,0.0,0.0,0.0,0.0,0.0,24%
CUST0104126,DECLINED,INSAGFFICIENT_NET_DISPOSABLE_INCOME,3.8267462858951e-07,4.701210519579216e-06,0.008046414676757957,0.0,0.0,0.0,0.0,0.0,0.0,24%
CUST0104130,DECLINED,INSAGFFICIENT_NET_DISPOSABLE_INCOME,3.8267462858951e-07,4.701210519579216e-06,0.008046414676757957,0.0,0.0,0.0,0.0,0.0,0.0,24%
CUST0104136,DECLINED,INSAGFFICIENT_NET_DISPOSABLE_INCOME,3.8267462858951e-07,4.701210519579216e-06,0.008046414676757957,0.0,0.0,0.0,0.0,0.0,0.0,24%
CUST0104246,DECLINED,INSAGFFICIENT_NET_DISPOSABLE_INCOME,3.8267462858951e-07,4.701210519579216e-06,0.008046414676757957,0.0,0.0,0.0,0.0,0.0,0.0,24%
CUST0104310,DECLINED,INSAGFFICIENT_NET_DISPOSABLE_INCOME,3.8267462858951e-07,4.701210519579216e-06,0.008046414676757957,0.0,0.0,0.0,0.0,0.0,0.0,24%
CUST0104349,DECLINED,INSAGFFICIENT_NET_DISPOSABLE_INCOME,5903.039732155981,6255.275800468676,21791.631106853554,0.0,0.0,0.0,0.0,0.0,0.0,24%
CUST0104355,DECLINED,INSAGFFICIENT_NET_DISPOSABLE_INCOME,3.8267462858951e-07,4.701210519579216e-06,0.008046414676757957,0.0,0.0,0.0,0.0,0.0,0.0,24%
CUST0104362,DECLINED,INSAGFFICIENT_NET_DISPOSABLE_INCOME,3.8267462858951e-07,4.701210519579216e-06,0.008046414676757957,0.0,0.0,0.0,0.0,0.0,0.0,24%
CUST0104556,DECLINED,INSAGFFICIENT_NET_DISPOSABLE_INCOME,3.8267462858951e-07,4.701210519579216e-06,0.008046414676757957,0.0,0.0,0.0,0.0,0.0,0.0,24%
CUST0104566,DECLINED,INSAGFFICIENT_NET_DISPOSABLE_INCOME,3.8267462858951e-07,4.701210519579216e-06,0.008046414676757957,0.0,0.0,0.0,0.0,0.0,0.0,24%
CUST0104596,DECLINED,INSAGFFICIENT_NET_DISPOSABLE_INCOME,3.8267462858951e-07,4.701210519579216e-06,0.008046414676757957,0.0,0.0,0.0,0.0,0.0,0.0,24%
CUST0104663,DECLINED,INSAGFFICIENT_NET_DISPOSABLE_INCOME,5918.467964986894,6321.5599651054,12650.532767652809,0.0,0.0,0.0,0.0,0.0,0.0,24%
CUST0104675,DECLINED,INSAGFFICIENT_NET_DISPOSABLE_INCOME,3.8267462858951e-07,4.701210519579216e-06,0.008046414676757957,0.0,0.0,0.0,0.0,0.0,0.0,24%
CUST0104722,DECLINED,INSAGFFICIENT_NET_DISPOSABLE_INCOME,3.8267462858951e-07,4.701210519579216e-06,0.008046414676757957,0.0,0.0,0.0,0.0,0.0,0.0,24%
CUST0104787,DECLINED,INSAGFFICIENT_NET_DISPOSABLE_INCOME,3.8267462858951e-07,4.701210519579216e-06,0.008046414676757957,0.0,0.0,0.0,0.0,0.0,0.0,24%
CUST0104904,DECLINED,INSAGFFICIENT_NET_DISPOSABLE_INCOME,3.8267462858951e-07,4.701210519579216e-06,0.008046414676757957,0.0,0.0,0.0,0.0,0.0,0.0,24%
CUST0104936,DECLINED,INSAGFFICIENT_NET_DISPOSABLE_INCOME,3.8267462858951e-07,4.701210519579216e-06,0.008046414676757957,0.0,0.0,0.0,0.0,0.0,0.0,24%
CUST0104976,DECLINED,INSAGFFICIENT_NET_DISPOSABLE_INCOME,3.8267462858951e-07,4.701210519579216e-06,0.008046414676757957,0.0,0.0,0.0,0.0,0.0,0.0,24%
CUST0104978,DECLINED,INSAGFFICIENT_NET_DISPOSABLE_INCOME,3.8267462858951e-07,4.701210519579216e-06,0.008046414676757957,0.0,0.0,0.0,0.0,0.0,0.0,24%
CUST0105048,DECLINED,INSAGFFICIENT_NET_DISPOSABLE_INCOME,3902.8171110397566,20106.97126991227,36163.55800138149,0.0,0.0,0.0,0.0,0.0,0.0,24%
CUST0105067,DECLINED,INSAGFFICIENT_NET_DISPOSABLE_INCOME,3.8267462858951e-07,4.701210519579216e-06,0.008046414676757957,0.0,0.0,0.0,0.0,0.0,0.0,24%
CUST0105070,DECLINED,INSAGFFICIENT_NET_DISPOSABLE_INCOME,3.8267462858951e-07,4.701210519579216e-06,0.008046414676757957,0.0,0.0,0.0,0.0,0.0,0.0,24%
CUST0105077,DECLINED,INSAGFFICIENT_NET_DISPOSABLE_INCOME,3.8267462858951e-07,4.701210519579216e-06,0.008046414676757957,0.0,0.0,0.0,0.0,0.0,0.0,24%
CUST0105087,DECLINED,INSAGFFICIENT_NET_DISPOSABLE_INCOME,3.8267462858951e-07,4.701210519579216e-06,0.008046414676757957,0.0,0.0,0.0,0.0,0.0,0.0,24%
CUST0105158,DECLINED,INSAGFFICIENT_NET_DISPOSABLE_INCOME,3.8267462858951e-07,4.701210519579216e-06,0.008046414676757957,0.0,0.0,0.0,0.0,0.0,0.0,24%
CUST0105245,DECLINED,INSAGFFICIENT_NET_DISPOSABLE_INCOME,3.8267462858951e-07,4.701210519579216e-06,0.008046414676757957,0.0,0.0,0.0,0.0,0.0,0.0,24%
CUST0105256,DECLINED,INSAGFFICIENT_NET_DISPOSABLE_INCOME,3.8267462858951e-07,4.701210519579216e-06,0.008046414676757957,0.0,0.0,0.0,0.0,0.0,0.0,24%
CUST0105288,DECLINED,INSAGFFICIENT_NET_DISPOSABLE_INCOME,3.8267462858951e-07,4.701210519579216e-06,0.008046414676757957,0.0,0.0,0.0,0.0,0.0,0.0,24%
CUST0105311,DECLINED,INSAGFFICIENT_NET_DISPOSABLE_INCOME,3.8267462858951e-07,4.701210519579216e-06,0.008046414676757957,0.0,0.0,0.0,0.0,0.0,0.0,24%
CUST0105351,DECLINED,INSAGFFICIENT_NET_DISPOSABLE_INCOME,3.8267462858951e-07,4.701210519579216e-06,0.008046414676757957,0.0,0.0,0.0,0.0,0.0,0.0,24%
CUST0105376,DECLINED,INSAGFFICIENT_NET_DISPOSABLE_INCOME,3.8267462858951e-07,4.701210519579216e-06,0.008046414676757957,0.0,0.0,0.0,0.0,0.0,0.0,24%
CUST0105495,DECLINED,INSAGFFICIENT_NET_DISPOSABLE_INCOME,3.8267462858951e-07,4.701210519579216e-06,0.008046414676757957,0.0,0.0,0.0,0.0,0.0,0.0,24%
CUST0105596,DECLINED,INSAGFFICIENT_NET_DISPOSABLE_INCOME,3.8267462858951e-07,4.701210519579216e-06,0.008046414676757957,0.0,0.0,0.0,0.0,0.0,0.0,24%
CUST0105613,DECLINED,INSAGFFICIENT_NET_DISPOSABLE_INCOME,3.8267462858951e-07,4.701210519579216e-06,0.008046414676757957,0.0,0.0,0.0,0.0,0.0,0.0,24%
CUST0105641,DECLINED,INSAGFFICIENT_NET_DISPOSABLE_INCOME,3.8267462858951e-07,4.701210519579216e-06,0.008046414676757957,0.0,0.0,0.0,0.0,0.0,0.0,24%
CUST0105665,DECLINED,INSAGFFICIENT_NET_DISPOSABLE_INCOME,3.8267462858951e-07,4.701210519579216e-06,0.008046414676757957,0.0,0.0,0.0,0.0,0.0,0.0,24%
CUST0105683,DECLINED,INSAGFFICIENT_NET_DISPOSABLE_INCOME,3.8267462858951e-07,4.701210519579216e-06,0.008046414676757957,0.0,0.0,0.0,0.0,0.0,0.0,24%
CUST0105696,DECLINED,INSAGFFICIENT_NET_DISPOSABLE_INCOME,3.8267462858951e-07,4.701210519579216e-06,0.008046414676757957,0.0,0.0,0.0,0.0,0.0,0.0,24%
CUST0105782,DECLINED,INSAGFFICIENT_NET_DISPOSABLE_INCOME,3.8267462858951e-07,4.701210519579216e-06,0.008046414676757957,0.0,0.0,0.0,0.0,0.0,0.0,24%
CUST0105813,DECLINED,INSAGFFICIENT_NET_DISPOSABLE_INCOME,3.8267462858951e-07,4.701210519579216e-06,0.008046414676757957,0.0,0.0,0.0,0.0,0.0,0.0,24%
CUST0105846,DECLINED,INSAGFFICIENT_NET_DISPOSABLE_INCOME,3.8267462858951e-07,4.701210519579216e-06,0.008046414676757957,0.0,0.0,0.0,0.0,0.0,0.0,24%
CUST0105856,DECLINED,INSAGFFICIENT_NET_DISPOSABLE_INCOME,3.8267462858951e-07,4.701210519579216e-06,0.008046414676757957,0.0,0.0,0.0,0.0,0.0,0.0,24%
CUST0105983,DECLINED,INSAGFFICIENT_NET_DISPOSABLE_INCOME,3.8267462858951e-07,4.701210519579216e-06,0.008046414676757957,0.0,0.0,0.0,0.0,0.0,0.0,24%
CUST0106033,DECLINED,INSAGFFICIENT_NET_DISPOSABLE_INCOME,3.8267462858951e-07,4.701210519579216e-06,0.008046414676757957,0.0,0.0,0.0,0.0,0.0,0.0,24%
CUST0106075,DECLINED,INSAGFFICIENT_NET_DISPOSABLE_INCOME,3.8267462858951e-07,4.701210519579216e-06,0.008046414676757957,0.0,0.0,0.0,0.0,0.0,0.0,24%
CUST0106093,DECLINED,INSAGFFICIENT_NET_DISPOSABLE_INCOME,3.8267462858951e-07,4.701210519579216e-06,0.008046414676757957,0.0,0.0,0.0,0.0,0.0,0.0,24%
CUST0106113,DECLINED,INSAGFFICIENT_NET_DISPOSABLE_INCOME,3.8267462858951e-07,4.701210519579216e-06,0.008046414676757957,0.0,0.0,0.0,0.0,0.0,0.0,24%
CUST0106157,DECLINED,INSAGFFICIENT_NET_DISPOSABLE_INCOME,3.8267462858951e-07,4.701210519579216e-06,0.008046414676757957,0.0,0.0,0.0,0.0,0.0,0.0,24%
CUST0106177,DECLINED,INSAGFFICIENT_NET_DISPOSABLE_INCOME,3.8267462858951e-07,4.701210519579216e-06,0.008046414676757957,0.0,0.0,0.0,0.0,0.0,0.0,24%
CUST0106181,DECLINED,INSAGFFICIENT_NET_DISPOSABLE_INCOME,3.8267462858951e-07,4.701210519579216e-06,0.008046414676757957,0.0,0.0,0.0,0.0,0.0,0.0,24%
CUST0106396,DECLINED,INSAGFFICIENT_NET_DISPOSABLE_INCOME,5208.873656641562,5244.57576482383,12246.245277614902,0.0,0.0,0.0,0.0,0.0,0.0,24%
CUST0106521,DECLINED,INSAGFFICIENT_NET_DISPOSABLE_INCOME,3.8267462858951e-07,4.701210519579216e-06,0.008046414676757957,0.0,0.0,0.0,0.0,0.0,0.0,24%
CUST0106534,DECLINED,INSAGFFICIENT_NET_DISPOSABLE_INCOME,3.8267462858951e-07,4.701210519579216e-06,0.008046414676757957,0.0,0.0,0.0,0.0,0.0,0.0,24%
CUST0106541,DECLINED,INSAGFFICIENT_NET_DISPOSABLE_INCOME,3.8267462858951e-07,4.701210519579216e-06,0.008046414676757957,0.0,0.0,0.0,0.0,0.0,0.0,24%
CUST0106547,DECLINED,INSAGFFICIENT_NET_DISPOSABLE_INCOME,3.8267462858951e-07,4.701210519579216e-06,0.008046414676757957,0.0,0.0,0.0,0.0,0.0,0.0,24%
CUST0106561,DECLINED,INSAGFFICIENT_NET_DISPOSABLE_INCOME,3.8267462858951e-07,4.701210519579216e-06,0.008046414676757957,0.0,0.0,0.0,0.0,0.0,0.0,24%
CUST0106746,DECLINED,INSAGFFICIENT_NET_DISPOSABLE_INCOME,3.8267462858951e-07,4.701210519579216e-06,0.008046414676757957,0.0,0.0,0.0,0.0,0.0,0.0,24%
CUST0106775,DECLINED,INSAGFFICIENT_NET_DISPOSABLE_INCOME,3.8267462858951e-07,4.701210519579216e-06,0.008046414676757957,0.0,0.0,0.0,0.0,0.0,0.0,24%
CUST0106781,DECLINED,INSAGFFICIENT_NET_DISPOSABLE_INCOME,3.8267462858951e-07,4.701210519579216e-06,0.008046414676757957,0.0,0.0,0.0,0.0,0.0,0.0,24%
CUST0106799,DECLINED,INSAGFFICIENT_NET_DISPOSABLE_INCOME,3.8267462858951e-07,4.701210519579216e-06,0.008046414676757957,0.0,0.0,0.0,0.0,0.0,0.0,24%
CUST0106883,DECLINED,INSAGFFICIENT_NET_DISPOSABLE_INCOME,3.8267462858951e-07,4.701210519579216e-06,0.008046414676757957,0.0,0.0,0.0,0.0,0.0,0.0,24%
CUST0106978,DECLINED,INSAGFFICIENT_NET_DISPOSABLE_INCOME,3.8267462858951e-07,4.701210519579216e-06,0.008046414676757957,0.0,0.0,0.0,0.0,0.0,0.0,24%
CUST0106988,DECLINED,INSAGFFICIENT_NET_DISPOSABLE_INCOME,6496.151032956467,9557.925413676432,15818.25291075471,0.0,0.0,0.0,0.0,0.0,0.0,24%
CUST0107038,DECLINED,INSAGFFICIENT_NET_DISPOSABLE_INCOME,3.8267462858951e-07,4.701210519579216e-06,0.008046414676757957,0.0,0.0,0.0,0.0,0.0,0.0,24%
CUST0107048,DECLINED,INSAGFFICIENT_NET_DISPOSABLE_INCOME,3.8267462858951e-07,4.701210519579216e-06,0.008046414676757957,0.0,0.0,0.0,0.0,0.0,0.0,24%
CUST0107154,DECLINED,INSAGFFICIENT_NET_DISPOSABLE_INCOME,3.8267462858951e-07,4.701210519579216e-06,0.008046414676757957,0.0,0.0,0.0,0.0,0.0,0.0,24%
CUST0107197,DECLINED,INSAGFFICIENT_NET_DISPOSABLE_INCOME,3.8267462858951e-07,4.701210519579216e-06,0.008046414676757957,0.0,0.0,0.0,0.0,0.0,0.0,24%
CUST0107472,DECLINED,INSAGFFICIENT_NET_DISPOSABLE_INCOME,3.8267462858951e-07,4.701210519579216e-06,0.008046414676757957,0.0,0.0,0.0,0.0,0.0,0.0,24%
CUST0107525,DECLINED,INSAGFFICIENT_NET_DISPOSABLE_INCOME,3.8267462858951e-07,4.701210519579216e-06,0.008046414676757957,0.0,0.0,0.0,0.0,0.0,0.0,24%
CUST0107690,DECLINED,INSAGFFICIENT_NET_DISPOSABLE_INCOME,3.8267462858951e-07,4.701210519579216e-06,0.008046414676757957,0.0,0.0,0.0,0.0,0.0,0.0,24%
CUST0107740,DECLINED,INSAGFFICIENT_NET_DISPOSABLE_INCOME,3.8267462858951e-07,4.701210519579216e-06,0.008046414676757957,0.0,0.0,0.0,0.0,0.0,0.0,24%
CUST0107744,DECLINED,INSAGFFICIENT_NET_DISPOSABLE_INCOME,3.8267462858951e-07,4.701210519579216e-06,0.008046414676757957,0.0,0.0,0.0,0.0,0.0,0.0,24%
CUST0107796,DECLINED,INSAGFFICIENT_NET_DISPOSABLE_INCOME,3.8267462858951e-07,4.701210519579216e-06,0.008046414676757957,0.0,0.0,0.0,0.0,0.0,0.0,24%
CUST0107842,DECLINED,INSAGFFICIENT_NET_DISPOSABLE_INCOME,3.8267462858951e-07,4.701210519579216e-06,0.008046414676757957,0.0,0.0,0.0,0.0,0.0,0.0,24%
CUST0107844,DECLINED,INSAGFFICIENT_NET_DISPOSABLE_INCOME,3.8267462858951e-07,4.701210519579216e-06,0.008046414676757957,0.0,0.0,0.0,0.0,0.0,0.0,24%
CUST0107855,DECLINED,INSAGFFICIENT_NET_DISPOSABLE_INCOME,3.8267462858951e-07,4.701210519579216e-06,0.008046414676757957,0.0,0.0,0.0,0.0,0.0,0.0,24%
CUST0107868,DECLINED,INSAGFFICIENT_NET_DISPOSABLE_INCOME,3.8267462858951e-07,4.701210519579216e-06,0.008046414676757957,0.0,0.0,0.0,0.0,0.0,0.0,24%
CUST0107921,DECLINED,INSAGFFICIENT_NET_DISPOSABLE_INCOME,3.8267462858951e-07,4.701210519579216e-06,0.008046414676757957,0.0,0.0,0.0,0.0,0.0,0.0,24%
CUST0108145,DECLINED,INSAGFFICIENT_NET_DISPOSABLE_INCOME,3.8267462858951e-07,4.701210519579216e-06,0.008046414676757957,0.0,0.0,0.0,0.0,0.0,0.0,24%
CUST0108173,DECLINED,INSAGFFICIENT_NET_DISPOSABLE_INCOME,3.8267462858951e-07,4.701210519579216e-06,0.008046414676757957,0.0,0.0,0.0,0.0,0.0,0.0,24%
CUST0108176,DECLINED,INSAGFFICIENT_NET_DISPOSABLE_INCOME,3.8267462858951e-07,4.701210519579216e-06,0.008046414676757957,0.0,0.0,0.0,0.0,0.0,0.0,24%
CUST0108183,DECLINED,INSAGFFICIENT_NET_DISPOSABLE_INCOME,3.8267462858951e-07,4.701210519579216e-06,0.008046414676757957,0.0,0.0,0.0,0.0,0.0,0.0,24%
CUST0108235,DECLINED,INSAGFFICIENT_NET_DISPOSABLE_INCOME,3.8267462858951e-07,4.701210519579216e-06,0.008046414676757957,0.0,0.0,0.0,0.0,0.0,0.0,24%
CUST0108297,DECLINED,INSAGFFICIENT_NET_DISPOSABLE_INCOME,3.8267462858951e-07,4.701210519579216e-06,0.008046414676757957,0.0,0.0,0.0,0.0,0.0,0.0,24%
CUST0108330,DECLINED,INSAGFFICIENT_NET_DISPOSABLE_INCOME,3902.8171110397566,20106.97126991227,36163.55800138149,0.0,0.0,0.0,0.0,0.0,0.0,24%
CUST0108421,DECLINED,INSAGFFICIENT_NET_DISPOSABLE_INCOME,3902.8171110397566,20106.97126991227,36163.55800138149,0.0,0.0,0.0,0.0,0.0,0.0,24%
CUST0108519,DECLINED,INSAGFFICIENT_NET_DISPOSABLE_INCOME,3.8267462858951e-07,4.701210519579216e-06,0.008046414676757957,0.0,0.0,0.0,0.0,0.0,0.0,24%
CUST0108557,DECLINED,INSAGFFICIENT_NET_DISPOSABLE_INCOME,3.8267462858951e-07,4.701210519579216e-06,0.008046414676757957,0.0,0.0,0.0,0.0,0.0,0.0,24%
CUST0108612,DECLINED,INSAGFFICIENT_NET_DISPOSABLE_INCOME,3.8267462858951e-07,4.701210519579216e-06,0.008046414676757957,0.0,0.0,0.0,0.0,0.0,0.0,24%
CUST0108623,DECLINED,INSAGFFICIENT_NET_DISPOSABLE_INCOME,3.8267462858951e-07,4.701210519579216e-06,0.008046414676757957,0.0,0.0,0.0,0.0,0.0,0.0,24%
CUST0108738,DECLINED,INSAGFFICIENT_NET_DISPOSABLE_INCOME,3.8267462858951e-07,4.701210519579216e-06,0.008046414676757957,0.0,0.0,0.0,0.0,0.0,0.0,24%
CUST0108748,DECLINED,INSAGFFICIENT_NET_DISPOSABLE_INCOME,3.8267462858951e-07,4.701210519579216e-06,0.008046414676757957,0.0,0.0,0.0,0.0,0.0,0.0,24%
CUST0108766,DECLINED,INSAGFFICIENT_NET_DISPOSABLE_INCOME,3.8267462858951e-07,4.701210519579216e-06,0.008046414676757957,0.0,0.0,0.0,0.0,0.0,0.0,24%
CUST0108787,DECLINED,INSAGFFICIENT_NET_DISPOSABLE_INCOME,3.8267462858951e-07,4.701210519579216e-06,0.008046414676757957,0.0,0.0,0.0,0.0,0.0,0.0,24%
CUST0108817,DECLINED,INSAGFFICIENT_NET_DISPOSABLE_INCOME,5814.495659877174,6164.703614398772,12650.532767652809,0.0,0.0,0.0,0.0,0.0,0.0,24%
CUST0108851,DECLINED,INSAGFFICIENT_NET_DISPOSABLE_INCOME,3.8267462858951e-07,4.701210519579216e-06,0.008046414676757957,0.0,0.0,0.0,0.0,0.0,0.0,24%
CUST0108910,DECLINED,INSAGFFICIENT_NET_DISPOSABLE_INCOME,3.8267462858951e-07,4.701210519579216e-06,0.008046414676757957,0.0,0.0,0.0,0.0,0.0,0.0,24%
CUST0108915,DECLINED,INSAGFFICIENT_NET_DISPOSABLE_INCOME,3.8267462858951e-07,4.701210519579216e-06,0.008046414676757957,0.0,0.0,0.0,0.0,0.0,0.0,24%
CUST0108925,DECLINED,INSAGFFICIENT_NET_DISPOSABLE_INCOME,3.8267462858951e-07,4.701210519579216e-06,0.008046414676757957,0.0,0.0,0.0,0.0,0.0,0.0,24%
CUST0109049,DECLINED,INSAGFFICIENT_NET_DISPOSABLE_INCOME,3.8267462858951e-07,4.701210519579216e-06,0.008046414676757957,0.0,0.0,0.0,0.0,0.0,0.0,24%
CUST0109067,DECLINED,INSAGFFICIENT_NET_DISPOSABLE_INCOME,3902.8171110397566,20106.97126991227,36163.55800138149,0.0,0.0,0.0,0.0,0.0,0.0,24%
CUST0109244,DECLINED,INSAGFFICIENT_NET_DISPOSABLE_INCOME,3.8267462858951e-07,4.701210519579216e-06,0.008046414676757957,0.0,0.0,0.0,0.0,0.0,0.0,24%
CUST0109302,DECLINED,INSAGFFICIENT_NET_DISPOSABLE_INCOME,3.8267462858951e-07,4.701210519579216e-06,0.008046414676757957,0.0,0.0,0.0,0.0,0.0,0.0,24%
CUST0109306,DECLINED,INSAGFFICIENT_NET_DISPOSABLE_INCOME,3.8267462858951e-07,4.701210519579216e-06,0.008046414676757957,0.0,0.0,0.0,0.0,0.0,0.0,24%
CUST0109333,DECLINED,INSAGFFICIENT_NET_DISPOSABLE_INCOME,6295.647023771231,7200.53772540228,22367.375183741857,0.0,0.0,0.0,0.0,0.0,0.0,24%
CUST0109352,DECLINED,INSAGFFICIENT_NET_DISPOSABLE_INCOME,3.8267462858951e-07,4.701210519579216e-06,0.008046414676757957,0.0,0.0,0.0,0.0,0.0,0.0,24%
CUST0109392,DECLINED,INSAGFFICIENT_NET_DISPOSABLE_INCOME,3.8267462858951e-07,4.701210519579216e-06,0.008046414676757957,0.0,0.0,0.0,0.0,0.0,0.0,24%
CUST0109419,DECLINED,INSAGFFICIENT_NET_DISPOSABLE_INCOME,3.8267462858951e-07,4.701210519579216e-06,0.008046414676757957,0.0,0.0,0.0,0.0,0.0,0.0,24%
CUST0109485,DECLINED,INSAGFFICIENT_NET_DISPOSABLE_INCOME,3.8267462858951e-07,4.701210519579216e-06,0.008046414676757957,0.0,0.0,0.0,0.0,0.0,0.0,24%
CUST0109507,DECLINED,INSAGFFICIENT_NET_DISPOSABLE_INCOME,3.8267462858951e-07,4.701210519579216e-06,0.008046414676757957,0.0,0.0,0.0,0.0,0.0,0.0,24%
CUST0109609,DECLINED,INSAGFFICIENT_NET_DISPOSABLE_INCOME,3.8267462858951e-07,4.701210519579216e-06,0.008046414676757957,0.0,0.0,0.0,0.0,0.0,0.0,24%
CUST0109619,DECLINED,INSAGFFICIENT_NET_DISPOSABLE_INCOME,6330.143519363616,6580.329484449973,18563.74538864298,0.0,0.0,0.0,0.0,0.0,0.0,24%
CUST0109648,DECLINED,INSAGFFICIENT_NET_DISPOSABLE_INCOME,3902.8171110397566,20106.97126991227,36163.55800138149,0.0,0.0,0.0,0.0,0.0,0.0,24%
CUST0109669,DECLINED,INSAGFFICIENT_NET_DISPOSABLE_INCOME,3.8267462858951e-07,4.701210519579216e-06,0.008046414676757957,0.0,0.0,0.0,0.0,0.0,0.0,24%
CUST0109675,DECLINED,INSAGFFICIENT_NET_DISPOSABLE_INCOME,3.8267462858951e-07,4.701210519579216e-06,0.008046414676757957,0.0,0.0,0.0,0.0,0.0,0.0,24%
CUST0109688,DECLINED,INSAGFFICIENT_NET_DISPOSABLE_INCOME,3.8267462858951e-07,4.701210519579216e-06,0.008046414676757957,0.0,0.0,0.0,0.0,0.0,0.0,24%
CUST0109726,DECLINED,INSAGFFICIENT_NET_DISPOSABLE_INCOME,3.8267462858951e-07,4.701210519579216e-06,0.008046414676757957,0.0,0.0,0.0,0.0,0.0,0.0,24%
CUST0109744,DECLINED,INSAGFFICIENT_NET_DISPOSABLE_INCOME,3.8267462858951e-07,4.701210519579216e-06,0.008046414676757957,0.0,0.0,0.0,0.0,0.0,0.0,24%
CUST0109747,DECLINED,INSAGFFICIENT_NET_DISPOSABLE_INCOME,3.8267462858951e-07,4.701210519579216e-06,0.008046414676757957,0.0,0.0,0.0,0.0,0.0,0.0,24%
CUST0109832,DECLINED,INSAGFFICIENT_NET_DISPOSABLE_INCOME,3.8267462858951e-07,4.701210519579216e-06,0.008046414676757957,0.0,0.0,0.0,0.0,0.0,0.0,24%
CUST0109834,DECLINED,INSAGFFICIENT_NET_DISPOSABLE_INCOME,3.8267462858951e-07,4.701210519579216e-06,0.008046414676757957,0.0,0.0,0.0,0.0,0.0,0.0,24%
CUST0109931,DECLINED,INSAGFFICIENT_NET_DISPOSABLE_INCOME,3.8267462858951e-07,4.701210519579216e-06,0.008046414676757957,0.0,0.0,0.0,0.0,0.0,0.0,24%
CUST0109958,DECLINED,INSAGFFICIENT_NET_DISPOSABLE_INCOME,3.8267462858951e-07,4.701210519579216e-06,0.008046414676757957,0.0,0.0,0.0,0.0,0.0,0.0,24%
CUST0109999,DECLINED,INSAGFFICIENT_NET_DISPOSABLE_INCOME,3.8267462858951e-07,4.701210519579216e-06,0.008046414676757957,0.0,0.0,0.0,0.0,0.0,0.0,24%
CUST0110047,DECLINED,INSAGFFICIENT_NET_DISPOSABLE_INCOME,3.8267462858951e-07,4.701210519579216e-06,0.008046414676757957,0.0,0.0,0.0,0.0,0.0,0.0,24%
CUST0110078,DECLINED,INSAGFFICIENT_NET_DISPOSABLE_INCOME,3.8267462858951e-07,4.701210519579216e-06,0.008046414676757957,0.0,0.0,0.0,0.0,0.0,0.0,24%
CUST0110128,DECLINED,INSAGFFICIENT_NET_DISPOSABLE_INCOME,4739.314417980545,5192.098160290672,18344.490337707197,0.0,0.0,0.0,0.0,0.0,0.0,24%
CUST0110158,DECLINED,INSAGFFICIENT_NET_DISPOSABLE_INCOME,3.8267462858951e-07,4.701210519579216e-06,0.008046414676757957,0.0,0.0,0.0,0.0,0.0,0.0,24%
CUST0110180,DECLINED,INSAGFFICIENT_NET_DISPOSABLE_INCOME,3.8267462858951e-07,4.701210519579216e-06,0.008046414676757957,0.0,0.0,0.0,0.0,0.0,0.0,24%
CUST0110219,DECLINED,INSAGFFICIENT_NET_DISPOSABLE_INCOME,3.8267462858951e-07,4.701210519579216e-06,0.008046414676757957,0.0,0.0,0.0,0.0,0.0,0.0,24%
CUST0110313,DECLINED,INSAGFFICIENT_NET_DISPOSABLE_INCOME,5272.93264937932,5300.420472244384,12260.838662738275,0.0,0.0,0.0,0.0,0.0,0.0,24%
CUST0110425,DECLINED,INSAGFFICIENT_NET_DISPOSABLE_INCOME,3.8267462858951e-07,4.701210519579216e-06,0.008046414676757957,0.0,0.0,0.0,0.0,0.0,0.0,24%
CUST0110428,DECLINED,INSAGFFICIENT_NET_DISPOSABLE_INCOME,6316.6318805895,6972.660305953259,13900.394582340083,0.0,0.0,0.0,0.0,0.0,0.0,24%
CUST0110447,DECLINED,INSAGFFICIENT_NET_DISPOSABLE_INCOME,6316.6318805895,6996.7032809536395,13900.394582340083,0.0,0.0,0.0,0.0,0.0,0.0,24%
CUST0110453,DECLINED,INSAGFFICIENT_NET_DISPOSABLE_INCOME,3.8267462858951e-07,4.701210519579216e-06,0.008046414676757957,0.0,0.0,0.0,0.0,0.0,0.0,24%
CUST0110490,DECLINED,INSAGFFICIENT_NET_DISPOSABLE_INCOME,3.8267462858951e-07,4.701210519579216e-06,0.008046414676757957,0.0,0.0,0.0,0.0,0.0,0.0,24%
CUST0110563,DECLINED,INSAGFFICIENT_NET_DISPOSABLE_INCOME,3.8267462858951e-07,4.701210519579216e-06,0.008046414676757957,0.0,0.0,0.0,0.0,0.0,0.0,24%
CUST0110629,DECLINED,INSAGFFICIENT_NET_DISPOSABLE_INCOME,3.8267462858951e-07,4.701210519579216e-06,0.008046414676757957,0.0,0.0,0.0,0.0,0.0,0.0,24%
CUST0110650,DECLINED,INSAGFFICIENT_NET_DISPOSABLE_INCOME,3.8267462858951e-07,4.701210519579216e-06,0.008046414676757957,0.0,0.0,0.0,0.0,0.0,0.0,24%
CUST0110662,DECLINED,INSAGFFICIENT_NET_DISPOSABLE_INCOME,3.8267462858951e-07,4.701210519579216e-06,0.008046414676757957,0.0,0.0,0.0,0.0,0.0,0.0,24%
CUST0110742,DECLINED,INSAGFFICIENT_NET_DISPOSABLE_INCOME,3.8267462858951e-07,4.701210519579216e-06,0.008046414676757957,0.0,0.0,0.0,0.0,0.0,0.0,24%
CUST0110776,DECLINED,INSAGFFICIENT_NET_DISPOSABLE_INCOME,3.8267462858951e-07,4.701210519579216e-06,0.008046414676757957,0.0,0.0,0.0,0.0,0.0,0.0,24%
CUST0110869,DECLINED,INSAGFFICIENT_NET_DISPOSABLE_INCOME,3.8267462858951e-07,4.701210519579216e-06,0.008046414676757957,0.0,0.0,0.0,0.0,0.0,0.0,24%
CUST0110932,DECLINED,INSAGFFICIENT_NET_DISPOSABLE_INCOME,6348.557889649202,7527.016231649463,21791.631106853554,0.0,0.0,0.0,0.0,0.0,0.0,24%
CUST0110979,DECLINED,INSAGFFICIENT_NET_DISPOSABLE_INCOME,3.8267462858951e-07,4.701210519579216e-06,0.008046414676757957,0.0,0.0,0.0,0.0,0.0,0.0,24%
CUST0110992,DECLINED,INSAGFFICIENT_NET_DISPOSABLE_INCOME,3.8267462858951e-07,4.701210519579216e-06,0.008046414676757957,0.0,0.0,0.0,0.0,0.0,0.0,24%
CUST0111020,DECLINED,INSAGFFICIENT_NET_DISPOSABLE_INCOME,3.8267462858951e-07,4.701210519579216e-06,0.008046414676757957,0.0,0.0,0.0,0.0,0.0,0.0,24%
CUST0111090,DECLINED,INSAGFFICIENT_NET_DISPOSABLE_INCOME,3.8267462858951e-07,4.701210519579216e-06,0.008046414676757957,0.0,0.0,0.0,0.0,0.0,0.0,24%
CUST0111115,DECLINED,INSAGFFICIENT_NET_DISPOSABLE_INCOME,5542.582603229685,5819.320287957607,12105.11166455856,0.0,0.0,0.0,0.0,0.0,0.0,24%
CUST0111145,DECLINED,INSAGFFICIENT_NET_DISPOSABLE_INCOME,3.8267462858951e-07,4.701210519579216e-06,0.008046414676757957,0.0,0.0,0.0,0.0,0.0,0.0,24%
CUST0111160,DECLINED,INSAGFFICIENT_NET_DISPOSABLE_INCOME,3.8267462858951e-07,4.701210519579216e-06,0.008046414676757957,0.0,0.0,0.0,0.0,0.0,0.0,24%
CUST0111243,DECLINED,INSAGFFICIENT_NET_DISPOSABLE_INCOME,3.8267462858951e-07,4.701210519579216e-06,0.008046414676757957,0.0,0.0,0.0,0.0,0.0,0.0,24%
CUST0111244,DECLINED,INSAGFFICIENT_NET_DISPOSABLE_INCOME,3.8267462858951e-07,4.701210519579216e-06,0.008046414676757957,0.0,0.0,0.0,0.0,0.0,0.0,24%
CUST0111322,DECLINED,INSAGFFICIENT_NET_DISPOSABLE_INCOME,3.8267462858951e-07,4.701210519579216e-06,0.008046414676757957,0.0,0.0,0.0,0.0,0.0,0.0,24%
CUST0111326,DECLINED,INSAGFFICIENT_NET_DISPOSABLE_INCOME,3.8267462858951e-07,4.701210519579216e-06,0.008046414676757957,0.0,0.0,0.0,0.0,0.0,0.0,24%
CUST0111404,DECLINED,INSAGFFICIENT_NET_DISPOSABLE_INCOME,3.8267462858951e-07,4.701210519579216e-06,0.008046414676757957,0.0,0.0,0.0,0.0,0.0,0.0,24%
CUST0111405,DECLINED,INSAGFFICIENT_NET_DISPOSABLE_INCOME,3.8267462858951e-07,4.701210519579216e-06,0.008046414676757957,0.0,0.0,0.0,0.0,0.0,0.0,24%
CUST0111425,DECLINED,INSAGFFICIENT_NET_DISPOSABLE_INCOME,3.8267462858951e-07,4.701210519579216e-06,0.008046414676757957,0.0,0.0,0.0,0.0,0.0,0.0,24%
CUST0111509,DECLINED,INSAGFFICIENT_NET_DISPOSABLE_INCOME,3902.8171110397566,20106.97126991227,36163.55800138149,0.0,0.0,0.0,0.0,0.0,0.0,24%
CUST0111573,DECLINED,INSAGFFICIENT_NET_DISPOSABLE_INCOME,3.8267462858951e-07,4.701210519579216e-06,0.008046414676757957,0.0,0.0,0.0,0.0,0.0,0.0,24%
CUST0111615,DECLINED,INSAGFFICIENT_NET_DISPOSABLE_INCOME,3.8267462858951e-07,4.701210519579216e-06,0.008046414676757957,0.0,0.0,0.0,0.0,0.0,0.0,24%
CUST0111721,DECLINED,INSAGFFICIENT_NET_DISPOSABLE_INCOME,3.8267462858951e-07,4.701210519579216e-06,0.008046414676757957,0.0,0.0,0.0,0.0,0.0,0.0,24%
CUST0111747,DECLINED,INSAGFFICIENT_NET_DISPOSABLE_INCOME,6321.325001434107,6723.825018355076,16991.688635876617,0.0,0.0,0.0,0.0,0.0,0.0,24%
CUST0111759,DECLINED,INSAGFFICIENT_NET_DISPOSABLE_INCOME,3.8267462858951e-07,4.701210519579216e-06,0.008046414676757957,0.0,0.0,0.0,0.0,0.0,0.0,24%
CUST0111763,DECLINED,INSAGFFICIENT_NET_DISPOSABLE_INCOME,3.8267462858951e-07,4.701210519579216e-06,0.008046414676757957,0.0,0.0,0.0,0.0,0.0,0.0,24%
CUST0111777,DECLINED,INSAGFFICIENT_NET_DISPOSABLE_INCOME,3.8267462858951e-07,4.701210519579216e-06,0.008046414676757957,0.0,0.0,0.0,0.0,0.0,0.0,24%
CUST0111852,DECLINED,INSAGFFICIENT_NET_DISPOSABLE_INCOME,3.8267462858951e-07,4.701210519579216e-06,0.008046414676757957,0.0,0.0,0.0,0.0,0.0,0.0,24%
CUST0111919,DECLINED,INSAGFFICIENT_NET_DISPOSABLE_INCOME,3.8267462858951e-07,4.701210519579216e-06,0.008046414676757957,0.0,0.0,0.0,0.0,0.0,0.0,24%
CUST0111937,DECLINED,INSAGFFICIENT_NET_DISPOSABLE_INCOME,3.8267462858951e-07,4.701210519579216e-06,0.008046414676757957,0.0,0.0,0.0,0.0,0.0,0.0,24%
CUST0111959,DECLINED,INSAGFFICIENT_NET_DISPOSABLE_INCOME,3.8267462858951e-07,4.701210519579216e-06,0.008046414676757957,0.0,0.0,0.0,0.0,0.0,0.0,24%
CUST0112112,DECLINED,INSAGFFICIENT_NET_DISPOSABLE_INCOME,3.8267462858951e-07,4.701210519579216e-06,0.008046414676757957,0.0,0.0,0.0,0.0,0.0,0.0,24%
CUST0112134,DECLINED,INSAGFFICIENT_NET_DISPOSABLE_INCOME,3.8267462858951e-07,4.701210519579216e-06,0.008046414676757957,0.0,0.0,0.0,0.0,0.0,0.0,24%
CUST0112224,DECLINED,INSAGFFICIENT_NET_DISPOSABLE_INCOME,3.8267462858951e-07,4.701210519579216e-06,0.008046414676757957,0.0,0.0,0.0,0.0,0.0,0.0,24%
CUST0112274,DECLINED,INSAGFFICIENT_NET_DISPOSABLE_INCOME,3.8267462858951e-07,4.701210519579216e-06,0.008046414676757957,0.0,0.0,0.0,0.0,0.0,0.0,24%
CUST0112287,DECLINED,INSAGFFICIENT_NET_DISPOSABLE_INCOME,3.8267462858951e-07,4.701210519579216e-06,0.008046414676757957,0.0,0.0,0.0,0.0,0.0,0.0,24%
CUST0112292,DECLINED,INSAGFFICIENT_NET_DISPOSABLE_INCOME,3.8267462858951e-07,4.701210519579216e-06,0.008046414676757957,0.0,0.0,0.0,0.0,0.0,0.0,24%
CUST0112410,DECLINED,INSAGFFICIENT_NET_DISPOSABLE_INCOME,3.8267462858951e-07,4.701210519579216e-06,0.008046414676757957,0.0,0.0,0.0,0.0,0.0,0.0,24%
CUST0112490,DECLINED,INSAGFFICIENT_NET_DISPOSABLE_INCOME,3.8267462858951e-07,4.701210519579216e-06,0.008046414676757957,0.0,0.0,0.0,0.0,0.0,0.0,24%
CUST0112624,DECLINED,INSAGFFICIENT_NET_DISPOSABLE_INCOME,3.8267462858951e-07,4.701210519579216e-06,0.008046414676757957,0.0,0.0,0.0,0.0,0.0,0.0,24%
CUST0112648,DECLINED,INSAGFFICIENT_NET_DISPOSABLE_INCOME,3.8267462858951e-07,4.701210519579216e-06,0.008046414676757957,0.0,0.0,0.0,0.0,0.0,0.0,24%
CUST0112651,DECLINED,INSAGFFICIENT_NET_DISPOSABLE_INCOME,3.8267462858951e-07,4.701210519579216e-06,0.008046414676757957,0.0,0.0,0.0,0.0,0.0,0.0,24%
CUST0112687,DECLINED,INSAGFFICIENT_NET_DISPOSABLE_INCOME,3.8267462858951e-07,4.701210519579216e-06,0.008046414676757957,0.0,0.0,0.0,0.0,0.0,0.0,24%
CUST0112712,DECLINED,INSAGFFICIENT_NET_DISPOSABLE_INCOME,3.8267462858951e-07,4.701210519579216e-06,0.008046414676757957,0.0,0.0,0.0,0.0,0.0,0.0,24%
CUST0112714,DECLINED,INSAGFFICIENT_NET_DISPOSABLE_INCOME,3.8267462858951e-07,4.701210519579216e-06,0.008046414676757957,0.0,0.0,0.0,0.0,0.0,0.0,24%
CUST0112724,DECLINED,INSAGFFICIENT_NET_DISPOSABLE_INCOME,3.8267462858951e-07,4.701210519579216e-06,0.008046414676757957,0.0,0.0,0.0,0.0,0.0,0.0,24%
CUST0112777,DECLINED,INSAGFFICIENT_NET_DISPOSABLE_INCOME,3.8267462858951e-07,4.701210519579216e-06,0.008046414676757957,0.0,0.0,0.0,0.0,0.0,0.0,24%
CUST0112924,DECLINED,INSAGFFICIENT_NET_DISPOSABLE_INCOME,3.8267462858951e-07,4.701210519579216e-06,0.008046414676757957,0.0,0.0,0.0,0.0,0.0,0.0,24%
CUST0112952,DECLINED,INSAGFFICIENT_NET_DISPOSABLE_INCOME,3.8267462858951e-07,4.701210519579216e-06,0.008046414676757957,0.0,0.0,0.0,0.0,0.0,0.0,24%
CUST0112959,DECLINED,INSAGFFICIENT_NET_DISPOSABLE_INCOME,3.8267462858951e-07,4.701210519579216e-06,0.008046414676757957,0.0,0.0,0.0,0.0,0.0,0.0,24%
CUST0112994,DECLINED,INSAGFFICIENT_NET_DISPOSABLE_INCOME,3.8267462858951e-07,4.701210519579216e-06,0.008046414676757957,0.0,0.0,0.0,0.0,0.0,0.0,24%
CUST0113046,DECLINED,INSAGFFICIENT_NET_DISPOSABLE_INCOME,3.8267462858951e-07,4.701210519579216e-06,0.008046414676757957,0.0,0.0,0.0,0.0,0.0,0.0,24%
CUST0113048,DECLINED,INSAGFFICIENT_NET_DISPOSABLE_INCOME,3.8267462858951e-07,4.701210519579216e-06,0.008046414676757957,0.0,0.0,0.0,0.0,0.0,0.0,24%
CUST0113061,DECLINED,INSAGFFICIENT_NET_DISPOSABLE_INCOME,3.8267462858951e-07,4.701210519579216e-06,0.008046414676757957,0.0,0.0,0.0,0.0,0.0,0.0,24%
CUST0113082,DECLINED,INSAGFFICIENT_NET_DISPOSABLE_INCOME,6563.222094247777,6981.869780708569,18810.12690349223,0.0,0.0,0.0,0.0,0.0,0.0,24%
CUST0113216,DECLINED,INSAGFFICIENT_NET_DISPOSABLE_INCOME,3.8267462858951e-07,4.701210519579216e-06,0.008046414676757957,0.0,0.0,0.0,0.0,0.0,0.0,24%
CUST0113236,DECLINED,INSAGFFICIENT_NET_DISPOSABLE_INCOME,3.8267462858951e-07,4.701210519579216e-06,0.008046414676757957,0.0,0.0,0.0,0.0,0.0,0.0,24%
CUST0113248,DECLINED,INSAGFFICIENT_NET_DISPOSABLE_INCOME,3.8267462858951e-07,4.701210519579216e-06,0.008046414676757957,0.0,0.0,0.0,0.0,0.0,0.0,24%
CUST0113283,DECLINED,INSAGFFICIENT_NET_DISPOSABLE_INCOME,3.8267462858951e-07,4.701210519579216e-06,0.008046414676757957,0.0,0.0,0.0,0.0,0.0,0.0,24%
CUST0113317,DECLINED,INSAGFFICIENT_NET_DISPOSABLE_INCOME,3.8267462858951e-07,4.701210519579216e-06,0.008046414676757957,0.0,0.0,0.0,0.0,0.0,0.0,24%
CUST0113568,DECLINED,INSAGFFICIENT_NET_DISPOSABLE_INCOME,3.8267462858951e-07,4.701210519579216e-06,0.008046414676757957,0.0,0.0,0.0,0.0,0.0,0.0,24%
CUST0113645,DECLINED,INSAGFFICIENT_NET_DISPOSABLE_INCOME,3.8267462858951e-07,4.701210519579216e-06,0.008046414676757957,0.0,0.0,0.0,0.0,0.0,0.0,24%
CUST0113647,DECLINED,INSAGFFICIENT_NET_DISPOSABLE_INCOME,3.8267462858951e-07,4.701210519579216e-06,0.008046414676757957,0.0,0.0,0.0,0.0,0.0,0.0,24%
CUST0113654,DECLINED,INSAGFFICIENT_NET_DISPOSABLE_INCOME,3.8267462858951e-07,4.701210519579216e-06,0.008046414676757957,0.0,0.0,0.0,0.0,0.0,0.0,24%
CUST0113733,DECLINED,INSAGFFICIENT_NET_DISPOSABLE_INCOME,3.8267462858951e-07,4.701210519579216e-06,0.008046414676757957,0.0,0.0,0.0,0.0,0.0,0.0,24%
CUST0113743,DECLINED,INSAGFFICIENT_NET_DISPOSABLE_INCOME,3.8267462858951e-07,4.701210519579216e-06,0.008046414676757957,0.0,0.0,0.0,0.0,0.0,0.0,24%
CUST0113776,DECLINED,INSAGFFICIENT_NET_DISPOSABLE_INCOME,3.8267462858951e-07,4.701210519579216e-06,0.008046414676757957,0.0,0.0,0.0,0.0,0.0,0.0,24%
CUST0113850,DECLINED,INSAGFFICIENT_NET_DISPOSABLE_INCOME,3.8267462858951e-07,4.701210519579216e-06,0.008046414676757957,0.0,0.0,0.0,0.0,0.0,0.0,24%
CUST0113881,DECLINED,INSAGFFICIENT_NET_DISPOSABLE_INCOME,3.8267462858951e-07,4.701210519579216e-06,0.008046414676757957,0.0,0.0,0.0,0.0,0.0,0.0,24%
CUST0114016,DECLINED,INSAGFFICIENT_NET_DISPOSABLE_INCOME,3.8267462858951e-07,4.701210519579216e-06,0.008046414676757957,0.0,0.0,0.0,0.0,0.0,0.0,24%
CUST0114023,DECLINED,INSAGFFICIENT_NET_DISPOSABLE_INCOME,3.8267462858951e-07,4.701210519579216e-06,0.008046414676757957,0.0,0.0,0.0,0.0,0.0,0.0,24%
CUST0114065,DECLINED,INSAGFFICIENT_NET_DISPOSABLE_INCOME,3.8267462858951e-07,4.701210519579216e-06,0.008046414676757957,0.0,0.0,0.0,0.0,0.0,0.0,24%
CUST0114071,DECLINED,INSAGFFICIENT_NET_DISPOSABLE_INCOME,3.8267462858951e-07,4.701210519579216e-06,0.008046414676757957,0.0,0.0,0.0,0.0,0.0,0.0,24%
CUST0114229,DECLINED,INSAGFFICIENT_NET_DISPOSABLE_INCOME,3.8267462858951e-07,4.701210519579216e-06,0.008046414676757957,0.0,0.0,0.0,0.0,0.0,0.0,24%
CUST0114302,DECLINED,INSAGFFICIENT_NET_DISPOSABLE_INCOME,6346.925270608657,8303.828626224642,14873.53375145736,0.0,0.0,0.0,0.0,0.0,0.0,24%
CUST0114411,DECLINED,INSAGFFICIENT_NET_DISPOSABLE_INCOME,3.8267462858951e-07,4.701210519579216e-06,0.008046414676757957,0.0,0.0,0.0,0.0,0.0,0.0,24%
CUST0114427,DECLINED,INSAGFFICIENT_NET_DISPOSABLE_INCOME,3.8267462858951e-07,4.701210519579216e-06,0.008046414676757957,0.0,0.0,0.0,0.0,0.0,0.0,24%
CUST0114443,DECLINED,INSAGFFICIENT_NET_DISPOSABLE_INCOME,3.8267462858951e-07,4.701210519579216e-06,0.008046414676757957,0.0,0.0,0.0,0.0,0.0,0.0,24%
CUST0114567,DECLINED,INSAGFFICIENT_NET_DISPOSABLE_INCOME,3.8267462858951e-07,4.701210519579216e-06,0.008046414676757957,0.0,0.0,0.0,0.0,0.0,0.0,24%
CUST0114577,DECLINED,INSAGFFICIENT_NET_DISPOSABLE_INCOME,6004.737034220707,6140.442713334734,12587.864077651573,0.0,0.0,0.0,0.0,0.0,0.0,24%
CUST0114640,DECLINED,INSAGFFICIENT_NET_DISPOSABLE_INCOME,3.8267462858951e-07,4.701210519579216e-06,0.008046414676757957,0.0,0.0,0.0,0.0,0.0,0.0,24%
CUST0114653,DECLINED,INSAGFFICIENT_NET_DISPOSABLE_INCOME,3.8267462858951e-07,4.701210519579216e-06,0.008046414676757957,0.0,0.0,0.0,0.0,0.0,0.0,24%
CUST0114710,DECLINED,INSAGFFICIENT_NET_DISPOSABLE_INCOME,3.8267462858951e-07,4.701210519579216e-06,0.008046414676757957,0.0,0.0,0.0,0.0,0.0,0.0,24%
CUST0114727,DECLINED,INSAGFFICIENT_NET_DISPOSABLE_INCOME,3.8267462858951e-07,4.701210519579216e-06,0.008046414676757957,0.0,0.0,0.0,0.0,0.0,0.0,24%
CUST0114739,DECLINED,INSAGFFICIENT_NET_DISPOSABLE_INCOME,3.8267462858951e-07,4.701210519579216e-06,0.008046414676757957,0.0,0.0,0.0,0.0,0.0,0.0,24%
CUST0114787,DECLINED,INSAGFFICIENT_NET_DISPOSABLE_INCOME,3.8267462858951e-07,4.701210519579216e-06,0.008046414676757957,0.0,0.0,0.0,0.0,0.0,0.0,24%
CUST0114865,DECLINED,INSAGFFICIENT_NET_DISPOSABLE_INCOME,3.8267462858951e-07,4.701210519579216e-06,0.008046414676757957,0.0,0.0,0.0,0.0,0.0,0.0,24%
CUST0114909,DECLINED,INSAGFFICIENT_NET_DISPOSABLE_INCOME,3.8267462858951e-07,4.701210519579216e-06,0.008046414676757957,0.0,0.0,0.0,0.0,0.0,0.0,24%
CUST0114928,DECLINED,INSAGFFICIENT_NET_DISPOSABLE_INCOME,4943.5561073629115,4949.77699317147,12642.575146962203,0.0,0.0,0.0,0.0,0.0,0.0,24%
CUST0114939,DECLINED,INSAGFFICIENT_NET_DISPOSABLE_INCOME,3.8267462858951e-07,4.701210519579216e-06,0.008046414676757957,0.0,0.0,0.0,0.0,0.0,0.0,24%
CUST0114964,DECLINED,INSAGFFICIENT_NET_DISPOSABLE_INCOME,3.8267462858951e-07,4.701210519579216e-06,0.008046414676757957,0.0,0.0,0.0,0.0,0.0,0.0,24%
CUST0115139,DECLINED,INSAGFFICIENT_NET_DISPOSABLE_INCOME,3.8267462858951e-07,4.701210519579216e-06,0.008046414676757957,0.0,0.0,0.0,0.0,0.0,0.0,24%
CUST0115212,DECLINED,INSAGFFICIENT_NET_DISPOSABLE_INCOME,3.8267462858951e-07,4.701210519579216e-06,0.008046414676757957,0.0,0.0,0.0,0.0,0.0,0.0,24%
CUST0115244,DECLINED,INSAGFFICIENT_NET_DISPOSABLE_INCOME,6408.434960751951,6711.293687874572,18480.3141559941,0.0,0.0,0.0,0.0,0.0,0.0,24%
CUST0115246,DECLINED,INSAGFFICIENT_NET_DISPOSABLE_INCOME,4721.527204415632,5129.5510876137505,18338.621509672223,0.0,0.0,0.0,0.0,0.0,0.0,24%
CUST0115567,DECLINED,INSAGFFICIENT_NET_DISPOSABLE_INCOME,3.8267462858951e-07,4.701210519579216e-06,0.008046414676757957,0.0,0.0,0.0,0.0,0.0,0.0,24%
CUST0115578,DECLINED,INSAGFFICIENT_NET_DISPOSABLE_INCOME,3.8267462858951e-07,4.701210519579216e-06,0.008046414676757957,0.0,0.0,0.0,0.0,0.0,0.0,24%
CUST0115642,DECLINED,INSAGFFICIENT_NET_DISPOSABLE_INCOME,3.8267462858951e-07,4.701210519579216e-06,0.008046414676757957,0.0,0.0,0.0,0.0,0.0,0.0,24%
CUST0115722,DECLINED,INSAGFFICIENT_NET_DISPOSABLE_INCOME,3.8267462858951e-07,4.701210519579216e-06,0.008046414676757957,0.0,0.0,0.0,0.0,0.0,0.0,24%
CUST0115740,DECLINED,INSAGFFICIENT_NET_DISPOSABLE_INCOME,3.8267462858951e-07,4.701210519579216e-06,0.008046414676757957,0.0,0.0,0.0,0.0,0.0,0.0,24%
CUST0115851,DECLINED,INSAGFFICIENT_NET_DISPOSABLE_INCOME,3.8267462858951e-07,4.701210519579216e-06,0.008046414676757957,0.0,0.0,0.0,0.0,0.0,0.0,24%
CUST0115922,DECLINED,INSAGFFICIENT_NET_DISPOSABLE_INCOME,3.8267462858951e-07,4.701210519579216e-06,0.008046414676757957,0.0,0.0,0.0,0.0,0.0,0.0,24%
CUST0116052,DECLINED,INSAGFFICIENT_NET_DISPOSABLE_INCOME,3.8267462858951e-07,4.701210519579216e-06,0.008046414676757957,0.0,0.0,0.0,0.0,0.0,0.0,24%
CUST0116066,DECLINED,INSAGFFICIENT_NET_DISPOSABLE_INCOME,3.8267462858951e-07,4.701210519579216e-06,0.008046414676757957,0.0,0.0,0.0,0.0,0.0,0.0,24%
CUST0116105,DECLINED,INSAGFFICIENT_NET_DISPOSABLE_INCOME,3.8267462858951e-07,4.701210519579216e-06,0.008046414676757957,0.0,0.0,0.0,0.0,0.0,0.0,24%
CUST0116122,DECLINED,INSAGFFICIENT_NET_DISPOSABLE_INCOME,3.8267462858951e-07,4.701210519579216e-06,0.008046414676757957,0.0,0.0,0.0,0.0,0.0,0.0,24%
CUST0116144,DECLINED,INSAGFFICIENT_NET_DISPOSABLE_INCOME,3.8267462858951e-07,4.701210519579216e-06,0.008046414676757957,0.0,0.0,0.0,0.0,0.0,0.0,24%
CUST0116153,DECLINED,INSAGFFICIENT_NET_DISPOSABLE_INCOME,3.8267462858951e-07,4.701210519579216e-06,0.008046414676757957,0.0,0.0,0.0,0.0,0.0,0.0,24%
CUST0116183,DECLINED,INSAGFFICIENT_NET_DISPOSABLE_INCOME,3.8267462858951e-07,4.701210519579216e-06,0.008046414676757957,0.0,0.0,0.0,0.0,0.0,0.0,24%
CUST0116287,DECLINED,INSAGFFICIENT_NET_DISPOSABLE_INCOME,3.8267462858951e-07,4.701210519579216e-06,0.008046414676757957,0.0,0.0,0.0,0.0,0.0,0.0,24%
CUST0116317,DECLINED,INSAGFFICIENT_NET_DISPOSABLE_INCOME,3.8267462858951e-07,4.701210519579216e-06,0.008046414676757957,0.0,0.0,0.0,0.0,0.0,0.0,24%
CUST0116337,DECLINED,INSAGFFICIENT_NET_DISPOSABLE_INCOME,3.8267462858951e-07,4.701210519579216e-06,0.008046414676757957,0.0,0.0,0.0,0.0,0.0,0.0,24%
CUST0116387,DECLINED,INSAGFFICIENT_NET_DISPOSABLE_INCOME,3.8267462858951e-07,4.701210519579216e-06,0.008046414676757957,0.0,0.0,0.0,0.0,0.0,0.0,24%
CUST0116547,DECLINED,INSAGFFICIENT_NET_DISPOSABLE_INCOME,5317.07372335428,5320.359132572115,12504.810285218024,0.0,0.0,0.0,0.0,0.0,0.0,24%
CUST0116573,DECLINED,INSAGFFICIENT_NET_DISPOSABLE_INCOME,3.8267462858951e-07,4.701210519579216e-06,0.008046414676757957,0.0,0.0,0.0,0.0,0.0,0.0,24%
CUST0116581,DECLINED,INSAGFFICIENT_NET_DISPOSABLE_INCOME,3.8267462858951e-07,4.701210519579216e-06,0.008046414676757957,0.0,0.0,0.0,0.0,0.0,0.0,24%
CUST0116642,DECLINED,INSAGFFICIENT_NET_DISPOSABLE_INCOME,6497.862515633288,9903.363498028652,15818.25291075471,0.0,0.0,0.0,0.0,0.0,0.0,24%
CUST0116751,DECLINED,INSAGFFICIENT_NET_DISPOSABLE_INCOME,3.8267462858951e-07,4.701210519579216e-06,0.008046414676757957,0.0,0.0,0.0,0.0,0.0,0.0,24%
CUST0116846,DECLINED,INSAGFFICIENT_NET_DISPOSABLE_INCOME,3.8267462858951e-07,4.701210519579216e-06,0.008046414676757957,0.0,0.0,0.0,0.0,0.0,0.0,24%
CUST0116887,DECLINED,INSAGFFICIENT_NET_DISPOSABLE_INCOME,3.8267462858951e-07,4.701210519579216e-06,0.008046414676757957,0.0,0.0,0.0,0.0,0.0,0.0,24%
CUST0116937,DECLINED,INSAGFFICIENT_NET_DISPOSABLE_INCOME,3.8267462858951e-07,4.701210519579216e-06,0.008046414676757957,0.0,0.0,0.0,0.0,0.0,0.0,24%
CUST0116994,DECLINED,INSAGFFICIENT_NET_DISPOSABLE_INCOME,3902.8171110397566,20106.97126991227,36163.55800138149,0.0,0.0,0.0,0.0,0.0,0.0,24%
CUST0117012,DECLINED,INSAGFFICIENT_NET_DISPOSABLE_INCOME,3.8267462858951e-07,4.701210519579216e-06,0.008046414676757957,0.0,0.0,0.0,0.0,0.0,0.0,24%
CUST0117029,DECLINED,INSAGFFICIENT_NET_DISPOSABLE_INCOME,3.8267462858951e-07,4.701210519579216e-06,0.008046414676757957,0.0,0.0,0.0,0.0,0.0,0.0,24%
CUST0117087,DECLINED,INSAGFFICIENT_NET_DISPOSABLE_INCOME,3.8267462858951e-07,4.701210519579216e-06,0.008046414676757957,0.0,0.0,0.0,0.0,0.0,0.0,24%
CUST0117100,DECLINED,INSAGFFICIENT_NET_DISPOSABLE_INCOME,3.8267462858951e-07,4.701210519579216e-06,0.008046414676757957,0.0,0.0,0.0,0.0,0.0,0.0,24%
CUST0117106,DECLINED,INSAGFFICIENT_NET_DISPOSABLE_INCOME,3.8267462858951e-07,4.701210519579216e-06,0.008046414676757957,0.0,0.0,0.0,0.0,0.0,0.0,24%
CUST0117281,DECLINED,INSAGFFICIENT_NET_DISPOSABLE_INCOME,3.8267462858951e-07,4.701210519579216e-06,0.008046414676757957,0.0,0.0,0.0,0.0,0.0,0.0,24%
CUST0117331,DECLINED,INSAGFFICIENT_NET_DISPOSABLE_INCOME,3.8267462858951e-07,4.701210519579216e-06,0.008046414676757957,0.0,0.0,0.0,0.0,0.0,0.0,24%
CUST0117335,DECLINED,INSAGFFICIENT_NET_DISPOSABLE_INCOME,3.8267462858951e-07,4.701210519579216e-06,0.008046414676757957,0.0,0.0,0.0,0.0,0.0,0.0,24%
CUST0117488,DECLINED,INSAGFFICIENT_NET_DISPOSABLE_INCOME,3.8267462858951e-07,4.701210519579216e-06,0.008046414676757957,0.0,0.0,0.0,0.0,0.0,0.0,24%
CUST0117526,DECLINED,INSAGFFICIENT_NET_DISPOSABLE_INCOME,3.8267462858951e-07,4.701210519579216e-06,0.008046414676757957,0.0,0.0,0.0,0.0,0.0,0.0,24%
CUST0117539,DECLINED,INSAGFFICIENT_NET_DISPOSABLE_INCOME,3.8267462858951e-07,4.701210519579216e-06,0.008046414676757957,0.0,0.0,0.0,0.0,0.0,0.0,24%
CUST0117627,DECLINED,INSAGFFICIENT_NET_DISPOSABLE_INCOME,3.8267462858951e-07,4.701210519579216e-06,0.008046414676757957,0.0,0.0,0.0,0.0,0.0,0.0,24%
CUST0117675,DECLINED,INSAGFFICIENT_NET_DISPOSABLE_INCOME,3.8267462858951e-07,4.701210519579216e-06,0.008046414676757957,0.0,0.0,0.0,0.0,0.0,0.0,24%
CUST0117686,DECLINED,INSAGFFICIENT_NET_DISPOSABLE_INCOME,3.8267462858951e-07,4.701210519579216e-06,0.008046414676757957,0.0,0.0,0.0,0.0,0.0,0.0,24%
CUST0117703,DECLINED,INSAGFFICIENT_NET_DISPOSABLE_INCOME,3.8267462858951e-07,4.701210519579216e-06,0.008046414676757957,0.0,0.0,0.0,0.0,0.0,0.0,24%
CUST0117821,DECLINED,INSAGFFICIENT_NET_DISPOSABLE_INCOME,3.8267462858951e-07,4.701210519579216e-06,0.008046414676757957,0.0,0.0,0.0,0.0,0.0,0.0,24%
CUST0117835,DECLINED,INSAGFFICIENT_NET_DISPOSABLE_INCOME,3.8267462858951e-07,4.701210519579216e-06,0.008046414676757957,0.0,0.0,0.0,0.0,0.0,0.0,24%
CUST0117860,DECLINED,INSAGFFICIENT_NET_DISPOSABLE_INCOME,3.8267462858951e-07,4.701210519579216e-06,0.008046414676757957,0.0,0.0,0.0,0.0,0.0,0.0,24%
CUST0117866,DECLINED,INSAGFFICIENT_NET_DISPOSABLE_INCOME,3.8267462858951e-07,4.701210519579216e-06,0.008046414676757957,0.0,0.0,0.0,0.0,0.0,0.0,24%
CUST0117880,DECLINED,INSAGFFICIENT_NET_DISPOSABLE_INCOME,3.8267462858951e-07,4.701210519579216e-06,0.008046414676757957,0.0,0.0,0.0,0.0,0.0,0.0,24%
CUST0117882,DECLINED,INSAGFFICIENT_NET_DISPOSABLE_INCOME,3.8267462858951e-07,4.701210519579216e-06,0.008046414676757957,0.0,0.0,0.0,0.0,0.0,0.0,24%
CUST0117948,DECLINED,INSAGFFICIENT_NET_DISPOSABLE_INCOME,3.8267462858951e-07,4.701210519579216e-06,0.008046414676757957,0.0,0.0,0.0,0.0,0.0,0.0,24%
CUST0117970,DECLINED,INSAGFFICIENT_NET_DISPOSABLE_INCOME,3.8267462858951e-07,4.701210519579216e-06,0.008046414676757957,0.0,0.0,0.0,0.0,0.0,0.0,24%
CUST0117992,DECLINED,INSAGFFICIENT_NET_DISPOSABLE_INCOME,3.8267462858951e-07,4.701210519579216e-06,0.008046414676757957,0.0,0.0,0.0,0.0,0.0,0.0,24%
CUST0118027,DECLINED,INSAGFFICIENT_NET_DISPOSABLE_INCOME,3.8267462858951e-07,4.701210519579216e-06,0.008046414676757957,0.0,0.0,0.0,0.0,0.0,0.0,24%
CUST0118031,DECLINED,INSAGFFICIENT_NET_DISPOSABLE_INCOME,3.8267462858951e-07,4.701210519579216e-06,0.008046414676757957,0.0,0.0,0.0,0.0,0.0,0.0,24%
CUST0118086,DECLINED,INSAGFFICIENT_NET_DISPOSABLE_INCOME,3.8267462858951e-07,4.701210519579216e-06,0.008046414676757957,0.0,0.0,0.0,0.0,0.0,0.0,24%
CUST0118150,DECLINED,INSAGFFICIENT_NET_DISPOSABLE_INCOME,3.8267462858951e-07,4.701210519579216e-06,0.008046414676757957,0.0,0.0,0.0,0.0,0.0,0.0,24%
CUST0118161,DECLINED,INSAGFFICIENT_NET_DISPOSABLE_INCOME,3.8267462858951e-07,4.701210519579216e-06,0.008046414676757957,0.0,0.0,0.0,0.0,0.0,0.0,24%
CUST0118199,DECLINED,INSAGFFICIENT_NET_DISPOSABLE_INCOME,3.8267462858951e-07,4.701210519579216e-06,0.008046414676757957,0.0,0.0,0.0,0.0,0.0,0.0,24%
CUST0118236,DECLINED,INSAGFFICIENT_NET_DISPOSABLE_INCOME,3.8267462858951e-07,4.701210519579216e-06,0.008046414676757957,0.0,0.0,0.0,0.0,0.0,0.0,24%
CUST0118254,DECLINED,INSAGFFICIENT_NET_DISPOSABLE_INCOME,3.8267462858951e-07,4.701210519579216e-06,0.008046414676757957,0.0,0.0,0.0,0.0,0.0,0.0,24%
CUST0118294,DECLINED,INSAGFFICIENT_NET_DISPOSABLE_INCOME,3.8267462858951e-07,4.701210519579216e-06,0.008046414676757957,0.0,0.0,0.0,0.0,0.0,0.0,24%
CUST0118344,DECLINED,INSAGFFICIENT_NET_DISPOSABLE_INCOME,3.8267462858951e-07,4.701210519579216e-06,0.008046414676757957,0.0,0.0,0.0,0.0,0.0,0.0,24%
CUST0118389,DECLINED,INSAGFFICIENT_NET_DISPOSABLE_INCOME,3.8267462858951e-07,4.701210519579216e-06,0.008046414676757957,0.0,0.0,0.0,0.0,0.0,0.0,24%
CUST0118403,DECLINED,INSAGFFICIENT_NET_DISPOSABLE_INCOME,3.8267462858951e-07,4.701210519579216e-06,0.008046414676757957,0.0,0.0,0.0,0.0,0.0,0.0,24%
CUST0118522,DECLINED,INSAGFFICIENT_NET_DISPOSABLE_INCOME,3.8267462858951e-07,4.701210519579216e-06,0.008046414676757957,0.0,0.0,0.0,0.0,0.0,0.0,24%
CUST0118570,DECLINED,INSAGFFICIENT_NET_DISPOSABLE_INCOME,3.8267462858951e-07,4.701210519579216e-06,0.008046414676757957,0.0,0.0,0.0,0.0,0.0,0.0,24%
CUST0118626,DECLINED,INSAGFFICIENT_NET_DISPOSABLE_INCOME,6458.355510882944,7243.199629208626,13963.063272341318,0.0,0.0,0.0,0.0,0.0,0.0,24%
CUST0118649,DECLINED,INSAGFFICIENT_NET_DISPOSABLE_INCOME,3.8267462858951e-07,4.701210519579216e-06,0.008046414676757957,0.0,0.0,0.0,0.0,0.0,0.0,24%
CUST0118836,DECLINED,INSAGFFICIENT_NET_DISPOSABLE_INCOME,3.8267462858951e-07,4.701210519579216e-06,0.008046414676757957,0.0,0.0,0.0,0.0,0.0,0.0,24%
CUST0118865,DECLINED,INSAGFFICIENT_NET_DISPOSABLE_INCOME,3.8267462858951e-07,4.701210519579216e-06,0.008046414676757957,0.0,0.0,0.0,0.0,0.0,0.0,24%
CUST0118959,DECLINED,INSAGFFICIENT_NET_DISPOSABLE_INCOME,3.8267462858951e-07,4.701210519579216e-06,0.008046414676757957,0.0,0.0,0.0,0.0,0.0,0.0,24%
CUST0118993,DECLINED,INSAGFFICIENT_NET_DISPOSABLE_INCOME,5592.759901567907,5894.829493600699,12705.243836963438,0.0,0.0,0.0,0.0,0.0,0.0,24%
CUST0119009,DECLINED,INSAGFFICIENT_NET_DISPOSABLE_INCOME,3.8267462858951e-07,4.701210519579216e-06,0.008046414676757957,0.0,0.0,0.0,0.0,0.0,0.0,24%
CUST0119012,DECLINED,INSAGFFICIENT_NET_DISPOSABLE_INCOME,3.8267462858951e-07,4.701210519579216e-06,0.008046414676757957,0.0,0.0,0.0,0.0,0.0,0.0,24%
CUST0119188,DECLINED,INSAGFFICIENT_NET_DISPOSABLE_INCOME,3.8267462858951e-07,4.701210519579216e-06,0.008046414676757957,0.0,0.0,0.0,0.0,0.0,0.0,24%
CUST0119208,DECLINED,INSAGFFICIENT_NET_DISPOSABLE_INCOME,3.8267462858951e-07,4.701210519579216e-06,0.008046414676757957,0.0,0.0,0.0,0.0,0.0,0.0,24%
CUST0119236,DECLINED,INSAGFFICIENT_NET_DISPOSABLE_INCOME,3.8267462858951e-07,4.701210519579216e-06,0.008046414676757957,0.0,0.0,0.0,0.0,0.0,0.0,24%
CUST0119312,DECLINED,INSAGFFICIENT_NET_DISPOSABLE_INCOME,3.8267462858951e-07,4.701210519579216e-06,0.008046414676757957,0.0,0.0,0.0,0.0,0.0,0.0,24%
CUST0119322,DECLINED,INSAGFFICIENT_NET_DISPOSABLE_INCOME,3.8267462858951e-07,4.701210519579216e-06,0.008046414676757957,0.0,0.0,0.0,0.0,0.0,0.0,24%
CUST0119346,DECLINED,INSAGFFICIENT_NET_DISPOSABLE_INCOME,3.8267462858951e-07,4.701210519579216e-06,0.008046414676757957,0.0,0.0,0.0,0.0,0.0,0.0,24%
CUST0119377,DECLINED,INSAGFFICIENT_NET_DISPOSABLE_INCOME,3.8267462858951e-07,4.701210519579216e-06,0.008046414676757957,0.0,0.0,0.0,0.0,0.0,0.0,24%
CUST0119448,DECLINED,INSAGFFICIENT_NET_DISPOSABLE_INCOME,3902.8171110397566,20106.97126991227,36163.55800138149,0.0,0.0,0.0,0.0,0.0,0.0,24%
CUST0119653,DECLINED,INSAGFFICIENT_NET_DISPOSABLE_INCOME,3.8267462858951e-07,4.701210519579216e-06,0.008046414676757957,0.0,0.0,0.0,0.0,0.0,0.0,24%
CUST0119683,DECLINED,INSAGFFICIENT_NET_DISPOSABLE_INCOME,3.8267462858951e-07,4.701210519579216e-06,0.008046414676757957,0.0,0.0,0.0,0.0,0.0,0.0,24%
CUST0119780,DECLINED,INSAGFFICIENT_NET_DISPOSABLE_INCOME,3.8267462858951e-07,4.701210519579216e-06,0.008046414676757957,0.0,0.0,0.0,0.0,0.0,0.0,24%
CUST0119810,DECLINED,INSAGFFICIENT_NET_DISPOSABLE_INCOME,3.8267462858951e-07,4.701210519579216e-06,0.008046414676757957,0.0,0.0,0.0,0.0,0.0,0.0,24%
CUST0119814,DECLINED,INSAGFFICIENT_NET_DISPOSABLE_INCOME,3.8267462858951e-07,4.701210519579216e-06,0.008046414676757957,0.0,0.0,0.0,0.0,0.0,0.0,24%
CUST0119828,DECLINED,INSAGFFICIENT_NET_DISPOSABLE_INCOME,3.8267462858951e-07,4.701210519579216e-06,0.008046414676757957,0.0,0.0,0.0,0.0,0.0,0.0,24%
CUST0119896,DECLINED,INSAGFFICIENT_NET_DISPOSABLE_INCOME,3.8267462858951e-07,4.701210519579216e-06,0.008046414676757957,0.0,0.0,0.0,0.0,0.0,0.0,24%
CUST0119936,DECLINED,INSAGFFICIENT_NET_DISPOSABLE_INCOME,6068.875953047662,7511.28407540165,22034.01866226387,0.0,0.0,0.0,0.0,0.0,0.0,24%
CUST0120021,DECLINED,INSAGFFICIENT_NET_DISPOSABLE_INCOME,3.8267462858951e-07,4.701210519579216e-06,0.008046414676757957,0.0,0.0,0.0,0.0,0.0,0.0,24%
CUST0120099,DECLINED,INSAGFFICIENT_NET_DISPOSABLE_INCOME,3.8267462858951e-07,4.701210519579216e-06,0.008046414676757957,0.0,0.0,0.0,0.0,0.0,0.0,24%
CUST0120170,DECLINED,INSAGFFICIENT_NET_DISPOSABLE_INCOME,3.8267462858951e-07,4.701210519579216e-06,0.008046414676757957,0.0,0.0,0.0,0.0,0.0,0.0,24%
CUST0120197,DECLINED,INSAGFFICIENT_NET_DISPOSABLE_INCOME,3.8267462858951e-07,4.701210519579216e-06,0.008046414676757957,0.0,0.0,0.0,0.0,0.0,0.0,24%
CUST0120316,DECLINED,INSAGFFICIENT_NET_DISPOSABLE_INCOME,3.8267462858951e-07,4.701210519579216e-06,0.008046414676757957,0.0,0.0,0.0,0.0,0.0,0.0,24%
CUST0120329,DECLINED,INSAGFFICIENT_NET_DISPOSABLE_INCOME,3.8267462858951e-07,4.701210519579216e-06,0.008046414676757957,0.0,0.0,0.0,0.0,0.0,0.0,24%
CUST0120453,DECLINED,INSAGFFICIENT_NET_DISPOSABLE_INCOME,3.8267462858951e-07,4.701210519579216e-06,0.008046414676757957,0.0,0.0,0.0,0.0,0.0,0.0,24%
CUST0120483,DECLINED,INSAGFFICIENT_NET_DISPOSABLE_INCOME,3.8267462858951e-07,4.701210519579216e-06,0.008046414676757957,0.0,0.0,0.0,0.0,0.0,0.0,24%
CUST0120525,DECLINED,INSAGFFICIENT_NET_DISPOSABLE_INCOME,3.8267462858951e-07,4.701210519579216e-06,0.008046414676757957,0.0,0.0,0.0,0.0,0.0,0.0,24%
CUST0120526,DECLINED,INSAGFFICIENT_NET_DISPOSABLE_INCOME,3.8267462858951e-07,4.701210519579216e-06,0.008046414676757957,0.0,0.0,0.0,0.0,0.0,0.0,24%
CUST0120552,DECLINED,INSAGFFICIENT_NET_DISPOSABLE_INCOME,4747.886244771992,5055.569299828216,11724.582879693395,0.0,0.0,0.0,0.0,0.0,0.0,24%
CUST0120588,DECLINED,INSAGFFICIENT_NET_DISPOSABLE_INCOME,3.8267462858951e-07,4.701210519579216e-06,0.008046414676757957,0.0,0.0,0.0,0.0,0.0,0.0,24%
CUST0120600,DECLINED,INSAGFFICIENT_NET_DISPOSABLE_INCOME,3.8267462858951e-07,4.701210519579216e-06,0.008046414676757957,0.0,0.0,0.0,0.0,0.0,0.0,24%
CUST0120617,DECLINED,INSAGFFICIENT_NET_DISPOSABLE_INCOME,3.8267462858951e-07,4.701210519579216e-06,0.008046414676757957,0.0,0.0,0.0,0.0,0.0,0.0,24%
CUST0120658,DECLINED,INSAGFFICIENT_NET_DISPOSABLE_INCOME,3.8267462858951e-07,4.701210519579216e-06,0.008046414676757957,0.0,0.0,0.0,0.0,0.0,0.0,24%
CUST0120728,DECLINED,INSAGFFICIENT_NET_DISPOSABLE_INCOME,3902.8171110397566,20106.97126991227,36163.55800138149,0.0,0.0,0.0,0.0,0.0,0.0,24%
CUST0120733,DECLINED,INSAGFFICIENT_NET_DISPOSABLE_INCOME,3.8267462858951e-07,4.701210519579216e-06,0.008046414676757957,0.0,0.0,0.0,0.0,0.0,0.0,24%
CUST0120796,DECLINED,INSAGFFICIENT_NET_DISPOSABLE_INCOME,3.8267462858951e-07,4.701210519579216e-06,0.008046414676757957,0.0,0.0,0.0,0.0,0.0,0.0,24%
CUST0120801,DECLINED,INSAGFFICIENT_NET_DISPOSABLE_INCOME,3.8267462858951e-07,4.701210519579216e-06,0.008046414676757957,0.0,0.0,0.0,0.0,0.0,0.0,24%
CUST0120874,DECLINED,INSAGFFICIENT_NET_DISPOSABLE_INCOME,3.8267462858951e-07,4.701210519579216e-06,0.008046414676757957,0.0,0.0,0.0,0.0,0.0,0.0,24%
CUST0120933,DECLINED,INSAGFFICIENT_NET_DISPOSABLE_INCOME,5678.033583691256,6245.634277193029,18885.34952475023,0.0,0.0,0.0,0.0,0.0,0.0,24%
CUST0120937,DECLINED,INSAGFFICIENT_NET_DISPOSABLE_INCOME,6493.091303342733,8811.361054520004,15459.555620440451,0.0,0.0,0.0,0.0,0.0,0.0,24%
CUST0121024,DECLINED,INSAGFFICIENT_NET_DISPOSABLE_INCOME,3.8267462858951e-07,4.701210519579216e-06,0.008046414676757957,0.0,0.0,0.0,0.0,0.0,0.0,24%
CUST0121036,DECLINED,INSAGFFICIENT_NET_DISPOSABLE_INCOME,3.8267462858951e-07,4.701210519579216e-06,0.008046414676757957,0.0,0.0,0.0,0.0,0.0,0.0,24%
CUST0121046,DECLINED,INSAGFFICIENT_NET_DISPOSABLE_INCOME,3.8267462858951e-07,4.701210519579216e-06,0.008046414676757957,0.0,0.0,0.0,0.0,0.0,0.0,24%
CUST0121058,DECLINED,INSAGFFICIENT_NET_DISPOSABLE_INCOME,3.8267462858951e-07,4.701210519579216e-06,0.008046414676757957,0.0,0.0,0.0,0.0,0.0,0.0,24%
CUST0121136,DECLINED,INSAGFFICIENT_NET_DISPOSABLE_INCOME,3.8267462858951e-07,4.701210519579216e-06,0.008046414676757957,0.0,0.0,0.0,0.0,0.0,0.0,24%
CUST0121147,DECLINED,INSAGFFICIENT_NET_DISPOSABLE_INCOME,3.8267462858951e-07,4.701210519579216e-06,0.008046414676757957,0.0,0.0,0.0,0.0,0.0,0.0,24%
CUST0121197,DECLINED,INSAGFFICIENT_NET_DISPOSABLE_INCOME,3.8267462858951e-07,4.701210519579216e-06,0.008046414676757957,0.0,0.0,0.0,0.0,0.0,0.0,24%
CUST0121227,DECLINED,INSAGFFICIENT_NET_DISPOSABLE_INCOME,3.8267462858951e-07,4.701210519579216e-06,0.008046414676757957,0.0,0.0,0.0,0.0,0.0,0.0,24%
CUST0121230,DECLINED,INSAGFFICIENT_NET_DISPOSABLE_INCOME,3.8267462858951e-07,4.701210519579216e-06,0.008046414676757957,0.0,0.0,0.0,0.0,0.0,0.0,24%
CUST0121283,DECLINED,INSAGFFICIENT_NET_DISPOSABLE_INCOME,3.8267462858951e-07,4.701210519579216e-06,0.008046414676757957,0.0,0.0,0.0,0.0,0.0,0.0,24%
CUST0121302,DECLINED,INSAGFFICIENT_NET_DISPOSABLE_INCOME,3.8267462858951e-07,4.701210519579216e-06,0.008046414676757957,0.0,0.0,0.0,0.0,0.0,0.0,24%
CUST0121340,DECLINED,INSAGFFICIENT_NET_DISPOSABLE_INCOME,5905.875957707751,6148.391300436474,18810.12690349223,0.0,0.0,0.0,0.0,0.0,0.0,24%
CUST0121373,DECLINED,INSAGFFICIENT_NET_DISPOSABLE_INCOME,3.8267462858951e-07,4.701210519579216e-06,0.008046414676757957,0.0,0.0,0.0,0.0,0.0,0.0,24%
CUST0121381,DECLINED,INSAGFFICIENT_NET_DISPOSABLE_INCOME,3.8267462858951e-07,4.701210519579216e-06,0.008046414676757957,0.0,0.0,0.0,0.0,0.0,0.0,24%
CUST0121424,DECLINED,INSAGFFICIENT_NET_DISPOSABLE_INCOME,3.8267462858951e-07,4.701210519579216e-06,0.008046414676757957,0.0,0.0,0.0,0.0,0.0,0.0,24%
CUST0121428,DECLINED,INSAGFFICIENT_NET_DISPOSABLE_INCOME,5775.7528360630195,6074.732541401296,12091.223874717554,0.0,0.0,0.0,0.0,0.0,0.0,24%
CUST0121432,DECLINED,INSAGFFICIENT_NET_DISPOSABLE_INCOME,3.8267462858951e-07,4.701210519579216e-06,0.008046414676757957,0.0,0.0,0.0,0.0,0.0,0.0,24%
CUST0121468,DECLINED,INSAGFFICIENT_NET_DISPOSABLE_INCOME,3.8267462858951e-07,4.701210519579216e-06,0.008046414676757957,0.0,0.0,0.0,0.0,0.0,0.0,24%
CUST0121470,DECLINED,INSAGFFICIENT_NET_DISPOSABLE_INCOME,4586.0558469197695,5063.147820628206,11603.145217717332,0.0,0.0,0.0,0.0,0.0,0.0,24%
CUST0121477,DECLINED,INSAGFFICIENT_NET_DISPOSABLE_INCOME,3.8267462858951e-07,4.701210519579216e-06,0.008046414676757957,0.0,0.0,0.0,0.0,0.0,0.0,24%
CUST0121553,DECLINED,INSAGFFICIENT_NET_DISPOSABLE_INCOME,3.8267462858951e-07,4.701210519579216e-06,0.008046414676757957,0.0,0.0,0.0,0.0,0.0,0.0,24%
CUST0121594,DECLINED,INSAGFFICIENT_NET_DISPOSABLE_INCOME,3.8267462858951e-07,4.701210519579216e-06,0.008046414676757957,0.0,0.0,0.0,0.0,0.0,0.0,24%
CUST0121645,DECLINED,INSAGFFICIENT_NET_DISPOSABLE_INCOME,3.8267462858951e-07,4.701210519579216e-06,0.008046414676757957,0.0,0.0,0.0,0.0,0.0,0.0,24%
CUST0121729,DECLINED,INSAGFFICIENT_NET_DISPOSABLE_INCOME,3.8267462858951e-07,4.701210519579216e-06,0.008046414676757957,0.0,0.0,0.0,0.0,0.0,0.0,24%
CUST0121761,DECLINED,INSAGFFICIENT_NET_DISPOSABLE_INCOME,3.8267462858951e-07,4.701210519579216e-06,0.008046414676757957,0.0,0.0,0.0,0.0,0.0,0.0,24%
CUST0121838,DECLINED,INSAGFFICIENT_NET_DISPOSABLE_INCOME,3902.8171110397566,20106.97126991227,36163.55800138149,0.0,0.0,0.0,0.0,0.0,0.0,24%
CUST0121865,DECLINED,INSAGFFICIENT_NET_DISPOSABLE_INCOME,3.8267462858951e-07,4.701210519579216e-06,0.008046414676757957,0.0,0.0,0.0,0.0,0.0,0.0,24%
CUST0121920,DECLINED,INSAGFFICIENT_NET_DISPOSABLE_INCOME,3.8267462858951e-07,4.701210519579216e-06,0.008046414676757957,0.0,0.0,0.0,0.0,0.0,0.0,24%
CUST0121921,DECLINED,INSAGFFICIENT_NET_DISPOSABLE_INCOME,3.8267462858951e-07,4.701210519579216e-06,0.008046414676757957,0.0,0.0,0.0,0.0,0.0,0.0,24%
CUST0121925,DECLINED,INSAGFFICIENT_NET_DISPOSABLE_INCOME,5146.564252997709,5752.934720560722,18430.695804105773,0.0,0.0,0.0,0.0,0.0,0.0,24%
CUST0121950,DECLINED,INSAGFFICIENT_NET_DISPOSABLE_INCOME,3.8267462858951e-07,4.701210519579216e-06,0.008046414676757957,0.0,0.0,0.0,0.0,0.0,0.0,24%
CUST0121957,DECLINED,INSAGFFICIENT_NET_DISPOSABLE_INCOME,3.8267462858951e-07,4.701210519579216e-06,0.008046414676757957,0.0,0.0,0.0,0.0,0.0,0.0,24%
CUST0121977,DECLINED,INSAGFFICIENT_NET_DISPOSABLE_INCOME,3.8267462858951e-07,4.701210519579216e-06,0.008046414676757957,0.0,0.0,0.0,0.0,0.0,0.0,24%
CUST0122004,DECLINED,INSAGFFICIENT_NET_DISPOSABLE_INCOME,3.8267462858951e-07,4.701210519579216e-06,0.008046414676757957,0.0,0.0,0.0,0.0,0.0,0.0,24%
CUST0122078,DECLINED,INSAGFFICIENT_NET_DISPOSABLE_INCOME,3.8267462858951e-07,4.701210519579216e-06,0.008046414676757957,0.0,0.0,0.0,0.0,0.0,0.0,24%
CUST0122136,DECLINED,INSAGFFICIENT_NET_DISPOSABLE_INCOME,3.8267462858951e-07,4.701210519579216e-06,0.008046414676757957,0.0,0.0,0.0,0.0,0.0,0.0,24%
CUST0122200,DECLINED,INSAGFFICIENT_NET_DISPOSABLE_INCOME,5012.7750821807085,5391.758149622096,18425.358244594514,0.0,0.0,0.0,0.0,0.0,0.0,24%
CUST0122211,DECLINED,INSAGFFICIENT_NET_DISPOSABLE_INCOME,3.8267462858951e-07,4.701210519579216e-06,0.008046414676757957,0.0,0.0,0.0,0.0,0.0,0.0,24%
CUST0122225,DECLINED,INSAGFFICIENT_NET_DISPOSABLE_INCOME,3.8267462858951e-07,4.701210519579216e-06,0.008046414676757957,0.0,0.0,0.0,0.0,0.0,0.0,24%
CUST0122255,DECLINED,INSAGFFICIENT_NET_DISPOSABLE_INCOME,3902.8171110397566,20106.97126991227,36163.55800138149,0.0,0.0,0.0,0.0,0.0,0.0,24%
CUST0122277,DECLINED,INSAGFFICIENT_NET_DISPOSABLE_INCOME,3.8267462858951e-07,4.701210519579216e-06,0.008046414676757957,0.0,0.0,0.0,0.0,0.0,0.0,24%
CUST0122281,DECLINED,INSAGFFICIENT_NET_DISPOSABLE_INCOME,3.8267462858951e-07,4.701210519579216e-06,0.008046414676757957,0.0,0.0,0.0,0.0,0.0,0.0,24%
CUST0122306,DECLINED,INSAGFFICIENT_NET_DISPOSABLE_INCOME,3.8267462858951e-07,4.701210519579216e-06,0.008046414676757957,0.0,0.0,0.0,0.0,0.0,0.0,24%
CUST0122320,DECLINED,INSAGFFICIENT_NET_DISPOSABLE_INCOME,3.8267462858951e-07,4.701210519579216e-06,0.008046414676757957,0.0,0.0,0.0,0.0,0.0,0.0,24%
CUST0122344,DECLINED,INSAGFFICIENT_NET_DISPOSABLE_INCOME,3.8267462858951e-07,4.701210519579216e-06,0.008046414676757957,0.0,0.0,0.0,0.0,0.0,0.0,24%
CUST0122377,DECLINED,INSAGFFICIENT_NET_DISPOSABLE_INCOME,3.8267462858951e-07,4.701210519579216e-06,0.008046414676757957,0.0,0.0,0.0,0.0,0.0,0.0,24%
CUST0122437,DECLINED,INSAGFFICIENT_NET_DISPOSABLE_INCOME,3.8267462858951e-07,4.701210519579216e-06,0.008046414676757957,0.0,0.0,0.0,0.0,0.0,0.0,24%
CUST0122482,DECLINED,INSAGFFICIENT_NET_DISPOSABLE_INCOME,3.8267462858951e-07,4.701210519579216e-06,0.008046414676757957,0.0,0.0,0.0,0.0,0.0,0.0,24%
CUST0122537,DECLINED,INSAGFFICIENT_NET_DISPOSABLE_INCOME,3.8267462858951e-07,4.701210519579216e-06,0.008046414676757957,0.0,0.0,0.0,0.0,0.0,0.0,24%
CUST0122665,DECLINED,INSAGFFICIENT_NET_DISPOSABLE_INCOME,3.8267462858951e-07,4.701210519579216e-06,0.008046414676757957,0.0,0.0,0.0,0.0,0.0,0.0,24%
CUST0122670,DECLINED,INSAGFFICIENT_NET_DISPOSABLE_INCOME,3.8267462858951e-07,4.701210519579216e-06,0.008046414676757957,0.0,0.0,0.0,0.0,0.0,0.0,24%
CUST0122740,DECLINED,INSAGFFICIENT_NET_DISPOSABLE_INCOME,3.8267462858951e-07,4.701210519579216e-06,0.008046414676757957,0.0,0.0,0.0,0.0,0.0,0.0,24%
CUST0122815,DECLINED,INSAGFFICIENT_NET_DISPOSABLE_INCOME,6496.151032956467,9537.446090935744,15818.25291075471,0.0,0.0,0.0,0.0,0.0,0.0,24%
CUST0122914,DECLINED,INSAGFFICIENT_NET_DISPOSABLE_INCOME,3.8267462858951e-07,4.701210519579216e-06,0.008046414676757957,0.0,0.0,0.0,0.0,0.0,0.0,24%
CUST0122940,DECLINED,INSAGFFICIENT_NET_DISPOSABLE_INCOME,3.8267462858951e-07,4.701210519579216e-06,0.008046414676757957,0.0,0.0,0.0,0.0,0.0,0.0,24%
CUST0123025,DECLINED,INSAGFFICIENT_NET_DISPOSABLE_INCOME,3.8267462858951e-07,4.701210519579216e-06,0.008046414676757957,0.0,0.0,0.0,0.0,0.0,0.0,24%
CUST0123036,DECLINED,INSAGFFICIENT_NET_DISPOSABLE_INCOME,3.8267462858951e-07,4.701210519579216e-06,0.008046414676757957,0.0,0.0,0.0,0.0,0.0,0.0,24%
CUST0123069,DECLINED,INSAGFFICIENT_NET_DISPOSABLE_INCOME,3.8267462858951e-07,4.701210519579216e-06,0.008046414676757957,0.0,0.0,0.0,0.0,0.0,0.0,24%
CUST0123073,DECLINED,INSAGFFICIENT_NET_DISPOSABLE_INCOME,3.8267462858951e-07,4.701210519579216e-06,0.008046414676757957,0.0,0.0,0.0,0.0,0.0,0.0,24%
CUST0123196,DECLINED,INSAGFFICIENT_NET_DISPOSABLE_INCOME,3.8267462858951e-07,4.701210519579216e-06,0.008046414676757957,0.0,0.0,0.0,0.0,0.0,0.0,24%
CUST0123342,DECLINED,INSAGFFICIENT_NET_DISPOSABLE_INCOME,3902.8171110397566,20106.97126991227,36163.55800138149,0.0,0.0,0.0,0.0,0.0,0.0,24%
CUST0123413,DECLINED,INSAGFFICIENT_NET_DISPOSABLE_INCOME,3.8267462858951e-07,4.701210519579216e-06,0.008046414676757957,0.0,0.0,0.0,0.0,0.0,0.0,24%
CUST0123424,DECLINED,INSAGFFICIENT_NET_DISPOSABLE_INCOME,3.8267462858951e-07,4.701210519579216e-06,0.008046414676757957,0.0,0.0,0.0,0.0,0.0,0.0,24%
CUST0123470,DECLINED,INSAGFFICIENT_NET_DISPOSABLE_INCOME,6187.970387862061,6444.515736055113,19167.275987674937,0.0,0.0,0.0,0.0,0.0,0.0,24%
CUST0123553,DECLINED,INSAGFFICIENT_NET_DISPOSABLE_INCOME,3.8267462858951e-07,4.701210519579216e-06,0.008046414676757957,0.0,0.0,0.0,0.0,0.0,0.0,24%
CUST0123566,DECLINED,INSAGFFICIENT_NET_DISPOSABLE_INCOME,3.8267462858951e-07,4.701210519579216e-06,0.008046414676757957,0.0,0.0,0.0,0.0,0.0,0.0,24%
CUST0123613,DECLINED,INSAGFFICIENT_NET_DISPOSABLE_INCOME,6497.862515633288,9878.439868084142,15818.25291075471,0.0,0.0,0.0,0.0,0.0,0.0,24%
CUST0123667,DECLINED,INSAGFFICIENT_NET_DISPOSABLE_INCOME,3.8267462858951e-07,4.701210519579216e-06,0.008046414676757957,0.0,0.0,0.0,0.0,0.0,0.0,24%
CUST0123783,DECLINED,INSAGFFICIENT_NET_DISPOSABLE_INCOME,3.8267462858951e-07,4.701210519579216e-06,0.008046414676757957,0.0,0.0,0.0,0.0,0.0,0.0,24%
CUST0123841,DECLINED,INSAGFFICIENT_NET_DISPOSABLE_INCOME,3.8267462858951e-07,4.701210519579216e-06,0.008046414676757957,0.0,0.0,0.0,0.0,0.0,0.0,24%
CUST0123954,DECLINED,INSAGFFICIENT_NET_DISPOSABLE_INCOME,3.8267462858951e-07,4.701210519579216e-06,0.008046414676757957,0.0,0.0,0.0,0.0,0.0,0.0,24%
CUST0123991,DECLINED,INSAGFFICIENT_NET_DISPOSABLE_INCOME,3.8267462858951e-07,4.701210519579216e-06,0.008046414676757957,0.0,0.0,0.0,0.0,0.0,0.0,24%
CUST0124028,DECLINED,INSAGFFICIENT_NET_DISPOSABLE_INCOME,3.8267462858951e-07,4.701210519579216e-06,0.008046414676757957,0.0,0.0,0.0,0.0,0.0,0.0,24%
CUST0124097,DECLINED,INSAGFFICIENT_NET_DISPOSABLE_INCOME,3.8267462858951e-07,4.701210519579216e-06,0.008046414676757957,0.0,0.0,0.0,0.0,0.0,0.0,24%
CUST0124184,DECLINED,INSAGFFICIENT_NET_DISPOSABLE_INCOME,3.8267462858951e-07,4.701210519579216e-06,0.008046414676757957,0.0,0.0,0.0,0.0,0.0,0.0,24%
CUST0124208,DECLINED,INSAGFFICIENT_NET_DISPOSABLE_INCOME,3902.8171110397566,20106.97126991227,36163.55800138149,0.0,0.0,0.0,0.0,0.0,0.0,24%
CUST0124231,DECLINED,INSAGFFICIENT_NET_DISPOSABLE_INCOME,4609.288217627398,4689.870821496786,18192.877334534933,0.0,0.0,0.0,0.0,0.0,0.0,24%
CUST0124260,DECLINED,INSAGFFICIENT_NET_DISPOSABLE_INCOME,3.8267462858951e-07,4.701210519579216e-06,0.008046414676757957,0.0,0.0,0.0,0.0,0.0,0.0,24%
CUST0124279,DECLINED,INSAGFFICIENT_NET_DISPOSABLE_INCOME,3.8267462858951e-07,4.701210519579216e-06,0.008046414676757957,0.0,0.0,0.0,0.0,0.0,0.0,24%
CUST0124371,DECLINED,INSAGFFICIENT_NET_DISPOSABLE_INCOME,3.8267462858951e-07,4.701210519579216e-06,0.008046414676757957,0.0,0.0,0.0,0.0,0.0,0.0,24%
CUST0124379,DECLINED,INSAGFFICIENT_NET_DISPOSABLE_INCOME,3.8267462858951e-07,4.701210519579216e-06,0.008046414676757957,0.0,0.0,0.0,0.0,0.0,0.0,24%
CUST0124419,DECLINED,INSAGFFICIENT_NET_DISPOSABLE_INCOME,3.8267462858951e-07,4.701210519579216e-06,0.008046414676757957,0.0,0.0,0.0,0.0,0.0,0.0,24%
CUST0124485,DECLINED,INSAGFFICIENT_NET_DISPOSABLE_INCOME,3.8267462858951e-07,4.701210519579216e-06,0.008046414676757957,0.0,0.0,0.0,0.0,0.0,0.0,24%
CUST0124504,DECLINED,INSAGFFICIENT_NET_DISPOSABLE_INCOME,3.8267462858951e-07,4.701210519579216e-06,0.008046414676757957,0.0,0.0,0.0,0.0,0.0,0.0,24%
CUST0124521,DECLINED,INSAGFFICIENT_NET_DISPOSABLE_INCOME,3.8267462858951e-07,4.701210519579216e-06,0.008046414676757957,0.0,0.0,0.0,0.0,0.0,0.0,24%
CUST0124622,DECLINED,INSAGFFICIENT_NET_DISPOSABLE_INCOME,3.8267462858951e-07,4.701210519579216e-06,0.008046414676757957,0.0,0.0,0.0,0.0,0.0,0.0,24%
CUST0124650,DECLINED,INSAGFFICIENT_NET_DISPOSABLE_INCOME,3.8267462858951e-07,4.701210519579216e-06,0.008046414676757957,0.0,0.0,0.0,0.0,0.0,0.0,24%
CUST0124724,DECLINED,INSAGFFICIENT_NET_DISPOSABLE_INCOME,3902.8171110397566,20106.97126991227,36163.55800138149,0.0,0.0,0.0,0.0,0.0,0.0,24%
CUST0124803,DECLINED,INSAGFFICIENT_NET_DISPOSABLE_INCOME,3.8267462858951e-07,4.701210519579216e-06,0.008046414676757957,0.0,0.0,0.0,0.0,0.0,0.0,24%
CUST0124814,DECLINED,INSAGFFICIENT_NET_DISPOSABLE_INCOME,3.8267462858951e-07,4.701210519579216e-06,0.008046414676757957,0.0,0.0,0.0,0.0,0.0,0.0,24%
CUST0124858,DECLINED,INSAGFFICIENT_NET_DISPOSABLE_INCOME,3.8267462858951e-07,4.701210519579216e-06,0.008046414676757957,0.0,0.0,0.0,0.0,0.0,0.0,24%
CUST0124864,DECLINED,INSAGFFICIENT_NET_DISPOSABLE_INCOME,3.8267462858951e-07,4.701210519579216e-06,0.008046414676757957,0.0,0.0,0.0,0.0,0.0,0.0,24%
CUST0124930,DECLINED,INSAGFFICIENT_NET_DISPOSABLE_INCOME,3.8267462858951e-07,4.701210519579216e-06,0.008046414676757957,0.0,0.0,0.0,0.0,0.0,0.0,24%
CUST0124934,DECLINED,INSAGFFICIENT_NET_DISPOSABLE_INCOME,3.8267462858951e-07,4.701210519579216e-06,0.008046414676757957,0.0,0.0,0.0,0.0,0.0,0.0,24%
CUST0124984,DECLINED,INSAGFFICIENT_NET_DISPOSABLE_INCOME,3.8267462858951e-07,4.701210519579216e-06,0.008046414676757957,0.0,0.0,0.0,0.0,0.0,0.0,24%
CUST0124993,DECLINED,INSAGFFICIENT_NET_DISPOSABLE_INCOME,3.8267462858951e-07,4.701210519579216e-06,0.008046414676757957,0.0,0.0,0.0,0.0,0.0,0.0,24%
CUST0125071,DECLINED,INSAGFFICIENT_NET_DISPOSABLE_INCOME,3.8267462858951e-07,4.701210519579216e-06,0.008046414676757957,0.0,0.0,0.0,0.0,0.0,0.0,24%
CUST0125177,DECLINED,INSAGFFICIENT_NET_DISPOSABLE_INCOME,3.8267462858951e-07,4.701210519579216e-06,0.008046414676757957,0.0,0.0,0.0,0.0,0.0,0.0,24%
CUST0125183,DECLINED,INSAGFFICIENT_NET_DISPOSABLE_INCOME,3.8267462858951e-07,4.701210519579216e-06,0.008046414676757957,0.0,0.0,0.0,0.0,0.0,0.0,24%
CUST0125208,DECLINED,INSAGFFICIENT_NET_DISPOSABLE_INCOME,3.8267462858951e-07,4.701210519579216e-06,0.008046414676757957,0.0,0.0,0.0,0.0,0.0,0.0,24%
CUST0125438,DECLINED,INSAGFFICIENT_NET_DISPOSABLE_INCOME,3.8267462858951e-07,4.701210519579216e-06,0.008046414676757957,0.0,0.0,0.0,0.0,0.0,0.0,24%
CUST0125445,DECLINED,INSAGFFICIENT_NET_DISPOSABLE_INCOME,3.8267462858951e-07,4.701210519579216e-06,0.008046414676757957,0.0,0.0,0.0,0.0,0.0,0.0,24%
CUST0125514,DECLINED,INSAGFFICIENT_NET_DISPOSABLE_INCOME,3.8267462858951e-07,4.701210519579216e-06,0.008046414676757957,0.0,0.0,0.0,0.0,0.0,0.0,24%
CUST0125549,DECLINED,INSAGFFICIENT_NET_DISPOSABLE_INCOME,3.8267462858951e-07,4.701210519579216e-06,0.008046414676757957,0.0,0.0,0.0,0.0,0.0,0.0,24%
CUST0125772,DECLINED,INSAGFFICIENT_NET_DISPOSABLE_INCOME,3.8267462858951e-07,4.701210519579216e-06,0.008046414676757957,0.0,0.0,0.0,0.0,0.0,0.0,24%
CUST0125781,DECLINED,INSAGFFICIENT_NET_DISPOSABLE_INCOME,3.8267462858951e-07,4.701210519579216e-06,0.008046414676757957,0.0,0.0,0.0,0.0,0.0,0.0,24%
CUST0125831,DECLINED,INSAGFFICIENT_NET_DISPOSABLE_INCOME,3.8267462858951e-07,4.701210519579216e-06,0.008046414676757957,0.0,0.0,0.0,0.0,0.0,0.0,24%
CUST0125890,DECLINED,INSAGFFICIENT_NET_DISPOSABLE_INCOME,4901.0213566016055,5188.248791609606,19042.780256276965,0.0,0.0,0.0,0.0,0.0,0.0,24%
CUST0125921,DECLINED,INSAGFFICIENT_NET_DISPOSABLE_INCOME,3.8267462858951e-07,4.701210519579216e-06,0.008046414676757957,0.0,0.0,0.0,0.0,0.0,0.0,24%
CUST0125974,DECLINED,INSAGFFICIENT_NET_DISPOSABLE_INCOME,3.8267462858951e-07,4.701210519579216e-06,0.008046414676757957,0.0,0.0,0.0,0.0,0.0,0.0,24%
CUST0126068,DECLINED,INSAGFFICIENT_NET_DISPOSABLE_INCOME,3.8267462858951e-07,4.701210519579216e-06,0.008046414676757957,0.0,0.0,0.0,0.0,0.0,0.0,24%
CUST0126093,DECLINED,INSAGFFICIENT_NET_DISPOSABLE_INCOME,3.8267462858951e-07,4.701210519579216e-06,0.008046414676757957,0.0,0.0,0.0,0.0,0.0,0.0,24%
CUST0126170,DECLINED,INSAGFFICIENT_NET_DISPOSABLE_INCOME,3.8267462858951e-07,4.701210519579216e-06,0.008046414676757957,0.0,0.0,0.0,0.0,0.0,0.0,24%
CUST0126274,DECLINED,INSAGFFICIENT_NET_DISPOSABLE_INCOME,3.8267462858951e-07,4.701210519579216e-06,0.008046414676757957,0.0,0.0,0.0,0.0,0.0,0.0,24%
CUST0126346,DECLINED,INSAGFFICIENT_NET_DISPOSABLE_INCOME,3.8267462858951e-07,4.701210519579216e-06,0.008046414676757957,0.0,0.0,0.0,0.0,0.0,0.0,24%
CUST0126379,DECLINED,INSAGFFICIENT_NET_DISPOSABLE_INCOME,3.8267462858951e-07,4.701210519579216e-06,0.008046414676757957,0.0,0.0,0.0,0.0,0.0,0.0,24%
CUST0126391,DECLINED,INSAGFFICIENT_NET_DISPOSABLE_INCOME,3.8267462858951e-07,4.701210519579216e-06,0.008046414676757957,0.0,0.0,0.0,0.0,0.0,0.0,24%
CUST0126407,DECLINED,INSAGFFICIENT_NET_DISPOSABLE_INCOME,6575.9369433630645,6636.104251782896,18481.467602400062,0.0,0.0,0.0,0.0,0.0,0.0,24%
CUST0126576,DECLINED,INSAGFFICIENT_NET_DISPOSABLE_INCOME,3.8267462858951e-07,4.701210519579216e-06,0.008046414676757957,0.0,0.0,0.0,0.0,0.0,0.0,24%
CUST0126665,DECLINED,INSAGFFICIENT_NET_DISPOSABLE_INCOME,6445.09709922988,7066.71983565714,17328.69917558209,0.0,0.0,0.0,0.0,0.0,0.0,24%
CUST0126692,DECLINED,INSAGFFICIENT_NET_DISPOSABLE_INCOME,3.8267462858951e-07,4.701210519579216e-06,0.008046414676757957,0.0,0.0,0.0,0.0,0.0,0.0,24%
CUST0126694,DECLINED,INSAGFFICIENT_NET_DISPOSABLE_INCOME,3.8267462858951e-07,4.701210519579216e-06,0.008046414676757957,0.0,0.0,0.0,0.0,0.0,0.0,24%
CUST0126762,DECLINED,INSAGFFICIENT_NET_DISPOSABLE_INCOME,3.8267462858951e-07,4.701210519579216e-06,0.008046414676757957,0.0,0.0,0.0,0.0,0.0,0.0,24%
CUST0126771,DECLINED,INSAGFFICIENT_NET_DISPOSABLE_INCOME,3.8267462858951e-07,4.701210519579216e-06,0.008046414676757957,0.0,0.0,0.0,0.0,0.0,0.0,24%
CUST0126805,DECLINED,INSAGFFICIENT_NET_DISPOSABLE_INCOME,3.8267462858951e-07,4.701210519579216e-06,0.008046414676757957,0.0,0.0,0.0,0.0,0.0,0.0,24%
CUST0126889,DECLINED,INSAGFFICIENT_NET_DISPOSABLE_INCOME,3.8267462858951e-07,4.701210519579216e-06,0.008046414676757957,0.0,0.0,0.0,0.0,0.0,0.0,24%
CUST0127035,DECLINED,INSAGFFICIENT_NET_DISPOSABLE_INCOME,2499.215469587377,3794.744358983006,18740.220629369203,0.0,0.0,0.0,0.0,0.0,0.0,24%
CUST0127078,DECLINED,INSAGFFICIENT_NET_DISPOSABLE_INCOME,3.8267462858951e-07,4.701210519579216e-06,0.008046414676757957,0.0,0.0,0.0,0.0,0.0,0.0,24%
CUST0127097,DECLINED,INSAGFFICIENT_NET_DISPOSABLE_INCOME,3.8267462858951e-07,4.701210519579216e-06,0.008046414676757957,0.0,0.0,0.0,0.0,0.0,0.0,24%
CUST0127216,DECLINED,INSAGFFICIENT_NET_DISPOSABLE_INCOME,3.8267462858951e-07,4.701210519579216e-06,0.008046414676757957,0.0,0.0,0.0,0.0,0.0,0.0,24%
CUST0127254,DECLINED,INSAGFFICIENT_NET_DISPOSABLE_INCOME,3.8267462858951e-07,4.701210519579216e-06,0.008046414676757957,0.0,0.0,0.0,0.0,0.0,0.0,24%
CUST0127336,DECLINED,INSAGFFICIENT_NET_DISPOSABLE_INCOME,3.8267462858951e-07,4.701210519579216e-06,0.008046414676757957,0.0,0.0,0.0,0.0,0.0,0.0,24%
CUST0127369,DECLINED,INSAGFFICIENT_NET_DISPOSABLE_INCOME,3.8267462858951e-07,4.701210519579216e-06,0.008046414676757957,0.0,0.0,0.0,0.0,0.0,0.0,24%
CUST0127407,DECLINED,INSAGFFICIENT_NET_DISPOSABLE_INCOME,3.8267462858951e-07,4.701210519579216e-06,0.008046414676757957,0.0,0.0,0.0,0.0,0.0,0.0,24%
CUST0127417,DECLINED,INSAGFFICIENT_NET_DISPOSABLE_INCOME,3.8267462858951e-07,4.701210519579216e-06,0.008046414676757957,0.0,0.0,0.0,0.0,0.0,0.0,24%
CUST0127534,DECLINED,INSAGFFICIENT_NET_DISPOSABLE_INCOME,5344.713020478332,5399.001664035501,12628.098065761304,0.0,0.0,0.0,0.0,0.0,0.0,24%
CUST0127567,DECLINED,INSAGFFICIENT_NET_DISPOSABLE_INCOME,3.8267462858951e-07,4.701210519579216e-06,0.008046414676757957,0.0,0.0,0.0,0.0,0.0,0.0,24%
CUST0127571,DECLINED,INSAGFFICIENT_NET_DISPOSABLE_INCOME,3.8267462858951e-07,4.701210519579216e-06,0.008046414676757957,0.0,0.0,0.0,0.0,0.0,0.0,24%
CUST0127586,DECLINED,INSAGFFICIENT_NET_DISPOSABLE_INCOME,3.8267462858951e-07,4.701210519579216e-06,0.008046414676757957,0.0,0.0,0.0,0.0,0.0,0.0,24%
CUST0127654,DECLINED,INSAGFFICIENT_NET_DISPOSABLE_INCOME,5016.987936406088,5180.277885919794,11954.63490575124,0.0,0.0,0.0,0.0,0.0,0.0,24%
CUST0127708,DECLINED,INSAGFFICIENT_NET_DISPOSABLE_INCOME,3.8267462858951e-07,4.701210519579216e-06,0.008046414676757957,0.0,0.0,0.0,0.0,0.0,0.0,24%
CUST0127738,DECLINED,INSAGFFICIENT_NET_DISPOSABLE_INCOME,3.8267462858951e-07,4.701210519579216e-06,0.008046414676757957,0.0,0.0,0.0,0.0,0.0,0.0,24%
CUST0127842,DECLINED,INSAGFFICIENT_NET_DISPOSABLE_INCOME,3.8267462858951e-07,4.701210519579216e-06,0.008046414676757957,0.0,0.0,0.0,0.0,0.0,0.0,24%
CUST0127956,DECLINED,INSAGFFICIENT_NET_DISPOSABLE_INCOME,3.8267462858951e-07,4.701210519579216e-06,0.008046414676757957,0.0,0.0,0.0,0.0,0.0,0.0,24%
CUST0128089,DECLINED,INSAGFFICIENT_NET_DISPOSABLE_INCOME,3.8267462858951e-07,4.701210519579216e-06,0.008046414676757957,0.0,0.0,0.0,0.0,0.0,0.0,24%
CUST0128111,DECLINED,INSAGFFICIENT_NET_DISPOSABLE_INCOME,3.8267462858951e-07,4.701210519579216e-06,0.008046414676757957,0.0,0.0,0.0,0.0,0.0,0.0,24%
CUST0128232,DECLINED,INSAGFFICIENT_NET_DISPOSABLE_INCOME,3.8267462858951e-07,4.701210519579216e-06,0.008046414676757957,0.0,0.0,0.0,0.0,0.0,0.0,24%
CUST0128240,DECLINED,INSAGFFICIENT_NET_DISPOSABLE_INCOME,3.8267462858951e-07,4.701210519579216e-06,0.008046414676757957,0.0,0.0,0.0,0.0,0.0,0.0,24%
CUST0128260,DECLINED,INSAGFFICIENT_NET_DISPOSABLE_INCOME,3.8267462858951e-07,4.701210519579216e-06,0.008046414676757957,0.0,0.0,0.0,0.0,0.0,0.0,24%
CUST0128298,DECLINED,INSAGFFICIENT_NET_DISPOSABLE_INCOME,5570.6781496782,6001.62051736048,18458.21297004699,0.0,0.0,0.0,0.0,0.0,0.0,24%
CUST0128394,DECLINED,INSAGFFICIENT_NET_DISPOSABLE_INCOME,3.8267462858951e-07,4.701210519579216e-06,0.008046414676757957,0.0,0.0,0.0,0.0,0.0,0.0,24%
CUST0128488,DECLINED,INSAGFFICIENT_NET_DISPOSABLE_INCOME,3.8267462858951e-07,4.701210519579216e-06,0.008046414676757957,0.0,0.0,0.0,0.0,0.0,0.0,24%
CUST0128528,DECLINED,INSAGFFICIENT_NET_DISPOSABLE_INCOME,3.8267462858951e-07,4.701210519579216e-06,0.008046414676757957,0.0,0.0,0.0,0.0,0.0,0.0,24%
CUST0128596,DECLINED,INSAGFFICIENT_NET_DISPOSABLE_INCOME,3.8267462858951e-07,4.701210519579216e-06,0.008046414676757957,0.0,0.0,0.0,0.0,0.0,0.0,24%
CUST0128654,DECLINED,INSAGFFICIENT_NET_DISPOSABLE_INCOME,3.8267462858951e-07,4.701210519579216e-06,0.008046414676757957,0.0,0.0,0.0,0.0,0.0,0.0,24%
CUST0128705,DECLINED,INSAGFFICIENT_NET_DISPOSABLE_INCOME,3.8267462858951e-07,4.701210519579216e-06,0.008046414676757957,0.0,0.0,0.0,0.0,0.0,0.0,24%
CUST0128836,DECLINED,INSAGFFICIENT_NET_DISPOSABLE_INCOME,3.8267462858951e-07,4.701210519579216e-06,0.008046414676757957,0.0,0.0,0.0,0.0,0.0,0.0,24%
CUST0128857,DECLINED,INSAGFFICIENT_NET_DISPOSABLE_INCOME,3.8267462858951e-07,4.701210519579216e-06,0.008046414676757957,0.0,0.0,0.0,0.0,0.0,0.0,24%
CUST0128880,DECLINED,INSAGFFICIENT_NET_DISPOSABLE_INCOME,3.8267462858951e-07,4.701210519579216e-06,0.008046414676757957,0.0,0.0,0.0,0.0,0.0,0.0,24%
CUST0128896,DECLINED,INSAGFFICIENT_NET_DISPOSABLE_INCOME,3.8267462858951e-07,4.701210519579216e-06,0.008046414676757957,0.0,0.0,0.0,0.0,0.0,0.0,24%
CUST0128960,DECLINED,INSAGFFICIENT_NET_DISPOSABLE_INCOME,3.8267462858951e-07,4.701210519579216e-06,0.008046414676757957,0.0,0.0,0.0,0.0,0.0,0.0,24%
CUST0128970,DECLINED,INSAGFFICIENT_NET_DISPOSABLE_INCOME,3.8267462858951e-07,4.701210519579216e-06,0.008046414676757957,0.0,0.0,0.0,0.0,0.0,0.0,24%
CUST0128989,DECLINED,INSAGFFICIENT_NET_DISPOSABLE_INCOME,3.8267462858951e-07,4.701210519579216e-06,0.008046414676757957,0.0,0.0,0.0,0.0,0.0,0.0,24%
CUST0128999,DECLINED,INSAGFFICIENT_NET_DISPOSABLE_INCOME,3.8267462858951e-07,4.701210519579216e-06,0.008046414676757957,0.0,0.0,0.0,0.0,0.0,0.0,24%
CUST0129163,DECLINED,INSAGFFICIENT_NET_DISPOSABLE_INCOME,3.8267462858951e-07,4.701210519579216e-06,0.008046414676757957,0.0,0.0,0.0,0.0,0.0,0.0,24%
CUST0129165,DECLINED,INSAGFFICIENT_NET_DISPOSABLE_INCOME,3.8267462858951e-07,4.701210519579216e-06,0.008046414676757957,0.0,0.0,0.0,0.0,0.0,0.0,24%
CUST0129291,DECLINED,INSAGFFICIENT_NET_DISPOSABLE_INCOME,3.8267462858951e-07,4.701210519579216e-06,0.008046414676757957,0.0,0.0,0.0,0.0,0.0,0.0,24%
CUST0129299,DECLINED,INSAGFFICIENT_NET_DISPOSABLE_INCOME,3.8267462858951e-07,4.701210519579216e-06,0.008046414676757957,0.0,0.0,0.0,0.0,0.0,0.0,24%
CUST0129319,DECLINED,INSAGFFICIENT_NET_DISPOSABLE_INCOME,3.8267462858951e-07,4.701210519579216e-06,0.008046414676757957,0.0,0.0,0.0,0.0,0.0,0.0,24%
CUST0129329,DECLINED,INSAGFFICIENT_NET_DISPOSABLE_INCOME,3.8267462858951e-07,4.701210519579216e-06,0.008046414676757957,0.0,0.0,0.0,0.0,0.0,0.0,24%
CUST0129343,DECLINED,INSAGFFICIENT_NET_DISPOSABLE_INCOME,3.8267462858951e-07,4.701210519579216e-06,0.008046414676757957,0.0,0.0,0.0,0.0,0.0,0.0,24%
CUST0129345,DECLINED,INSAGFFICIENT_NET_DISPOSABLE_INCOME,3.8267462858951e-07,4.701210519579216e-06,0.008046414676757957,0.0,0.0,0.0,0.0,0.0,0.0,24%
CUST0129474,DECLINED,INSAGFFICIENT_NET_DISPOSABLE_INCOME,3.8267462858951e-07,4.701210519579216e-06,0.008046414676757957,0.0,0.0,0.0,0.0,0.0,0.0,24%
CUST0129485,DECLINED,INSAGFFICIENT_NET_DISPOSABLE_INCOME,3.8267462858951e-07,4.701210519579216e-06,0.008046414676757957,0.0,0.0,0.0,0.0,0.0,0.0,24%
CUST0129545,DECLINED,INSAGFFICIENT_NET_DISPOSABLE_INCOME,3.8267462858951e-07,4.701210519579216e-06,0.008046414676757957,0.0,0.0,0.0,0.0,0.0,0.0,24%
CUST0129563,DECLINED,INSAGFFICIENT_NET_DISPOSABLE_INCOME,3.8267462858951e-07,4.701210519579216e-06,0.008046414676757957,0.0,0.0,0.0,0.0,0.0,0.0,24%
CUST0129580,DECLINED,INSAGFFICIENT_NET_DISPOSABLE_INCOME,3.8267462858951e-07,4.701210519579216e-06,0.008046414676757957,0.0,0.0,0.0,0.0,0.0,0.0,24%
CUST0129636,DECLINED,INSAGFFICIENT_NET_DISPOSABLE_INCOME,3902.8171110397566,20106.97126991227,36163.55800138149,0.0,0.0,0.0,0.0,0.0,0.0,24%
CUST0129709,DECLINED,INSAGFFICIENT_NET_DISPOSABLE_INCOME,3.8267462858951e-07,4.701210519579216e-06,0.008046414676757957,0.0,0.0,0.0,0.0,0.0,0.0,24%
CUST0129863,DECLINED,INSAGFFICIENT_NET_DISPOSABLE_INCOME,3.8267462858951e-07,4.701210519579216e-06,0.008046414676757957,0.0,0.0,0.0,0.0,0.0,0.0,24%
CUST0129954,DECLINED,INSAGFFICIENT_NET_DISPOSABLE_INCOME,3.8267462858951e-07,4.701210519579216e-06,0.008046414676757957,0.0,0.0,0.0,0.0,0.0,0.0,24%
CUST0129991,DECLINED,INSAGFFICIENT_NET_DISPOSABLE_INCOME,6519.428015408622,7608.474094849414,21791.833427146074,0.0,0.0,0.0,0.0,0.0,0.0,24%
CUST0130020,DECLINED,INSAGFFICIENT_NET_DISPOSABLE_INCOME,3.8267462858951e-07,4.701210519579216e-06,0.008046414676757957,0.0,0.0,0.0,0.0,0.0,0.0,24%
CUST0130183,DECLINED,INSAGFFICIENT_NET_DISPOSABLE_INCOME,3.8267462858951e-07,4.701210519579216e-06,0.008046414676757957,0.0,0.0,0.0,0.0,0.0,0.0,24%
CUST0130257,DECLINED,INSAGFFICIENT_NET_DISPOSABLE_INCOME,3.8267462858951e-07,4.701210519579216e-06,0.008046414676757957,0.0,0.0,0.0,0.0,0.0,0.0,24%
CUST0130270,DECLINED,INSAGFFICIENT_NET_DISPOSABLE_INCOME,3.8267462858951e-07,4.701210519579216e-06,0.008046414676757957,0.0,0.0,0.0,0.0,0.0,0.0,24%
CUST0130281,DECLINED,INSAGFFICIENT_NET_DISPOSABLE_INCOME,3.8267462858951e-07,4.701210519579216e-06,0.008046414676757957,0.0,0.0,0.0,0.0,0.0,0.0,24%
CUST0130321,DECLINED,INSAGFFICIENT_NET_DISPOSABLE_INCOME,3.8267462858951e-07,4.701210519579216e-06,0.008046414676757957,0.0,0.0,0.0,0.0,0.0,0.0,24%
CUST0130332,DECLINED,INSAGFFICIENT_NET_DISPOSABLE_INCOME,5992.68241705242,6983.703345076394,13331.196782682884,0.0,0.0,0.0,0.0,0.0,0.0,24%
CUST0130350,DECLINED,INSAGFFICIENT_NET_DISPOSABLE_INCOME,3.8267462858951e-07,4.701210519579216e-06,0.008046414676757957,0.0,0.0,0.0,0.0,0.0,0.0,24%
CUST0130380,DECLINED,INSAGFFICIENT_NET_DISPOSABLE_INCOME,3.8267462858951e-07,4.701210519579216e-06,0.008046414676757957,0.0,0.0,0.0,0.0,0.0,0.0,24%
CUST0130408,DECLINED,INSAGFFICIENT_NET_DISPOSABLE_INCOME,3.8267462858951e-07,4.701210519579216e-06,0.008046414676757957,0.0,0.0,0.0,0.0,0.0,0.0,24%
CUST0130457,DECLINED,INSAGFFICIENT_NET_DISPOSABLE_INCOME,3.8267462858951e-07,4.701210519579216e-06,0.008046414676757957,0.0,0.0,0.0,0.0,0.0,0.0,24%
CUST0130467,DECLINED,INSAGFFICIENT_NET_DISPOSABLE_INCOME,6001.375229306301,6994.77646078605,13878.022107466726,0.0,0.0,0.0,0.0,0.0,0.0,24%
CUST0130474,DECLINED,INSAGFFICIENT_NET_DISPOSABLE_INCOME,3.8267462858951e-07,4.701210519579216e-06,0.008046414676757957,0.0,0.0,0.0,0.0,0.0,0.0,24%
CUST0130477,DECLINED,INSAGFFICIENT_NET_DISPOSABLE_INCOME,3.8267462858951e-07,4.701210519579216e-06,0.008046414676757957,0.0,0.0,0.0,0.0,0.0,0.0,24%
CUST0130586,DECLINED,INSAGFFICIENT_NET_DISPOSABLE_INCOME,3.8267462858951e-07,4.701210519579216e-06,0.008046414676757957,0.0,0.0,0.0,0.0,0.0,0.0,24%
CUST0130594,DECLINED,INSAGFFICIENT_NET_DISPOSABLE_INCOME,3.8267462858951e-07,4.701210519579216e-06,0.008046414676757957,0.0,0.0,0.0,0.0,0.0,0.0,24%
CUST0130710,DECLINED,INSAGFFICIENT_NET_DISPOSABLE_INCOME,3.8267462858951e-07,4.701210519579216e-06,0.008046414676757957,0.0,0.0,0.0,0.0,0.0,0.0,24%
CUST0130724,DECLINED,INSAGFFICIENT_NET_DISPOSABLE_INCOME,3.8267462858951e-07,4.701210519579216e-06,0.008046414676757957,0.0,0.0,0.0,0.0,0.0,0.0,24%
CUST0130745,DECLINED,INSAGFFICIENT_NET_DISPOSABLE_INCOME,6440.510930395919,6647.531796812197,17929.757542018837,0.0,0.0,0.0,0.0,0.0,0.0,24%
CUST0130769,DECLINED,INSAGFFICIENT_NET_DISPOSABLE_INCOME,3.8267462858951e-07,4.701210519579216e-06,0.008046414676757957,0.0,0.0,0.0,0.0,0.0,0.0,24%
CUST0130779,DECLINED,INSAGFFICIENT_NET_DISPOSABLE_INCOME,3.8267462858951e-07,4.701210519579216e-06,0.008046414676757957,0.0,0.0,0.0,0.0,0.0,0.0,24%
CUST0130780,DECLINED,INSAGFFICIENT_NET_DISPOSABLE_INCOME,3.8267462858951e-07,4.701210519579216e-06,0.008046414676757957,0.0,0.0,0.0,0.0,0.0,0.0,24%
CUST0130797,DECLINED,INSAGFFICIENT_NET_DISPOSABLE_INCOME,3.8267462858951e-07,4.701210519579216e-06,0.008046414676757957,0.0,0.0,0.0,0.0,0.0,0.0,24%
CUST0130835,DECLINED,INSAGFFICIENT_NET_DISPOSABLE_INCOME,3.8267462858951e-07,4.701210519579216e-06,0.008046414676757957,0.0,0.0,0.0,0.0,0.0,0.0,24%
CUST0130898,DECLINED,INSAGFFICIENT_NET_DISPOSABLE_INCOME,3.8267462858951e-07,4.701210519579216e-06,0.008046414676757957,0.0,0.0,0.0,0.0,0.0,0.0,24%
CUST0130921,DECLINED,INSAGFFICIENT_NET_DISPOSABLE_INCOME,3.8267462858951e-07,4.701210519579216e-06,0.008046414676757957,0.0,0.0,0.0,0.0,0.0,0.0,24%
CUST0130931,DECLINED,INSAGFFICIENT_NET_DISPOSABLE_INCOME,3.8267462858951e-07,4.701210519579216e-06,0.008046414676757957,0.0,0.0,0.0,0.0,0.0,0.0,24%
CUST0131048,DECLINED,INSAGFFICIENT_NET_DISPOSABLE_INCOME,6495.295029957094,7166.979898621308,19082.46041283843,0.0,0.0,0.0,0.0,0.0,0.0,24%
CUST0131053,DECLINED,INSAGFFICIENT_NET_DISPOSABLE_INCOME,3.8267462858951e-07,4.701210519579216e-06,0.008046414676757957,0.0,0.0,0.0,0.0,0.0,0.0,24%
CUST0131141,DECLINED,INSAGFFICIENT_NET_DISPOSABLE_INCOME,3.8267462858951e-07,4.701210519579216e-06,0.008046414676757957,0.0,0.0,0.0,0.0,0.0,0.0,24%
CUST0131181,DECLINED,INSAGFFICIENT_NET_DISPOSABLE_INCOME,3.8267462858951e-07,4.701210519579216e-06,0.008046414676757957,0.0,0.0,0.0,0.0,0.0,0.0,24%
CUST0131208,DECLINED,INSAGFFICIENT_NET_DISPOSABLE_INCOME,6516.981430402084,10706.526704235637,15818.25291075471,0.0,0.0,0.0,0.0,0.0,0.0,24%
CUST0131263,DECLINED,INSAGFFICIENT_NET_DISPOSABLE_INCOME,3.8267462858951e-07,4.701210519579216e-06,0.008046414676757957,0.0,0.0,0.0,0.0,0.0,0.0,24%
CUST0131554,DECLINED,INSAGFFICIENT_NET_DISPOSABLE_INCOME,3.8267462858951e-07,4.701210519579216e-06,0.008046414676757957,0.0,0.0,0.0,0.0,0.0,0.0,24%
CUST0131642,DECLINED,INSAGFFICIENT_NET_DISPOSABLE_INCOME,4579.373065378868,5446.19543761584,18430.695804105773,0.0,0.0,0.0,0.0,0.0,0.0,24%
CUST0131881,DECLINED,INSAGFFICIENT_NET_DISPOSABLE_INCOME,3.8267462858951e-07,4.701210519579216e-06,0.008046414676757957,0.0,0.0,0.0,0.0,0.0,0.0,24%
CUST0131904,DECLINED,INSAGFFICIENT_NET_DISPOSABLE_INCOME,5396.855183357937,5455.288265527064,13476.575527570032,0.0,0.0,0.0,0.0,0.0,0.0,24%
CUST0131937,DECLINED,INSAGFFICIENT_NET_DISPOSABLE_INCOME,3.8267462858951e-07,4.701210519579216e-06,0.008046414676757957,0.0,0.0,0.0,0.0,0.0,0.0,24%
CUST0131982,DECLINED,INSAGFFICIENT_NET_DISPOSABLE_INCOME,6462.992974262545,7132.937584648409,17909.12341836643,0.0,0.0,0.0,0.0,0.0,0.0,24%
CUST0132020,DECLINED,INSAGFFICIENT_NET_DISPOSABLE_INCOME,3.8267462858951e-07,4.701210519579216e-06,0.008046414676757957,0.0,0.0,0.0,0.0,0.0,0.0,24%
CUST0132100,DECLINED,INSAGFFICIENT_NET_DISPOSABLE_INCOME,3.8267462858951e-07,4.701210519579216e-06,0.008046414676757957,0.0,0.0,0.0,0.0,0.0,0.0,24%
CUST0132123,DECLINED,INSAGFFICIENT_NET_DISPOSABLE_INCOME,3.8267462858951e-07,4.701210519579216e-06,0.008046414676757957,0.0,0.0,0.0,0.0,0.0,0.0,24%
CUST0132194,DECLINED,INSAGFFICIENT_NET_DISPOSABLE_INCOME,3902.8171110397566,20106.97126991227,36163.55800138149,0.0,0.0,0.0,0.0,0.0,0.0,24%
CUST0132252,DECLINED,INSAGFFICIENT_NET_DISPOSABLE_INCOME,3.8267462858951e-07,4.701210519579216e-06,0.008046414676757957,0.0,0.0,0.0,0.0,0.0,0.0,24%
CUST0132302,DECLINED,INSAGFFICIENT_NET_DISPOSABLE_INCOME,3.8267462858951e-07,4.701210519579216e-06,0.008046414676757957,0.0,0.0,0.0,0.0,0.0,0.0,24%
CUST0132335,DECLINED,INSAGFFICIENT_NET_DISPOSABLE_INCOME,3.8267462858951e-07,4.701210519579216e-06,0.008046414676757957,0.0,0.0,0.0,0.0,0.0,0.0,24%
CUST0132371,DECLINED,INSAGFFICIENT_NET_DISPOSABLE_INCOME,3.8267462858951e-07,4.701210519579216e-06,0.008046414676757957,0.0,0.0,0.0,0.0,0.0,0.0,24%
CUST0132410,DECLINED,INSAGFFICIENT_NET_DISPOSABLE_INCOME,3.8267462858951e-07,4.701210519579216e-06,0.008046414676757957,0.0,0.0,0.0,0.0,0.0,0.0,24%
CUST0132435,DECLINED,INSAGFFICIENT_NET_DISPOSABLE_INCOME,5918.467964986894,6674.790978981695,13331.196782682884,0.0,0.0,0.0,0.0,0.0,0.0,24%
CUST0132500,DECLINED,INSAGFFICIENT_NET_DISPOSABLE_INCOME,3.8267462858951e-07,4.701210519579216e-06,0.008046414676757957,0.0,0.0,0.0,0.0,0.0,0.0,24%
CUST0132547,DECLINED,INSAGFFICIENT_NET_DISPOSABLE_INCOME,3.8267462858951e-07,4.701210519579216e-06,0.008046414676757957,0.0,0.0,0.0,0.0,0.0,0.0,24%
CUST0132599,DECLINED,INSAGFFICIENT_NET_DISPOSABLE_INCOME,3.8267462858951e-07,4.701210519579216e-06,0.008046414676757957,0.0,0.0,0.0,0.0,0.0,0.0,24%
CUST0132601,DECLINED,INSAGFFICIENT_NET_DISPOSABLE_INCOME,3.8267462858951e-07,4.701210519579216e-06,0.008046414676757957,0.0,0.0,0.0,0.0,0.0,0.0,24%
CUST0132624,DECLINED,INSAGFFICIENT_NET_DISPOSABLE_INCOME,3.8267462858951e-07,4.701210519579216e-06,0.008046414676757957,0.0,0.0,0.0,0.0,0.0,0.0,24%
CUST0132646,DECLINED,INSAGFFICIENT_NET_DISPOSABLE_INCOME,6549.509447281917,7013.763292190053,18957.001514968073,0.0,0.0,0.0,0.0,0.0,0.0,24%
CUST0132663,DECLINED,INSAGFFICIENT_NET_DISPOSABLE_INCOME,3.8267462858951e-07,4.701210519579216e-06,0.008046414676757957,0.0,0.0,0.0,0.0,0.0,0.0,24%
CUST0132681,DECLINED,INSAGFFICIENT_NET_DISPOSABLE_INCOME,3.8267462858951e-07,4.701210519579216e-06,0.008046414676757957,0.0,0.0,0.0,0.0,0.0,0.0,24%
CUST0132692,DECLINED,INSAGFFICIENT_NET_DISPOSABLE_INCOME,3.8267462858951e-07,4.701210519579216e-06,0.008046414676757957,0.0,0.0,0.0,0.0,0.0,0.0,24%
CUST0132702,DECLINED,INSAGFFICIENT_NET_DISPOSABLE_INCOME,3.8267462858951e-07,4.701210519579216e-06,0.008046414676757957,0.0,0.0,0.0,0.0,0.0,0.0,24%
CUST0132795,DECLINED,INSAGFFICIENT_NET_DISPOSABLE_INCOME,3.8267462858951e-07,4.701210519579216e-06,0.008046414676757957,0.0,0.0,0.0,0.0,0.0,0.0,24%
CUST0132887,DECLINED,INSAGFFICIENT_NET_DISPOSABLE_INCOME,3.8267462858951e-07,4.701210519579216e-06,0.008046414676757957,0.0,0.0,0.0,0.0,0.0,0.0,24%
CUST0132920,DECLINED,INSAGFFICIENT_NET_DISPOSABLE_INCOME,3.8267462858951e-07,4.701210519579216e-06,0.008046414676757957,0.0,0.0,0.0,0.0,0.0,0.0,24%
CUST0132926,DECLINED,INSAGFFICIENT_NET_DISPOSABLE_INCOME,3.8267462858951e-07,4.701210519579216e-06,0.008046414676757957,0.0,0.0,0.0,0.0,0.0,0.0,24%
CUST0133021,DECLINED,INSAGFFICIENT_NET_DISPOSABLE_INCOME,3.8267462858951e-07,4.701210519579216e-06,0.008046414676757957,0.0,0.0,0.0,0.0,0.0,0.0,24%
CUST0133163,DECLINED,INSAGFFICIENT_NET_DISPOSABLE_INCOME,3.8267462858951e-07,4.701210519579216e-06,0.008046414676757957,0.0,0.0,0.0,0.0,0.0,0.0,24%
CUST0133164,DECLINED,INSAGFFICIENT_NET_DISPOSABLE_INCOME,3.8267462858951e-07,4.701210519579216e-06,0.008046414676757957,0.0,0.0,0.0,0.0,0.0,0.0,24%
CUST0133297,DECLINED,INSAGFFICIENT_NET_DISPOSABLE_INCOME,3.8267462858951e-07,4.701210519579216e-06,0.008046414676757957,0.0,0.0,0.0,0.0,0.0,0.0,24%
CUST0133325,DECLINED,INSAGFFICIENT_NET_DISPOSABLE_INCOME,3.8267462858951e-07,4.701210519579216e-06,0.008046414676757957,0.0,0.0,0.0,0.0,0.0,0.0,24%
CUST0133351,DECLINED,INSAGFFICIENT_NET_DISPOSABLE_INCOME,3.8267462858951e-07,4.701210519579216e-06,0.008046414676757957,0.0,0.0,0.0,0.0,0.0,0.0,24%
CUST0133380,DECLINED,INSAGFFICIENT_NET_DISPOSABLE_INCOME,3.8267462858951e-07,4.701210519579216e-06,0.008046414676757957,0.0,0.0,0.0,0.0,0.0,0.0,24%
CUST0133506,DECLINED,INSAGFFICIENT_NET_DISPOSABLE_INCOME,3.8267462858951e-07,4.701210519579216e-06,0.008046414676757957,0.0,0.0,0.0,0.0,0.0,0.0,24%
CUST0133589,DECLINED,INSAGFFICIENT_NET_DISPOSABLE_INCOME,3.8267462858951e-07,4.701210519579216e-06,0.008046414676757957,0.0,0.0,0.0,0.0,0.0,0.0,24%
CUST0133639,DECLINED,INSAGFFICIENT_NET_DISPOSABLE_INCOME,3.8267462858951e-07,4.701210519579216e-06,0.008046414676757957,0.0,0.0,0.0,0.0,0.0,0.0,24%
CUST0133652,DECLINED,INSAGFFICIENT_NET_DISPOSABLE_INCOME,3.8267462858951e-07,4.701210519579216e-06,0.008046414676757957,0.0,0.0,0.0,0.0,0.0,0.0,24%
CUST0133701,DECLINED,INSAGFFICIENT_NET_DISPOSABLE_INCOME,3.8267462858951e-07,4.701210519579216e-06,0.008046414676757957,0.0,0.0,0.0,0.0,0.0,0.0,24%
CUST0133742,DECLINED,INSAGFFICIENT_NET_DISPOSABLE_INCOME,3.8267462858951e-07,4.701210519579216e-06,0.008046414676757957,0.0,0.0,0.0,0.0,0.0,0.0,24%
CUST0133785,DECLINED,INSAGFFICIENT_NET_DISPOSABLE_INCOME,3.8267462858951e-07,4.701210519579216e-06,0.008046414676757957,0.0,0.0,0.0,0.0,0.0,0.0,24%
CUST0134026,DECLINED,INSAGFFICIENT_NET_DISPOSABLE_INCOME,3.8267462858951e-07,4.701210519579216e-06,0.008046414676757957,0.0,0.0,0.0,0.0,0.0,0.0,24%
CUST0134089,DECLINED,INSAGFFICIENT_NET_DISPOSABLE_INCOME,3.8267462858951e-07,4.701210519579216e-06,0.008046414676757957,0.0,0.0,0.0,0.0,0.0,0.0,24%
CUST0134094,DECLINED,INSAGFFICIENT_NET_DISPOSABLE_INCOME,5934.230398412157,6856.64137034752,22788.752761356358,0.0,0.0,0.0,0.0,0.0,0.0,24%
CUST0134128,DECLINED,INSAGFFICIENT_NET_DISPOSABLE_INCOME,3.8267462858951e-07,4.701210519579216e-06,0.008046414676757957,0.0,0.0,0.0,0.0,0.0,0.0,24%
CUST0134148,DECLINED,INSAGFFICIENT_NET_DISPOSABLE_INCOME,3.8267462858951e-07,4.701210519579216e-06,0.008046414676757957,0.0,0.0,0.0,0.0,0.0,0.0,24%
CUST0134151,DECLINED,INSAGFFICIENT_NET_DISPOSABLE_INCOME,3.8267462858951e-07,4.701210519579216e-06,0.008046414676757957,0.0,0.0,0.0,0.0,0.0,0.0,24%
CUST0134177,DECLINED,INSAGFFICIENT_NET_DISPOSABLE_INCOME,3.8267462858951e-07,4.701210519579216e-06,0.008046414676757957,0.0,0.0,0.0,0.0,0.0,0.0,24%
CUST0134205,DECLINED,INSAGFFICIENT_NET_DISPOSABLE_INCOME,3.8267462858951e-07,4.701210519579216e-06,0.008046414676757957,0.0,0.0,0.0,0.0,0.0,0.0,24%
CUST0134326,DECLINED,INSAGFFICIENT_NET_DISPOSABLE_INCOME,3.8267462858951e-07,4.701210519579216e-06,0.008046414676757957,0.0,0.0,0.0,0.0,0.0,0.0,24%
CUST0134392,DECLINED,INSAGFFICIENT_NET_DISPOSABLE_INCOME,3.8267462858951e-07,4.701210519579216e-06,0.008046414676757957,0.0,0.0,0.0,0.0,0.0,0.0,24%
CUST0134441,DECLINED,INSAGFFICIENT_NET_DISPOSABLE_INCOME,3.8267462858951e-07,4.701210519579216e-06,0.008046414676757957,0.0,0.0,0.0,0.0,0.0,0.0,24%
CUST0134460,DECLINED,INSAGFFICIENT_NET_DISPOSABLE_INCOME,3.8267462858951e-07,4.701210519579216e-06,0.008046414676757957,0.0,0.0,0.0,0.0,0.0,0.0,24%
CUST0134586,DECLINED,INSAGFFICIENT_NET_DISPOSABLE_INCOME,3.8267462858951e-07,4.701210519579216e-06,0.008046414676757957,0.0,0.0,0.0,0.0,0.0,0.0,24%
CUST0134596,DECLINED,INSAGFFICIENT_NET_DISPOSABLE_INCOME,3.8267462858951e-07,4.701210519579216e-06,0.008046414676757957,0.0,0.0,0.0,0.0,0.0,0.0,24%
CUST0134668,DECLINED,INSAGFFICIENT_NET_DISPOSABLE_INCOME,3.8267462858951e-07,4.701210519579216e-06,0.008046414676757957,0.0,0.0,0.0,0.0,0.0,0.0,24%
CUST0134726,DECLINED,INSAGFFICIENT_NET_DISPOSABLE_INCOME,3.8267462858951e-07,4.701210519579216e-06,0.008046414676757957,0.0,0.0,0.0,0.0,0.0,0.0,24%
CUST0134764,DECLINED,INSAGFFICIENT_NET_DISPOSABLE_INCOME,3.8267462858951e-07,4.701210519579216e-06,0.008046414676757957,0.0,0.0,0.0,0.0,0.0,0.0,24%
CUST0134775,DECLINED,INSAGFFICIENT_NET_DISPOSABLE_INCOME,3.8267462858951e-07,4.701210519579216e-06,0.008046414676757957,0.0,0.0,0.0,0.0,0.0,0.0,24%
CUST0134813,DECLINED,INSAGFFICIENT_NET_DISPOSABLE_INCOME,3.8267462858951e-07,4.701210519579216e-06,0.008046414676757957,0.0,0.0,0.0,0.0,0.0,0.0,24%
CUST0134973,DECLINED,INSAGFFICIENT_NET_DISPOSABLE_INCOME,3.8267462858951e-07,4.701210519579216e-06,0.008046414676757957,0.0,0.0,0.0,0.0,0.0,0.0,24%
CUST0135049,DECLINED,INSAGFFICIENT_NET_DISPOSABLE_INCOME,3.8267462858951e-07,4.701210519579216e-06,0.008046414676757957,0.0,0.0,0.0,0.0,0.0,0.0,24%
CUST0135066,DECLINED,INSAGFFICIENT_NET_DISPOSABLE_INCOME,3.8267462858951e-07,4.701210519579216e-06,0.008046414676757957,0.0,0.0,0.0,0.0,0.0,0.0,24%
CUST0135123,DECLINED,INSAGFFICIENT_NET_DISPOSABLE_INCOME,3.8267462858951e-07,4.701210519579216e-06,0.008046414676757957,0.0,0.0,0.0,0.0,0.0,0.0,24%
CUST0135144,DECLINED,INSAGFFICIENT_NET_DISPOSABLE_INCOME,6342.183206350404,9255.502392047929,15755.584220753482,0.0,0.0,0.0,0.0,0.0,0.0,24%
CUST0135283,DECLINED,INSAGFFICIENT_NET_DISPOSABLE_INCOME,3.8267462858951e-07,4.701210519579216e-06,0.008046414676757957,0.0,0.0,0.0,0.0,0.0,0.0,24%
CUST0135310,DECLINED,INSAGFFICIENT_NET_DISPOSABLE_INCOME,3.8267462858951e-07,4.701210519579216e-06,0.008046414676757957,0.0,0.0,0.0,0.0,0.0,0.0,24%
CUST0135441,DECLINED,INSAGFFICIENT_NET_DISPOSABLE_INCOME,3.8267462858951e-07,4.701210519579216e-06,0.008046414676757957,0.0,0.0,0.0,0.0,0.0,0.0,24%
CUST0135443,DECLINED,INSAGFFICIENT_NET_DISPOSABLE_INCOME,3.8267462858951e-07,4.701210519579216e-06,0.008046414676757957,0.0,0.0,0.0,0.0,0.0,0.0,24%
CUST0135444,DECLINED,INSAGFFICIENT_NET_DISPOSABLE_INCOME,3.8267462858951e-07,4.701210519579216e-06,0.008046414676757957,0.0,0.0,0.0,0.0,0.0,0.0,24%
CUST0135562,DECLINED,INSAGFFICIENT_NET_DISPOSABLE_INCOME,3.8267462858951e-07,4.701210519579216e-06,0.008046414676757957,0.0,0.0,0.0,0.0,0.0,0.0,24%
CUST0135694,DECLINED,INSAGFFICIENT_NET_DISPOSABLE_INCOME,3.8267462858951e-07,4.701210519579216e-06,0.008046414676757957,0.0,0.0,0.0,0.0,0.0,0.0,24%
CUST0135709,DECLINED,INSAGFFICIENT_NET_DISPOSABLE_INCOME,3902.8171110397566,20106.97126991227,36163.55800138149,0.0,0.0,0.0,0.0,0.0,0.0,24%
CUST0135730,DECLINED,INSAGFFICIENT_NET_DISPOSABLE_INCOME,3.8267462858951e-07,4.701210519579216e-06,0.008046414676757957,0.0,0.0,0.0,0.0,0.0,0.0,24%
CUST0135733,DECLINED,INSAGFFICIENT_NET_DISPOSABLE_INCOME,3.8267462858951e-07,4.701210519579216e-06,0.008046414676757957,0.0,0.0,0.0,0.0,0.0,0.0,24%
CUST0135876,DECLINED,INSAGFFICIENT_NET_DISPOSABLE_INCOME,3.8267462858951e-07,4.701210519579216e-06,0.008046414676757957,0.0,0.0,0.0,0.0,0.0,0.0,24%
CUST0135945,DECLINED,INSAGFFICIENT_NET_DISPOSABLE_INCOME,5850.958786758975,6740.770649081096,13268.528092681645,0.0,0.0,0.0,0.0,0.0,0.0,24%
CUST0135968,DECLINED,INSAGFFICIENT_NET_DISPOSABLE_INCOME,3.8267462858951e-07,4.701210519579216e-06,0.008046414676757957,0.0,0.0,0.0,0.0,0.0,0.0,24%
CUST0136101,DECLINED,INSAGFFICIENT_NET_DISPOSABLE_INCOME,3.8267462858951e-07,4.701210519579216e-06,0.008046414676757957,0.0,0.0,0.0,0.0,0.0,0.0,24%
CUST0136241,DECLINED,INSAGFFICIENT_NET_DISPOSABLE_INCOME,3.8267462858951e-07,4.701210519579216e-06,0.008046414676757957,0.0,0.0,0.0,0.0,0.0,0.0,24%
CUST0136296,DECLINED,INSAGFFICIENT_NET_DISPOSABLE_INCOME,3.8267462858951e-07,4.701210519579216e-06,0.008046414676757957,0.0,0.0,0.0,0.0,0.0,0.0,24%
CUST0136364,DECLINED,INSAGFFICIENT_NET_DISPOSABLE_INCOME,3.8267462858951e-07,4.701210519579216e-06,0.008046414676757957,0.0,0.0,0.0,0.0,0.0,0.0,24%
CUST0136391,DECLINED,INSAGFFICIENT_NET_DISPOSABLE_INCOME,3.8267462858951e-07,4.701210519579216e-06,0.008046414676757957,0.0,0.0,0.0,0.0,0.0,0.0,24%
CUST0136414,DECLINED,INSAGFFICIENT_NET_DISPOSABLE_INCOME,3.8267462858951e-07,4.701210519579216e-06,0.008046414676757957,0.0,0.0,0.0,0.0,0.0,0.0,24%
CUST0136472,DECLINED,INSAGFFICIENT_NET_DISPOSABLE_INCOME,6496.151032956467,9561.489065936123,15818.25291075471,0.0,0.0,0.0,0.0,0.0,0.0,24%
CUST0136691,DECLINED,INSAGFFICIENT_NET_DISPOSABLE_INCOME,3902.8171110397566,20106.97126991227,36163.55800138149,0.0,0.0,0.0,0.0,0.0,0.0,24%
CUST0136695,DECLINED,INSAGFFICIENT_NET_DISPOSABLE_INCOME,5279.636553629673,5627.3042542017,13102.403202801705,0.0,0.0,0.0,0.0,0.0,0.0,24%
CUST0136698,DECLINED,INSAGFFICIENT_NET_DISPOSABLE_INCOME,3.8267462858951e-07,4.701210519579216e-06,0.008046414676757957,0.0,0.0,0.0,0.0,0.0,0.0,24%
CUST0136712,DECLINED,INSAGFFICIENT_NET_DISPOSABLE_INCOME,3.8267462858951e-07,4.701210519579216e-06,0.008046414676757957,0.0,0.0,0.0,0.0,0.0,0.0,24%
CUST0136715,DECLINED,INSAGFFICIENT_NET_DISPOSABLE_INCOME,3.8267462858951e-07,4.701210519579216e-06,0.008046414676757957,0.0,0.0,0.0,0.0,0.0,0.0,24%
CUST0136779,DECLINED,INSAGFFICIENT_NET_DISPOSABLE_INCOME,3.8267462858951e-07,4.701210519579216e-06,0.008046414676757957,0.0,0.0,0.0,0.0,0.0,0.0,24%
CUST0136843,DECLINED,INSAGFFICIENT_NET_DISPOSABLE_INCOME,3.8267462858951e-07,4.701210519579216e-06,0.008046414676757957,0.0,0.0,0.0,0.0,0.0,0.0,24%
CUST0136862,DECLINED,INSAGFFICIENT_NET_DISPOSABLE_INCOME,3.8267462858951e-07,4.701210519579216e-06,0.008046414676757957,0.0,0.0,0.0,0.0,0.0,0.0,24%
CUST0136863,DECLINED,INSAGFFICIENT_NET_DISPOSABLE_INCOME,3.8267462858951e-07,4.701210519579216e-06,0.008046414676757957,0.0,0.0,0.0,0.0,0.0,0.0,24%
CUST0136879,DECLINED,INSAGFFICIENT_NET_DISPOSABLE_INCOME,3.8267462858951e-07,4.701210519579216e-06,0.008046414676757957,0.0,0.0,0.0,0.0,0.0,0.0,24%
CUST0136888,DECLINED,INSAGFFICIENT_NET_DISPOSABLE_INCOME,3.8267462858951e-07,4.701210519579216e-06,0.008046414676757957,0.0,0.0,0.0,0.0,0.0,0.0,24%
CUST0137008,DECLINED,INSAGFFICIENT_NET_DISPOSABLE_INCOME,3.8267462858951e-07,4.701210519579216e-06,0.008046414676757957,0.0,0.0,0.0,0.0,0.0,0.0,24%
CUST0137023,DECLINED,INSAGFFICIENT_NET_DISPOSABLE_INCOME,3.8267462858951e-07,4.701210519579216e-06,0.008046414676757957,0.0,0.0,0.0,0.0,0.0,0.0,24%
CUST0137039,DECLINED,INSAGFFICIENT_NET_DISPOSABLE_INCOME,3.8267462858951e-07,4.701210519579216e-06,0.008046414676757957,0.0,0.0,0.0,0.0,0.0,0.0,24%
CUST0137065,DECLINED,INSAGFFICIENT_NET_DISPOSABLE_INCOME,3.8267462858951e-07,4.701210519579216e-06,0.008046414676757957,0.0,0.0,0.0,0.0,0.0,0.0,24%
CUST0137078,DECLINED,INSAGFFICIENT_NET_DISPOSABLE_INCOME,5789.286362752588,5956.718807332293,18538.973539625702,0.0,0.0,0.0,0.0,0.0,0.0,24%
CUST0137209,DECLINED,INSAGFFICIENT_NET_DISPOSABLE_INCOME,3.8267462858951e-07,4.701210519579216e-06,0.008046414676757957,0.0,0.0,0.0,0.0,0.0,0.0,24%
CUST0137343,DECLINED,INSAGFFICIENT_NET_DISPOSABLE_INCOME,3.8267462858951e-07,4.701210519579216e-06,0.008046414676757957,0.0,0.0,0.0,0.0,0.0,0.0,24%
CUST0137355,DECLINED,INSAGFFICIENT_NET_DISPOSABLE_INCOME,3.8267462858951e-07,4.701210519579216e-06,0.008046414676757957,0.0,0.0,0.0,0.0,0.0,0.0,24%
CUST0137433,DECLINED,INSAGFFICIENT_NET_DISPOSABLE_INCOME,3.8267462858951e-07,4.701210519579216e-06,0.008046414676757957,0.0,0.0,0.0,0.0,0.0,0.0,24%
CUST0137436,DECLINED,INSAGFFICIENT_NET_DISPOSABLE_INCOME,3.8267462858951e-07,4.701210519579216e-06,0.008046414676757957,0.0,0.0,0.0,0.0,0.0,0.0,24%
CUST0137483,DECLINED,INSAGFFICIENT_NET_DISPOSABLE_INCOME,3.8267462858951e-07,4.701210519579216e-06,0.008046414676757957,0.0,0.0,0.0,0.0,0.0,0.0,24%
CUST0137543,DECLINED,INSAGFFICIENT_NET_DISPOSABLE_INCOME,3.8267462858951e-07,4.701210519579216e-06,0.008046414676757957,0.0,0.0,0.0,0.0,0.0,0.0,24%
CUST0137561,DECLINED,INSAGFFICIENT_NET_DISPOSABLE_INCOME,3.8267462858951e-07,4.701210519579216e-06,0.008046414676757957,0.0,0.0,0.0,0.0,0.0,0.0,24%
CUST0137594,DECLINED,INSAGFFICIENT_NET_DISPOSABLE_INCOME,3.8267462858951e-07,4.701210519579216e-06,0.008046414676757957,0.0,0.0,0.0,0.0,0.0,0.0,24%
CUST0137699,DECLINED,INSAGFFICIENT_NET_DISPOSABLE_INCOME,3.8267462858951e-07,4.701210519579216e-06,0.008046414676757957,0.0,0.0,0.0,0.0,0.0,0.0,24%
CUST0137739,DECLINED,INSAGFFICIENT_NET_DISPOSABLE_INCOME,3.8267462858951e-07,4.701210519579216e-06,0.008046414676757957,0.0,0.0,0.0,0.0,0.0,0.0,24%
CUST0137766,DECLINED,INSAGFFICIENT_NET_DISPOSABLE_INCOME,3.8267462858951e-07,4.701210519579216e-06,0.008046414676757957,0.0,0.0,0.0,0.0,0.0,0.0,24%
CUST0137891,DECLINED,INSAGFFICIENT_NET_DISPOSABLE_INCOME,3.8267462858951e-07,4.701210519579216e-06,0.008046414676757957,0.0,0.0,0.0,0.0,0.0,0.0,24%
CUST0137900,DECLINED,INSAGFFICIENT_NET_DISPOSABLE_INCOME,3.8267462858951e-07,4.701210519579216e-06,0.008046414676757957,0.0,0.0,0.0,0.0,0.0,0.0,24%
CUST0137916,DECLINED,INSAGFFICIENT_NET_DISPOSABLE_INCOME,3.8267462858951e-07,4.701210519579216e-06,0.008046414676757957,0.0,0.0,0.0,0.0,0.0,0.0,24%
CUST0137945,DECLINED,INSAGFFICIENT_NET_DISPOSABLE_INCOME,3.8267462858951e-07,4.701210519579216e-06,0.008046414676757957,0.0,0.0,0.0,0.0,0.0,0.0,24%
CUST0137978,DECLINED,INSAGFFICIENT_NET_DISPOSABLE_INCOME,3.8267462858951e-07,4.701210519579216e-06,0.008046414676757957,0.0,0.0,0.0,0.0,0.0,0.0,24%
CUST0138023,DECLINED,INSAGFFICIENT_NET_DISPOSABLE_INCOME,3.8267462858951e-07,4.701210519579216e-06,0.008046414676757957,0.0,0.0,0.0,0.0,0.0,0.0,24%
CUST0138038,DECLINED,INSAGFFICIENT_NET_DISPOSABLE_INCOME,3.8267462858951e-07,4.701210519579216e-06,0.008046414676757957,0.0,0.0,0.0,0.0,0.0,0.0,24%
CUST0138124,DECLINED,INSAGFFICIENT_NET_DISPOSABLE_INCOME,3.8267462858951e-07,4.701210519579216e-06,0.008046414676757957,0.0,0.0,0.0,0.0,0.0,0.0,24%
CUST0138128,DECLINED,INSAGFFICIENT_NET_DISPOSABLE_INCOME,3.8267462858951e-07,4.701210519579216e-06,0.008046414676757957,0.0,0.0,0.0,0.0,0.0,0.0,24%
CUST0138454,DECLINED,INSAGFFICIENT_NET_DISPOSABLE_INCOME,3.8267462858951e-07,4.701210519579216e-06,0.008046414676757957,0.0,0.0,0.0,0.0,0.0,0.0,24%
CUST0138476,DECLINED,INSAGFFICIENT_NET_DISPOSABLE_INCOME,3.8267462858951e-07,4.701210519579216e-06,0.008046414676757957,0.0,0.0,0.0,0.0,0.0,0.0,24%
CUST0138515,DECLINED,INSAGFFICIENT_NET_DISPOSABLE_INCOME,3.8267462858951e-07,4.701210519579216e-06,0.008046414676757957,0.0,0.0,0.0,0.0,0.0,0.0,24%
CUST0138619,DECLINED,INSAGFFICIENT_NET_DISPOSABLE_INCOME,3.8267462858951e-07,4.701210519579216e-06,0.008046414676757957,0.0,0.0,0.0,0.0,0.0,0.0,24%
CUST0138818,DECLINED,INSAGFFICIENT_NET_DISPOSABLE_INCOME,3.8267462858951e-07,4.701210519579216e-06,0.008046414676757957,0.0,0.0,0.0,0.0,0.0,0.0,24%
CUST0138875,DECLINED,INSAGFFICIENT_NET_DISPOSABLE_INCOME,3.8267462858951e-07,4.701210519579216e-06,0.008046414676757957,0.0,0.0,0.0,0.0,0.0,0.0,24%
CUST0138907,DECLINED,INSAGFFICIENT_NET_DISPOSABLE_INCOME,3.8267462858951e-07,4.701210519579216e-06,0.008046414676757957,0.0,0.0,0.0,0.0,0.0,0.0,24%
CUST0138962,DECLINED,INSAGFFICIENT_NET_DISPOSABLE_INCOME,3.8267462858951e-07,4.701210519579216e-06,0.008046414676757957,0.0,0.0,0.0,0.0,0.0,0.0,24%
CUST0139032,DECLINED,INSAGFFICIENT_NET_DISPOSABLE_INCOME,3.8267462858951e-07,4.701210519579216e-06,0.008046414676757957,0.0,0.0,0.0,0.0,0.0,0.0,24%
CUST0139049,DECLINED,INSAGFFICIENT_NET_DISPOSABLE_INCOME,3.8267462858951e-07,4.701210519579216e-06,0.008046414676757957,0.0,0.0,0.0,0.0,0.0,0.0,24%
CUST0139051,DECLINED,INSAGFFICIENT_NET_DISPOSABLE_INCOME,3.8267462858951e-07,4.701210519579216e-06,0.008046414676757957,0.0,0.0,0.0,0.0,0.0,0.0,24%
CUST0139120,DECLINED,INSAGFFICIENT_NET_DISPOSABLE_INCOME,3.8267462858951e-07,4.701210519579216e-06,0.008046414676757957,0.0,0.0,0.0,0.0,0.0,0.0,24%
CUST0139168,DECLINED,INSAGFFICIENT_NET_DISPOSABLE_INCOME,6347.449563168303,8277.999345645798,15194.98978696921,0.0,0.0,0.0,0.0,0.0,0.0,24%
CUST0139229,DECLINED,INSAGFFICIENT_NET_DISPOSABLE_INCOME,3.8267462858951e-07,4.701210519579216e-06,0.008046414676757957,0.0,0.0,0.0,0.0,0.0,0.0,24%
CUST0139239,DECLINED,INSAGFFICIENT_NET_DISPOSABLE_INCOME,3.8267462858951e-07,4.701210519579216e-06,0.008046414676757957,0.0,0.0,0.0,0.0,0.0,0.0,24%
CUST0139393,DECLINED,INSAGFFICIENT_NET_DISPOSABLE_INCOME,3.8267462858951e-07,4.701210519579216e-06,0.008046414676757957,0.0,0.0,0.0,0.0,0.0,0.0,24%
CUST0139499,DECLINED,INSAGFFICIENT_NET_DISPOSABLE_INCOME,3.8267462858951e-07,4.701210519579216e-06,0.008046414676757957,0.0,0.0,0.0,0.0,0.0,0.0,24%
CUST0139502,DECLINED,INSAGFFICIENT_NET_DISPOSABLE_INCOME,3.8267462858951e-07,4.701210519579216e-06,0.008046414676757957,0.0,0.0,0.0,0.0,0.0,0.0,24%
CUST0139653,DECLINED,INSAGFFICIENT_NET_DISPOSABLE_INCOME,3.8267462858951e-07,4.701210519579216e-06,0.008046414676757957,0.0,0.0,0.0,0.0,0.0,0.0,24%
CUST0139759,DECLINED,INSAGFFICIENT_NET_DISPOSABLE_INCOME,3.8267462858951e-07,4.701210519579216e-06,0.008046414676757957,0.0,0.0,0.0,0.0,0.0,0.0,24%
CUST0139790,DECLINED,INSAGFFICIENT_NET_DISPOSABLE_INCOME,3.8267462858951e-07,4.701210519579216e-06,0.008046414676757957,0.0,0.0,0.0,0.0,0.0,0.0,24%
CUST0139856,DECLINED,INSAGFFICIENT_NET_DISPOSABLE_INCOME,3.8267462858951e-07,4.701210519579216e-06,0.008046414676757957,0.0,0.0,0.0,0.0,0.0,0.0,24%
CUST0139892,DECLINED,INSAGFFICIENT_NET_DISPOSABLE_INCOME,5321.182604506973,5661.741770039089,12300.868299681088,0.0,0.0,0.0,0.0,0.0,0.0,24%
CUST0139916,DECLINED,INSAGFFICIENT_NET_DISPOSABLE_INCOME,3902.8171110397566,20106.97126991227,36163.55800138149,0.0,0.0,0.0,0.0,0.0,0.0,24%
CUST0139921,DECLINED,INSAGFFICIENT_NET_DISPOSABLE_INCOME,3.8267462858951e-07,4.701210519579216e-06,0.008046414676757957,0.0,0.0,0.0,0.0,0.0,0.0,24%
CUST0139932,DECLINED,INSAGFFICIENT_NET_DISPOSABLE_INCOME,3.8267462858951e-07,4.701210519579216e-06,0.008046414676757957,0.0,0.0,0.0,0.0,0.0,0.0,24%
CUST0139953,DECLINED,INSAGFFICIENT_NET_DISPOSABLE_INCOME,3.8267462858951e-07,4.701210519579216e-06,0.008046414676757957,0.0,0.0,0.0,0.0,0.0,0.0,24%
CUST0139979,DECLINED,INSAGFFICIENT_NET_DISPOSABLE_INCOME,3.8267462858951e-07,4.701210519579216e-06,0.008046414676757957,0.0,0.0,0.0,0.0,0.0,0.0,24%
CUST0140183,DECLINED,INSAGFFICIENT_NET_DISPOSABLE_INCOME,3.8267462858951e-07,4.701210519579216e-06,0.008046414676757957,0.0,0.0,0.0,0.0,0.0,0.0,24%
CUST0140194,DECLINED,INSAGFFICIENT_NET_DISPOSABLE_INCOME,3.8267462858951e-07,4.701210519579216e-06,0.008046414676757957,0.0,0.0,0.0,0.0,0.0,0.0,24%
CUST0140282,DECLINED,INSAGFFICIENT_NET_DISPOSABLE_INCOME,3.8267462858951e-07,4.701210519579216e-06,0.008046414676757957,0.0,0.0,0.0,0.0,0.0,0.0,24%
CUST0140340,DECLINED,INSAGFFICIENT_NET_DISPOSABLE_INCOME,3.8267462858951e-07,4.701210519579216e-06,0.008046414676757957,0.0,0.0,0.0,0.0,0.0,0.0,24%
CUST0140358,DECLINED,INSAGFFICIENT_NET_DISPOSABLE_INCOME,3.8267462858951e-07,4.701210519579216e-06,0.008046414676757957,0.0,0.0,0.0,0.0,0.0,0.0,24%
CUST0140407,DECLINED,INSAGFFICIENT_NET_DISPOSABLE_INCOME,3.8267462858951e-07,4.701210519579216e-06,0.008046414676757957,0.0,0.0,0.0,0.0,0.0,0.0,24%
CUST0140465,DECLINED,INSAGFFICIENT_NET_DISPOSABLE_INCOME,3.8267462858951e-07,4.701210519579216e-06,0.008046414676757957,0.0,0.0,0.0,0.0,0.0,0.0,24%
CUST0140591,DECLINED,INSAGFFICIENT_NET_DISPOSABLE_INCOME,3.8267462858951e-07,4.701210519579216e-06,0.008046414676757957,0.0,0.0,0.0,0.0,0.0,0.0,24%
CUST0140685,DECLINED,INSAGFFICIENT_NET_DISPOSABLE_INCOME,5642.701758058727,5844.638487423132,12105.11166455856,0.0,0.0,0.0,0.0,0.0,0.0,24%
CUST0140710,DECLINED,INSAGFFICIENT_NET_DISPOSABLE_INCOME,3902.8171110397566,20106.97126991227,36163.55800138149,0.0,0.0,0.0,0.0,0.0,0.0,24%
CUST0140758,DECLINED,INSAGFFICIENT_NET_DISPOSABLE_INCOME,3902.8171110397566,20106.97126991227,36163.55800138149,0.0,0.0,0.0,0.0,0.0,0.0,24%
CUST0140759,DECLINED,INSAGFFICIENT_NET_DISPOSABLE_INCOME,5462.906234800417,5689.710091490915,12363.536989682325,0.0,0.0,0.0,0.0,0.0,0.0,24%
CUST0140761,DECLINED,INSAGFFICIENT_NET_DISPOSABLE_INCOME,6417.348392922679,7903.677527014507,21135.632417220688,0.0,0.0,0.0,0.0,0.0,0.0,24%
CUST0140788,DECLINED,INSAGFFICIENT_NET_DISPOSABLE_INCOME,3.8267462858951e-07,4.701210519579216e-06,0.008046414676757957,0.0,0.0,0.0,0.0,0.0,0.0,24%
CUST0140789,DECLINED,INSAGFFICIENT_NET_DISPOSABLE_INCOME,3902.8171110397566,20106.97126991227,36163.55800138149,0.0,0.0,0.0,0.0,0.0,0.0,24%
CUST0140856,DECLINED,INSAGFFICIENT_NET_DISPOSABLE_INCOME,3.8267462858951e-07,4.701210519579216e-06,0.008046414676757957,0.0,0.0,0.0,0.0,0.0,0.0,24%
CUST0140860,DECLINED,INSAGFFICIENT_NET_DISPOSABLE_INCOME,3.8267462858951e-07,4.701210519579216e-06,0.008046414676757957,0.0,0.0,0.0,0.0,0.0,0.0,24%
CUST0140890,DECLINED,INSAGFFICIENT_NET_DISPOSABLE_INCOME,3.8267462858951e-07,4.701210519579216e-06,0.008046414676757957,0.0,0.0,0.0,0.0,0.0,0.0,24%
CUST0140928,DECLINED,INSAGFFICIENT_NET_DISPOSABLE_INCOME,5423.345389016085,5855.319776662832,19022.660380635323,0.0,0.0,0.0,0.0,0.0,0.0,24%
CUST0140972,DECLINED,INSAGFFICIENT_NET_DISPOSABLE_INCOME,3.8267462858951e-07,4.701210519579216e-06,0.008046414676757957,0.0,0.0,0.0,0.0,0.0,0.0,24%
CUST0141002,DECLINED,INSAGFFICIENT_NET_DISPOSABLE_INCOME,3.8267462858951e-07,4.701210519579216e-06,0.008046414676757957,0.0,0.0,0.0,0.0,0.0,0.0,24%
CUST0141039,DECLINED,INSAGFFICIENT_NET_DISPOSABLE_INCOME,3.8267462858951e-07,4.701210519579216e-06,0.008046414676757957,0.0,0.0,0.0,0.0,0.0,0.0,24%
CUST0141167,DECLINED,INSAGFFICIENT_NET_DISPOSABLE_INCOME,5345.594656561487,7519.814201592753,14873.53375145736,0.0,0.0,0.0,0.0,0.0,0.0,24%
CUST0141222,DECLINED,INSAGFFICIENT_NET_DISPOSABLE_INCOME,3.8267462858951e-07,4.701210519579216e-06,0.008046414676757957,0.0,0.0,0.0,0.0,0.0,0.0,24%
CUST0141263,DECLINED,INSAGFFICIENT_NET_DISPOSABLE_INCOME,3.8267462858951e-07,4.701210519579216e-06,0.008046414676757957,0.0,0.0,0.0,0.0,0.0,0.0,24%
CUST0141401,DECLINED,INSAGFFICIENT_NET_DISPOSABLE_INCOME,5563.072249186817,6029.610656837581,18814.17570677003,0.0,0.0,0.0,0.0,0.0,0.0,24%
CUST0141434,DECLINED,INSAGFFICIENT_NET_DISPOSABLE_INCOME,3.8267462858951e-07,4.701210519579216e-06,0.008046414676757957,0.0,0.0,0.0,0.0,0.0,0.0,24%
CUST0141444,DECLINED,INSAGFFICIENT_NET_DISPOSABLE_INCOME,3.8267462858951e-07,4.701210519579216e-06,0.008046414676757957,0.0,0.0,0.0,0.0,0.0,0.0,24%
CUST0141487,DECLINED,INSAGFFICIENT_NET_DISPOSABLE_INCOME,3.8267462858951e-07,4.701210519579216e-06,0.008046414676757957,0.0,0.0,0.0,0.0,0.0,0.0,24%
CUST0141517,DECLINED,INSAGFFICIENT_NET_DISPOSABLE_INCOME,3.8267462858951e-07,4.701210519579216e-06,0.008046414676757957,0.0,0.0,0.0,0.0,0.0,0.0,24%
CUST0141611,DECLINED,INSAGFFICIENT_NET_DISPOSABLE_INCOME,3.8267462858951e-07,4.701210519579216e-06,0.008046414676757957,0.0,0.0,0.0,0.0,0.0,0.0,24%
CUST0141652,DECLINED,INSAGFFICIENT_NET_DISPOSABLE_INCOME,3.8267462858951e-07,4.701210519579216e-06,0.008046414676757957,0.0,0.0,0.0,0.0,0.0,0.0,24%
CUST0141813,DECLINED,INSAGFFICIENT_NET_DISPOSABLE_INCOME,3.8267462858951e-07,4.701210519579216e-06,0.008046414676757957,0.0,0.0,0.0,0.0,0.0,0.0,24%
CUST0141850,DECLINED,INSAGFFICIENT_NET_DISPOSABLE_INCOME,3.8267462858951e-07,4.701210519579216e-06,0.008046414676757957,0.0,0.0,0.0,0.0,0.0,0.0,24%
CUST0141940,DECLINED,INSAGFFICIENT_NET_DISPOSABLE_INCOME,6594.328942505449,6773.987137837896,18925.18573388038,0.0,0.0,0.0,0.0,0.0,0.0,24%
CUST0142055,DECLINED,INSAGFFICIENT_NET_DISPOSABLE_INCOME,3.8267462858951e-07,4.701210519579216e-06,0.008046414676757957,0.0,0.0,0.0,0.0,0.0,0.0,24%
CUST0142109,DECLINED,INSAGFFICIENT_NET_DISPOSABLE_INCOME,3.8267462858951e-07,4.701210519579216e-06,0.008046414676757957,0.0,0.0,0.0,0.0,0.0,0.0,24%
CUST0142201,DECLINED,INSAGFFICIENT_NET_DISPOSABLE_INCOME,3902.8171110397566,20106.97126991227,36163.55800138149,0.0,0.0,0.0,0.0,0.0,0.0,24%
CUST0142206,DECLINED,INSAGFFICIENT_NET_DISPOSABLE_INCOME,3.8267462858951e-07,4.701210519579216e-06,0.008046414676757957,0.0,0.0,0.0,0.0,0.0,0.0,24%
CUST0142241,DECLINED,INSAGFFICIENT_NET_DISPOSABLE_INCOME,3.8267462858951e-07,4.701210519579216e-06,0.008046414676757957,0.0,0.0,0.0,0.0,0.0,0.0,24%
CUST0142252,DECLINED,INSAGFFICIENT_NET_DISPOSABLE_INCOME,3.8267462858951e-07,4.701210519579216e-06,0.008046414676757957,0.0,0.0,0.0,0.0,0.0,0.0,24%
CUST0142326,DECLINED,INSAGFFICIENT_NET_DISPOSABLE_INCOME,3.8267462858951e-07,4.701210519579216e-06,0.008046414676757957,0.0,0.0,0.0,0.0,0.0,0.0,24%
CUST0142378,DECLINED,INSAGFFICIENT_NET_DISPOSABLE_INCOME,3.8267462858951e-07,4.701210519579216e-06,0.008046414676757957,0.0,0.0,0.0,0.0,0.0,0.0,24%
CUST0142380,DECLINED,INSAGFFICIENT_NET_DISPOSABLE_INCOME,3.8267462858951e-07,4.701210519579216e-06,0.008046414676757957,0.0,0.0,0.0,0.0,0.0,0.0,24%
CUST0142388,DECLINED,INSAGFFICIENT_NET_DISPOSABLE_INCOME,3.8267462858951e-07,4.701210519579216e-06,0.008046414676757957,0.0,0.0,0.0,0.0,0.0,0.0,24%
CUST0142464,DECLINED,INSAGFFICIENT_NET_DISPOSABLE_INCOME,3.8267462858951e-07,4.701210519579216e-06,0.008046414676757957,0.0,0.0,0.0,0.0,0.0,0.0,24%
CUST0142476,DECLINED,INSAGFFICIENT_NET_DISPOSABLE_INCOME,3.8267462858951e-07,4.701210519579216e-06,0.008046414676757957,0.0,0.0,0.0,0.0,0.0,0.0,24%
CUST0142478,DECLINED,INSAGFFICIENT_NET_DISPOSABLE_INCOME,3.8267462858951e-07,4.701210519579216e-06,0.008046414676757957,0.0,0.0,0.0,0.0,0.0,0.0,24%
CUST0142536,DECLINED,INSAGFFICIENT_NET_DISPOSABLE_INCOME,3.8267462858951e-07,4.701210519579216e-06,0.008046414676757957,0.0,0.0,0.0,0.0,0.0,0.0,24%
CUST0142629,DECLINED,INSAGFFICIENT_NET_DISPOSABLE_INCOME,3.8267462858951e-07,4.701210519579216e-06,0.008046414676757957,0.0,0.0,0.0,0.0,0.0,0.0,24%
CUST0142919,DECLINED,INSAGFFICIENT_NET_DISPOSABLE_INCOME,3.8267462858951e-07,4.701210519579216e-06,0.008046414676757957,0.0,0.0,0.0,0.0,0.0,0.0,24%
CUST0143051,DECLINED,INSAGFFICIENT_NET_DISPOSABLE_INCOME,3.8267462858951e-07,4.701210519579216e-06,0.008046414676757957,0.0,0.0,0.0,0.0,0.0,0.0,24%
CUST0143113,DECLINED,INSAGFFICIENT_NET_DISPOSABLE_INCOME,5918.467964986894,6317.996312845711,12650.532767652809,0.0,0.0,0.0,0.0,0.0,0.0,24%
CUST0143271,DECLINED,INSAGFFICIENT_NET_DISPOSABLE_INCOME,3.8267462858951e-07,4.701210519579216e-06,0.008046414676757957,0.0,0.0,0.0,0.0,0.0,0.0,24%
CUST0143278,DECLINED,INSAGFFICIENT_NET_DISPOSABLE_INCOME,3.8267462858951e-07,4.701210519579216e-06,0.008046414676757957,0.0,0.0,0.0,0.0,0.0,0.0,24%
CUST0143399,DECLINED,INSAGFFICIENT_NET_DISPOSABLE_INCOME,5196.80116495794,5294.427982089165,12291.645445456705,0.0,0.0,0.0,0.0,0.0,0.0,24%
CUST0143403,DECLINED,INSAGFFICIENT_NET_DISPOSABLE_INCOME,3.8267462858951e-07,4.701210519579216e-06,0.008046414676757957,0.0,0.0,0.0,0.0,0.0,0.0,24%
CUST0143409,DECLINED,INSAGFFICIENT_NET_DISPOSABLE_INCOME,3.8267462858951e-07,4.701210519579216e-06,0.008046414676757957,0.0,0.0,0.0,0.0,0.0,0.0,24%
CUST0143512,DECLINED,INSAGFFICIENT_NET_DISPOSABLE_INCOME,5693.666203664131,6565.439343200967,21925.880930230847,0.0,0.0,0.0,0.0,0.0,0.0,24%
CUST0143534,DECLINED,INSAGFFICIENT_NET_DISPOSABLE_INCOME,3.8267462858951e-07,4.701210519579216e-06,0.008046414676757957,0.0,0.0,0.0,0.0,0.0,0.0,24%
CUST0143570,DECLINED,INSAGFFICIENT_NET_DISPOSABLE_INCOME,3.8267462858951e-07,4.701210519579216e-06,0.008046414676757957,0.0,0.0,0.0,0.0,0.0,0.0,24%
CUST0143621,DECLINED,INSAGFFICIENT_NET_DISPOSABLE_INCOME,3.8267462858951e-07,4.701210519579216e-06,0.008046414676757957,0.0,0.0,0.0,0.0,0.0,0.0,24%
CUST0143640,DECLINED,INSAGFFICIENT_NET_DISPOSABLE_INCOME,3.8267462858951e-07,4.701210519579216e-06,0.008046414676757957,0.0,0.0,0.0,0.0,0.0,0.0,24%
CUST0143647,DECLINED,INSAGFFICIENT_NET_DISPOSABLE_INCOME,3.8267462858951e-07,4.701210519579216e-06,0.008046414676757957,0.0,0.0,0.0,0.0,0.0,0.0,24%
CUST0143682,DECLINED,INSAGFFICIENT_NET_DISPOSABLE_INCOME,3.8267462858951e-07,4.701210519579216e-06,0.008046414676757957,0.0,0.0,0.0,0.0,0.0,0.0,24%
CUST0143806,DECLINED,INSAGFFICIENT_NET_DISPOSABLE_INCOME,3.8267462858951e-07,4.701210519579216e-06,0.008046414676757957,0.0,0.0,0.0,0.0,0.0,0.0,24%
CUST0143831,DECLINED,INSAGFFICIENT_NET_DISPOSABLE_INCOME,5851.078054401243,6267.148735122465,18353.924340795355,0.0,0.0,0.0,0.0,0.0,0.0,24%
CUST0143869,DECLINED,INSAGFFICIENT_NET_DISPOSABLE_INCOME,3.8267462858951e-07,4.701210519579216e-06,0.008046414676757957,0.0,0.0,0.0,0.0,0.0,0.0,24%
CUST0143992,DECLINED,INSAGFFICIENT_NET_DISPOSABLE_INCOME,3.8267462858951e-07,4.701210519579216e-06,0.008046414676757957,0.0,0.0,0.0,0.0,0.0,0.0,24%
CUST0144043,DECLINED,INSAGFFICIENT_NET_DISPOSABLE_INCOME,3.8267462858951e-07,4.701210519579216e-06,0.008046414676757957,0.0,0.0,0.0,0.0,0.0,0.0,24%
CUST0144062,DECLINED,INSAGFFICIENT_NET_DISPOSABLE_INCOME,3.8267462858951e-07,4.701210519579216e-06,0.008046414676757957,0.0,0.0,0.0,0.0,0.0,0.0,24%
CUST0144089,DECLINED,INSAGFFICIENT_NET_DISPOSABLE_INCOME,3.8267462858951e-07,4.701210519579216e-06,0.008046414676757957,0.0,0.0,0.0,0.0,0.0,0.0,24%
CUST0144107,DECLINED,INSAGFFICIENT_NET_DISPOSABLE_INCOME,6192.147200257668,6695.814344550243,18831.290101424485,0.0,0.0,0.0,0.0,0.0,0.0,24%
CUST0144132,DECLINED,INSAGFFICIENT_NET_DISPOSABLE_INCOME,3.8267462858951e-07,4.701210519579216e-06,0.008046414676757957,0.0,0.0,0.0,0.0,0.0,0.0,24%
CUST0144409,DECLINED,INSAGFFICIENT_NET_DISPOSABLE_INCOME,3.8267462858951e-07,4.701210519579216e-06,0.008046414676757957,0.0,0.0,0.0,0.0,0.0,0.0,24%
CUST0144419,DECLINED,INSAGFFICIENT_NET_DISPOSABLE_INCOME,3.8267462858951e-07,4.701210519579216e-06,0.008046414676757957,0.0,0.0,0.0,0.0,0.0,0.0,24%
CUST0144493,DECLINED,INSAGFFICIENT_NET_DISPOSABLE_INCOME,3902.8171110397566,20106.97126991227,36163.55800138149,0.0,0.0,0.0,0.0,0.0,0.0,24%
CUST0144495,DECLINED,INSAGFFICIENT_NET_DISPOSABLE_INCOME,6531.397754679072,7106.030003778592,18102.44989203378,0.0,0.0,0.0,0.0,0.0,0.0,24%
CUST0144556,DECLINED,INSAGFFICIENT_NET_DISPOSABLE_INCOME,3.8267462858951e-07,4.701210519579216e-06,0.008046414676757957,0.0,0.0,0.0,0.0,0.0,0.0,24%
CUST0144579,DECLINED,INSAGFFICIENT_NET_DISPOSABLE_INCOME,3.8267462858951e-07,4.701210519579216e-06,0.008046414676757957,0.0,0.0,0.0,0.0,0.0,0.0,24%
CUST0144602,DECLINED,INSAGFFICIENT_NET_DISPOSABLE_INCOME,5794.768805655788,6380.3510061889365,16761.63660981878,0.0,0.0,0.0,0.0,0.0,0.0,24%
CUST0144716,DECLINED,INSAGFFICIENT_NET_DISPOSABLE_INCOME,3.8267462858951e-07,4.701210519579216e-06,0.008046414676757957,0.0,0.0,0.0,0.0,0.0,0.0,24%
CUST0144718,DECLINED,INSAGFFICIENT_NET_DISPOSABLE_INCOME,3.8267462858951e-07,4.701210519579216e-06,0.008046414676757957,0.0,0.0,0.0,0.0,0.0,0.0,24%
CUST0144744,DECLINED,INSAGFFICIENT_NET_DISPOSABLE_INCOME,3.8267462858951e-07,4.701210519579216e-06,0.008046414676757957,0.0,0.0,0.0,0.0,0.0,0.0,24%
CUST0144798,DECLINED,INSAGFFICIENT_NET_DISPOSABLE_INCOME,3.8267462858951e-07,4.701210519579216e-06,0.008046414676757957,0.0,0.0,0.0,0.0,0.0,0.0,24%
CUST0144868,DECLINED,INSAGFFICIENT_NET_DISPOSABLE_INCOME,3.8267462858951e-07,4.701210519579216e-06,0.008046414676757957,0.0,0.0,0.0,0.0,0.0,0.0,24%
CUST0144955,DECLINED,INSAGFFICIENT_NET_DISPOSABLE_INCOME,5794.560040776012,6059.470815821532,18413.80149247557,0.0,0.0,0.0,0.0,0.0,0.0,24%
CUST0145056,DECLINED,INSAGFFICIENT_NET_DISPOSABLE_INCOME,5627.115070993783,6011.131380536134,16584.701214716653,0.0,0.0,0.0,0.0,0.0,0.0,24%
CUST0145094,DECLINED,INSAGFFICIENT_NET_DISPOSABLE_INCOME,3.8267462858951e-07,4.701210519579216e-06,0.008046414676757957,0.0,0.0,0.0,0.0,0.0,0.0,24%
CUST0145146,DECLINED,INSAGFFICIENT_NET_DISPOSABLE_INCOME,3.8267462858951e-07,4.701210519579216e-06,0.008046414676757957,0.0,0.0,0.0,0.0,0.0,0.0,24%
CUST0145203,DECLINED,INSAGFFICIENT_NET_DISPOSABLE_INCOME,3.8267462858951e-07,4.701210519579216e-06,0.008046414676757957,0.0,0.0,0.0,0.0,0.0,0.0,24%
CUST0145298,DECLINED,INSAGFFICIENT_NET_DISPOSABLE_INCOME,3.8267462858951e-07,4.701210519579216e-06,0.008046414676757957,0.0,0.0,0.0,0.0,0.0,0.0,24%
CUST0145388,DECLINED,INSAGFFICIENT_NET_DISPOSABLE_INCOME,5186.005888365083,5670.745704847212,18446.916303747006,0.0,0.0,0.0,0.0,0.0,0.0,24%
CUST0145399,DECLINED,INSAGFFICIENT_NET_DISPOSABLE_INCOME,3.8267462858951e-07,4.701210519579216e-06,0.008046414676757957,0.0,0.0,0.0,0.0,0.0,0.0,24%
CUST0145406,DECLINED,INSAGFFICIENT_NET_DISPOSABLE_INCOME,3.8267462858951e-07,4.701210519579216e-06,0.008046414676757957,0.0,0.0,0.0,0.0,0.0,0.0,24%
CUST0145564,DECLINED,INSAGFFICIENT_NET_DISPOSABLE_INCOME,3.8267462858951e-07,4.701210519579216e-06,0.008046414676757957,0.0,0.0,0.0,0.0,0.0,0.0,24%
CUST0145612,DECLINED,INSAGFFICIENT_NET_DISPOSABLE_INCOME,3.8267462858951e-07,4.701210519579216e-06,0.008046414676757957,0.0,0.0,0.0,0.0,0.0,0.0,24%
CUST0145639,DECLINED,INSAGFFICIENT_NET_DISPOSABLE_INCOME,3.8267462858951e-07,4.701210519579216e-06,0.008046414676757957,0.0,0.0,0.0,0.0,0.0,0.0,24%
CUST0145655,DECLINED,INSAGFFICIENT_NET_DISPOSABLE_INCOME,3.8267462858951e-07,4.701210519579216e-06,0.008046414676757957,0.0,0.0,0.0,0.0,0.0,0.0,24%
CUST0145703,DECLINED,INSAGFFICIENT_NET_DISPOSABLE_INCOME,3.8267462858951e-07,4.701210519579216e-06,0.008046414676757957,0.0,0.0,0.0,0.0,0.0,0.0,24%
CUST0145728,DECLINED,INSAGFFICIENT_NET_DISPOSABLE_INCOME,3.8267462858951e-07,4.701210519579216e-06,0.008046414676757957,0.0,0.0,0.0,0.0,0.0,0.0,24%
CUST0145739,DECLINED,INSAGFFICIENT_NET_DISPOSABLE_INCOME,3.8267462858951e-07,4.701210519579216e-06,0.008046414676757957,0.0,0.0,0.0,0.0,0.0,0.0,24%
CUST0145742,DECLINED,INSAGFFICIENT_NET_DISPOSABLE_INCOME,3.8267462858951e-07,4.701210519579216e-06,0.008046414676757957,0.0,0.0,0.0,0.0,0.0,0.0,24%
CUST0145754,DECLINED,INSAGFFICIENT_NET_DISPOSABLE_INCOME,6405.310271537909,6735.336662874953,18556.77288445139,0.0,0.0,0.0,0.0,0.0,0.0,24%
CUST0145812,DECLINED,INSAGFFICIENT_NET_DISPOSABLE_INCOME,6334.798660311361,6811.677732551767,13331.196782682884,0.0,0.0,0.0,0.0,0.0,0.0,24%
CUST0145836,DECLINED,INSAGFFICIENT_NET_DISPOSABLE_INCOME,3.8267462858951e-07,4.701210519579216e-06,0.008046414676757957,0.0,0.0,0.0,0.0,0.0,0.0,24%
CUST0145963,DECLINED,INSAGFFICIENT_NET_DISPOSABLE_INCOME,3.8267462858951e-07,4.701210519579216e-06,0.008046414676757957,0.0,0.0,0.0,0.0,0.0,0.0,24%
CUST0146025,DECLINED,INSAGFFICIENT_NET_DISPOSABLE_INCOME,3.8267462858951e-07,4.701210519579216e-06,0.008046414676757957,0.0,0.0,0.0,0.0,0.0,0.0,24%
CUST0146053,DECLINED,INSAGFFICIENT_NET_DISPOSABLE_INCOME,3.8267462858951e-07,4.701210519579216e-06,0.008046414676757957,0.0,0.0,0.0,0.0,0.0,0.0,24%
CUST0146181,DECLINED,INSAGFFICIENT_NET_DISPOSABLE_INCOME,3.8267462858951e-07,4.701210519579216e-06,0.008046414676757957,0.0,0.0,0.0,0.0,0.0,0.0,24%
CUST0146212,DECLINED,INSAGFFICIENT_NET_DISPOSABLE_INCOME,3.8267462858951e-07,4.701210519579216e-06,0.008046414676757957,0.0,0.0,0.0,0.0,0.0,0.0,24%
CUST0146412,DECLINED,INSAGFFICIENT_NET_DISPOSABLE_INCOME,3.8267462858951e-07,4.701210519579216e-06,0.008046414676757957,0.0,0.0,0.0,0.0,0.0,0.0,24%
CUST0146415,DECLINED,INSAGFFICIENT_NET_DISPOSABLE_INCOME,3.8267462858951e-07,4.701210519579216e-06,0.008046414676757957,0.0,0.0,0.0,0.0,0.0,0.0,24%
CUST0146505,DECLINED,INSAGFFICIENT_NET_DISPOSABLE_INCOME,6373.792623103306,6555.711599476478,18688.798829859392,0.0,0.0,0.0,0.0,0.0,0.0,24%
CUST0146556,DECLINED,INSAGFFICIENT_NET_DISPOSABLE_INCOME,3.8267462858951e-07,4.701210519579216e-06,0.008046414676757957,0.0,0.0,0.0,0.0,0.0,0.0,24%
CUST0146591,DECLINED,INSAGFFICIENT_NET_DISPOSABLE_INCOME,3.8267462858951e-07,4.701210519579216e-06,0.008046414676757957,0.0,0.0,0.0,0.0,0.0,0.0,24%
CUST0146653,DECLINED,INSAGFFICIENT_NET_DISPOSABLE_INCOME,3.8267462858951e-07,4.701210519579216e-06,0.008046414676757957,0.0,0.0,0.0,0.0,0.0,0.0,24%
CUST0146673,DECLINED,INSAGFFICIENT_NET_DISPOSABLE_INCOME,3.8267462858951e-07,4.701210519579216e-06,0.008046414676757957,0.0,0.0,0.0,0.0,0.0,0.0,24%
CUST0146691,DECLINED,INSAGFFICIENT_NET_DISPOSABLE_INCOME,3.8267462858951e-07,4.701210519579216e-06,0.008046414676757957,0.0,0.0,0.0,0.0,0.0,0.0,24%
CUST0146701,DECLINED,INSAGFFICIENT_NET_DISPOSABLE_INCOME,3.8267462858951e-07,4.701210519579216e-06,0.008046414676757957,0.0,0.0,0.0,0.0,0.0,0.0,24%
CUST0146733,DECLINED,INSAGFFICIENT_NET_DISPOSABLE_INCOME,3.8267462858951e-07,4.701210519579216e-06,0.008046414676757957,0.0,0.0,0.0,0.0,0.0,0.0,24%
CUST0146870,DECLINED,INSAGFFICIENT_NET_DISPOSABLE_INCOME,3902.8171110397566,20106.97126991227,36163.55800138149,0.0,0.0,0.0,0.0,0.0,0.0,24%
CUST0147100,DECLINED,INSAGFFICIENT_NET_DISPOSABLE_INCOME,3.8267462858951e-07,4.701210519579216e-06,0.008046414676757957,0.0,0.0,0.0,0.0,0.0,0.0,24%
CUST0147129,DECLINED,INSAGFFICIENT_NET_DISPOSABLE_INCOME,3.8267462858951e-07,4.701210519579216e-06,0.008046414676757957,0.0,0.0,0.0,0.0,0.0,0.0,24%
CUST0147136,DECLINED,INSAGFFICIENT_NET_DISPOSABLE_INCOME,3.8267462858951e-07,4.701210519579216e-06,0.008046414676757957,0.0,0.0,0.0,0.0,0.0,0.0,24%
CUST0147146,DECLINED,INSAGFFICIENT_NET_DISPOSABLE_INCOME,3.8267462858951e-07,4.701210519579216e-06,0.008046414676757957,0.0,0.0,0.0,0.0,0.0,0.0,24%
CUST0147194,DECLINED,INSAGFFICIENT_NET_DISPOSABLE_INCOME,3.8267462858951e-07,4.701210519579216e-06,0.008046414676757957,0.0,0.0,0.0,0.0,0.0,0.0,24%
CUST0147300,DECLINED,INSAGFFICIENT_NET_DISPOSABLE_INCOME,3.8267462858951e-07,4.701210519579216e-06,0.008046414676757957,0.0,0.0,0.0,0.0,0.0,0.0,24%
CUST0147334,DECLINED,INSAGFFICIENT_NET_DISPOSABLE_INCOME,3.8267462858951e-07,4.701210519579216e-06,0.008046414676757957,0.0,0.0,0.0,0.0,0.0,0.0,24%
CUST0147540,DECLINED,INSAGFFICIENT_NET_DISPOSABLE_INCOME,6561.0689889602245,7232.295942431381,18568.402040405614,0.0,0.0,0.0,0.0,0.0,0.0,24%
CUST0147690,DECLINED,INSAGFFICIENT_NET_DISPOSABLE_INCOME,3.8267462858951e-07,4.701210519579216e-06,0.008046414676757957,0.0,0.0,0.0,0.0,0.0,0.0,24%
CUST0147715,DECLINED,INSAGFFICIENT_NET_DISPOSABLE_INCOME,3.8267462858951e-07,4.701210519579216e-06,0.008046414676757957,0.0,0.0,0.0,0.0,0.0,0.0,24%
CUST0147752,DECLINED,INSAGFFICIENT_NET_DISPOSABLE_INCOME,3.8267462858951e-07,4.701210519579216e-06,0.008046414676757957,0.0,0.0,0.0,0.0,0.0,0.0,24%
CUST0147925,DECLINED,INSAGFFICIENT_NET_DISPOSABLE_INCOME,3902.8171110397566,20106.97126991227,36163.55800138149,0.0,0.0,0.0,0.0,0.0,0.0,24%
CUST0148045,DECLINED,INSAGFFICIENT_NET_DISPOSABLE_INCOME,3.8267462858951e-07,4.701210519579216e-06,0.008046414676757957,0.0,0.0,0.0,0.0,0.0,0.0,24%
CUST0148162,DECLINED,INSAGFFICIENT_NET_DISPOSABLE_INCOME,3.8267462858951e-07,4.701210519579216e-06,0.008046414676757957,0.0,0.0,0.0,0.0,0.0,0.0,24%
CUST0148283,DECLINED,INSAGFFICIENT_NET_DISPOSABLE_INCOME,3.8267462858951e-07,4.701210519579216e-06,0.008046414676757957,0.0,0.0,0.0,0.0,0.0,0.0,24%
CUST0148377,DECLINED,INSAGFFICIENT_NET_DISPOSABLE_INCOME,3.8267462858951e-07,4.701210519579216e-06,0.008046414676757957,0.0,0.0,0.0,0.0,0.0,0.0,24%
CUST0148417,DECLINED,INSAGFFICIENT_NET_DISPOSABLE_INCOME,3.8267462858951e-07,4.701210519579216e-06,0.008046414676757957,0.0,0.0,0.0,0.0,0.0,0.0,24%
CUST0148445,DECLINED,INSAGFFICIENT_NET_DISPOSABLE_INCOME,3.8267462858951e-07,4.701210519579216e-06,0.008046414676757957,0.0,0.0,0.0,0.0,0.0,0.0,24%
CUST0148517,DECLINED,INSAGFFICIENT_NET_DISPOSABLE_INCOME,3.8267462858951e-07,4.701210519579216e-06,0.008046414676757957,0.0,0.0,0.0,0.0,0.0,0.0,24%
CUST0148522,DECLINED,INSAGFFICIENT_NET_DISPOSABLE_INCOME,3.8267462858951e-07,4.701210519579216e-06,0.008046414676757957,0.0,0.0,0.0,0.0,0.0,0.0,24%
CUST0148524,DECLINED,INSAGFFICIENT_NET_DISPOSABLE_INCOME,3.8267462858951e-07,4.701210519579216e-06,0.008046414676757957,0.0,0.0,0.0,0.0,0.0,0.0,24%
CUST0148589,DECLINED,INSAGFFICIENT_NET_DISPOSABLE_INCOME,3.8267462858951e-07,4.701210519579216e-06,0.008046414676757957,0.0,0.0,0.0,0.0,0.0,0.0,24%
CUST0148595,DECLINED,INSAGFFICIENT_NET_DISPOSABLE_INCOME,3.8267462858951e-07,4.701210519579216e-06,0.008046414676757957,0.0,0.0,0.0,0.0,0.0,0.0,24%
CUST0148682,DECLINED,INSAGFFICIENT_NET_DISPOSABLE_INCOME,3.8267462858951e-07,4.701210519579216e-06,0.008046414676757957,0.0,0.0,0.0,0.0,0.0,0.0,24%
CUST0148699,DECLINED,INSAGFFICIENT_NET_DISPOSABLE_INCOME,5494.000288270563,5682.719756681659,12042.442974557329,0.0,0.0,0.0,0.0,0.0,0.0,24%
CUST0148709,DECLINED,INSAGFFICIENT_NET_DISPOSABLE_INCOME,3.8267462858951e-07,4.701210519579216e-06,0.008046414676757957,0.0,0.0,0.0,0.0,0.0,0.0,24%
CUST0148730,DECLINED,INSAGFFICIENT_NET_DISPOSABLE_INCOME,3.8267462858951e-07,4.701210519579216e-06,0.008046414676757957,0.0,0.0,0.0,0.0,0.0,0.0,24%
CUST0148753,DECLINED,INSAGFFICIENT_NET_DISPOSABLE_INCOME,6347.449563168303,8658.383852933506,15755.584220753482,0.0,0.0,0.0,0.0,0.0,0.0,24%
CUST0148777,DECLINED,INSAGFFICIENT_NET_DISPOSABLE_INCOME,3.8267462858951e-07,4.701210519579216e-06,0.008046414676757957,0.0,0.0,0.0,0.0,0.0,0.0,24%
CUST0148781,DECLINED,INSAGFFICIENT_NET_DISPOSABLE_INCOME,3.8267462858951e-07,4.701210519579216e-06,0.008046414676757957,0.0,0.0,0.0,0.0,0.0,0.0,24%
CUST0148796,DECLINED,INSAGFFICIENT_NET_DISPOSABLE_INCOME,3.8267462858951e-07,4.701210519579216e-06,0.008046414676757957,0.0,0.0,0.0,0.0,0.0,0.0,24%
CUST0148817,DECLINED,INSAGFFICIENT_NET_DISPOSABLE_INCOME,3.8267462858951e-07,4.701210519579216e-06,0.008046414676757957,0.0,0.0,0.0,0.0,0.0,0.0,24%
CUST0149001,DECLINED,INSAGFFICIENT_NET_DISPOSABLE_INCOME,3.8267462858951e-07,4.701210519579216e-06,0.008046414676757957,0.0,0.0,0.0,0.0,0.0,0.0,24%
CUST0149068,DECLINED,INSAGFFICIENT_NET_DISPOSABLE_INCOME,3.8267462858951e-07,4.701210519579216e-06,0.008046414676757957,0.0,0.0,0.0,0.0,0.0,0.0,24%
CUST0149081,DECLINED,INSAGFFICIENT_NET_DISPOSABLE_INCOME,3.8267462858951e-07,4.701210519579216e-06,0.008046414676757957,0.0,0.0,0.0,0.0,0.0,0.0,24%
CUST0149192,DECLINED,INSAGFFICIENT_NET_DISPOSABLE_INCOME,3.8267462858951e-07,4.701210519579216e-06,0.008046414676757957,0.0,0.0,0.0,0.0,0.0,0.0,24%
CUST0149406,DECLINED,INSAGFFICIENT_NET_DISPOSABLE_INCOME,3.8267462858951e-07,4.701210519579216e-06,0.008046414676757957,0.0,0.0,0.0,0.0,0.0,0.0,24%
CUST0149472,DECLINED,INSAGFFICIENT_NET_DISPOSABLE_INCOME,3.8267462858951e-07,4.701210519579216e-06,0.008046414676757957,0.0,0.0,0.0,0.0,0.0,0.0,24%
CUST0149512,DECLINED,INSAGFFICIENT_NET_DISPOSABLE_INCOME,3.8267462858951e-07,4.701210519579216e-06,0.008046414676757957,0.0,0.0,0.0,0.0,0.0,0.0,24%
CUST0149551,DECLINED,INSAGFFICIENT_NET_DISPOSABLE_INCOME,3.8267462858951e-07,4.701210519579216e-06,0.008046414676757957,0.0,0.0,0.0,0.0,0.0,0.0,24%
CUST0149591,DECLINED,INSAGFFICIENT_NET_DISPOSABLE_INCOME,3.8267462858951e-07,4.701210519579216e-06,0.008046414676757957,0.0,0.0,0.0,0.0,0.0,0.0,24%
CUST0149652,DECLINED,INSAGFFICIENT_NET_DISPOSABLE_INCOME,3.8267462858951e-07,4.701210519579216e-06,0.008046414676757957,0.0,0.0,0.0,0.0,0.0,0.0,24%
CUST0149776,DECLINED,INSAGFFICIENT_NET_DISPOSABLE_INCOME,3.8267462858951e-07,4.701210519579216e-06,0.008046414676757957,0.0,0.0,0.0,0.0,0.0,0.0,24%
CUST0149816,DECLINED,INSAGFFICIENT_NET_DISPOSABLE_INCOME,3.8267462858951e-07,4.701210519579216e-06,0.008046414676757957,0.0,0.0,0.0,0.0,0.0,0.0,24%
CUST0149821,DECLINED,INSAGFFICIENT_NET_DISPOSABLE_INCOME,3.8267462858951e-07,4.701210519579216e-06,0.008046414676757957,0.0,0.0,0.0,0.0,0.0,0.0,24%
CUST0149826,DECLINED,INSAGFFICIENT_NET_DISPOSABLE_INCOME,3.8267462858951e-07,4.701210519579216e-06,0.008046414676757957,0.0,0.0,0.0,0.0,0.0,0.0,24%
CUST0149851,DECLINED,INSAGFFICIENT_NET_DISPOSABLE_INCOME,3.8267462858951e-07,4.701210519579216e-06,0.008046414676757957,0.0,0.0,0.0,0.0,0.0,0.0,24%
CUST0149855,DECLINED,INSAGFFICIENT_NET_DISPOSABLE_INCOME,5662.75327272249,6041.06623179554,18518.090121727204,0.0,0.0,0.0,0.0,0.0,0.0,24%
CUST0149898,DECLINED,INSAGFFICIENT_NET_DISPOSABLE_INCOME,3.8267462858951e-07,4.701210519579216e-06,0.008046414676757957,0.0,0.0,0.0,0.0,0.0,0.0,24%
CUST0149911,DECLINED,INSAGFFICIENT_NET_DISPOSABLE_INCOME,3902.8171110397566,20106.97126991227,36163.55800138149,0.0,0.0,0.0,0.0,0.0,0.0,24%
CUST0149923,DECLINED,INSAGFFICIENT_NET_DISPOSABLE_INCOME,3.8267462858951e-07,4.701210519579216e-06,0.008046414676757957,0.0,0.0,0.0,0.0,0.0,0.0,24%
CUST0149926,DECLINED,INSAGFFICIENT_NET_DISPOSABLE_INCOME,3.8267462858951e-07,4.701210519579216e-06,0.008046414676757957,0.0,0.0,0.0,0.0,0.0,0.0,24%
CUST0149997,DECLINED,INSAGFFICIENT_NET_DISPOSABLE_INCOME,3.8267462858951e-07,4.701210519579216e-06,0.008046414676757957,0.0,0.0,0.0,0.0,0.0,0.0,24%
CUST0150044,DECLINED,INSAGFFICIENT_NET_DISPOSABLE_INCOME,4856.119127184692,5186.188033801682,18678.051011900905,0.0,0.0,0.0,0.0,0.0,0.0,24%
CUST0150080,DECLINED,INSAGFFICIENT_NET_DISPOSABLE_INCOME,3902.8171110397566,20106.97126991227,36163.55800138149,0.0,0.0,0.0,0.0,0.0,0.0,24%
CUST0150158,DECLINED,INSAGFFICIENT_NET_DISPOSABLE_INCOME,3.8267462858951e-07,4.701210519579216e-06,0.008046414676757957,0.0,0.0,0.0,0.0,0.0,0.0,24%
CUST0150228,DECLINED,INSAGFFICIENT_NET_DISPOSABLE_INCOME,3.8267462858951e-07,4.701210519579216e-06,0.008046414676757957,0.0,0.0,0.0,0.0,0.0,0.0,24%
CUST0150248,DECLINED,INSAGFFICIENT_NET_DISPOSABLE_INCOME,3.8267462858951e-07,4.701210519579216e-06,0.008046414676757957,0.0,0.0,0.0,0.0,0.0,0.0,24%
CUST0150265,DECLINED,INSAGFFICIENT_NET_DISPOSABLE_INCOME,3.8267462858951e-07,4.701210519579216e-06,0.008046414676757957,0.0,0.0,0.0,0.0,0.0,0.0,24%
CUST0150298,DECLINED,INSAGFFICIENT_NET_DISPOSABLE_INCOME,3.8267462858951e-07,4.701210519579216e-06,0.008046414676757957,0.0,0.0,0.0,0.0,0.0,0.0,24%
CUST0150299,DECLINED,INSAGFFICIENT_NET_DISPOSABLE_INCOME,3.8267462858951e-07,4.701210519579216e-06,0.008046414676757957,0.0,0.0,0.0,0.0,0.0,0.0,24%
CUST0150371,DECLINED,INSAGFFICIENT_NET_DISPOSABLE_INCOME,3.8267462858951e-07,4.701210519579216e-06,0.008046414676757957,0.0,0.0,0.0,0.0,0.0,0.0,24%
CUST0150402,DECLINED,INSAGFFICIENT_NET_DISPOSABLE_INCOME,3.8267462858951e-07,4.701210519579216e-06,0.008046414676757957,0.0,0.0,0.0,0.0,0.0,0.0,24%
CUST0150435,DECLINED,INSAGFFICIENT_NET_DISPOSABLE_INCOME,5001.547920858658,5132.255425108216,11753.197122834705,0.0,0.0,0.0,0.0,0.0,0.0,24%
CUST0150463,DECLINED,INSAGFFICIENT_NET_DISPOSABLE_INCOME,3.8267462858951e-07,4.701210519579216e-06,0.008046414676757957,0.0,0.0,0.0,0.0,0.0,0.0,24%
CUST0150547,DECLINED,INSAGFFICIENT_NET_DISPOSABLE_INCOME,3.8267462858951e-07,4.701210519579216e-06,0.008046414676757957,0.0,0.0,0.0,0.0,0.0,0.0,24%
CUST0150610,DECLINED,INSAGFFICIENT_NET_DISPOSABLE_INCOME,3.8267462858951e-07,4.701210519579216e-06,0.008046414676757957,0.0,0.0,0.0,0.0,0.0,0.0,24%
CUST0150726,DECLINED,INSAGFFICIENT_NET_DISPOSABLE_INCOME,6025.473419472356,6687.052326914666,17400.04937670833,0.0,0.0,0.0,0.0,0.0,0.0,24%
CUST0150737,DECLINED,INSAGFFICIENT_NET_DISPOSABLE_INCOME,3.8267462858951e-07,4.701210519579216e-06,0.008046414676757957,0.0,0.0,0.0,0.0,0.0,0.0,24%
CUST0150739,DECLINED,INSAGFFICIENT_NET_DISPOSABLE_INCOME,3.8267462858951e-07,4.701210519579216e-06,0.008046414676757957,0.0,0.0,0.0,0.0,0.0,0.0,24%
CUST0150763,DECLINED,INSAGFFICIENT_NET_DISPOSABLE_INCOME,3.8267462858951e-07,4.701210519579216e-06,0.008046414676757957,0.0,0.0,0.0,0.0,0.0,0.0,24%
CUST0150793,DECLINED,INSAGFFICIENT_NET_DISPOSABLE_INCOME,3.8267462858951e-07,4.701210519579216e-06,0.008046414676757957,0.0,0.0,0.0,0.0,0.0,0.0,24%
CUST0150856,DECLINED,INSAGFFICIENT_NET_DISPOSABLE_INCOME,3.8267462858951e-07,4.701210519579216e-06,0.008046414676757957,0.0,0.0,0.0,0.0,0.0,0.0,24%
CUST0150986,DECLINED,INSAGFFICIENT_NET_DISPOSABLE_INCOME,3.8267462858951e-07,4.701210519579216e-06,0.008046414676757957,0.0,0.0,0.0,0.0,0.0,0.0,24%
CUST0151001,DECLINED,INSAGFFICIENT_NET_DISPOSABLE_INCOME,3.8267462858951e-07,4.701210519579216e-06,0.008046414676757957,0.0,0.0,0.0,0.0,0.0,0.0,24%
CUST0151070,DECLINED,INSAGFFICIENT_NET_DISPOSABLE_INCOME,3.8267462858951e-07,4.701210519579216e-06,0.008046414676757957,0.0,0.0,0.0,0.0,0.0,0.0,24%
CUST0151074,DECLINED,INSAGFFICIENT_NET_DISPOSABLE_INCOME,3.8267462858951e-07,4.701210519579216e-06,0.008046414676757957,0.0,0.0,0.0,0.0,0.0,0.0,24%
CUST0151147,DECLINED,INSAGFFICIENT_NET_DISPOSABLE_INCOME,3.8267462858951e-07,4.701210519579216e-06,0.008046414676757957,0.0,0.0,0.0,0.0,0.0,0.0,24%
CUST0151158,DECLINED,INSAGFFICIENT_NET_DISPOSABLE_INCOME,3.8267462858951e-07,4.701210519579216e-06,0.008046414676757957,0.0,0.0,0.0,0.0,0.0,0.0,24%
CUST0151174,DECLINED,INSAGFFICIENT_NET_DISPOSABLE_INCOME,3.8267462858951e-07,4.701210519579216e-06,0.008046414676757957,0.0,0.0,0.0,0.0,0.0,0.0,24%
CUST0151208,DECLINED,INSAGFFICIENT_NET_DISPOSABLE_INCOME,3.8267462858951e-07,4.701210519579216e-06,0.008046414676757957,0.0,0.0,0.0,0.0,0.0,0.0,24%
CUST0151283,DECLINED,INSAGFFICIENT_NET_DISPOSABLE_INCOME,3902.8171110397566,20106.97126991227,36163.55800138149,0.0,0.0,0.0,0.0,0.0,0.0,24%
CUST0151304,DECLINED,INSAGFFICIENT_NET_DISPOSABLE_INCOME,3902.8171110397566,20106.97126991227,36163.55800138149,0.0,0.0,0.0,0.0,0.0,0.0,24%
CUST0151339,DECLINED,INSAGFFICIENT_NET_DISPOSABLE_INCOME,3.8267462858951e-07,4.701210519579216e-06,0.008046414676757957,0.0,0.0,0.0,0.0,0.0,0.0,24%
CUST0151355,DECLINED,INSAGFFICIENT_NET_DISPOSABLE_INCOME,3.8267462858951e-07,4.701210519579216e-06,0.008046414676757957,0.0,0.0,0.0,0.0,0.0,0.0,24%
CUST0151372,DECLINED,INSAGFFICIENT_NET_DISPOSABLE_INCOME,3.8267462858951e-07,4.701210519579216e-06,0.008046414676757957,0.0,0.0,0.0,0.0,0.0,0.0,24%
CUST0151390,DECLINED,INSAGFFICIENT_NET_DISPOSABLE_INCOME,3902.8171110397566,20106.97126991227,36163.55800138149,0.0,0.0,0.0,0.0,0.0,0.0,24%
CUST0151455,DECLINED,INSAGFFICIENT_NET_DISPOSABLE_INCOME,3.8267462858951e-07,4.701210519579216e-06,0.008046414676757957,0.0,0.0,0.0,0.0,0.0,0.0,24%
CUST0151503,DECLINED,INSAGFFICIENT_NET_DISPOSABLE_INCOME,3.8267462858951e-07,4.701210519579216e-06,0.008046414676757957,0.0,0.0,0.0,0.0,0.0,0.0,24%
CUST0151520,DECLINED,INSAGFFICIENT_NET_DISPOSABLE_INCOME,3.8267462858951e-07,4.701210519579216e-06,0.008046414676757957,0.0,0.0,0.0,0.0,0.0,0.0,24%
CUST0151598,DECLINED,INSAGFFICIENT_NET_DISPOSABLE_INCOME,3.8267462858951e-07,4.701210519579216e-06,0.008046414676757957,0.0,0.0,0.0,0.0,0.0,0.0,24%
CUST0151620,DECLINED,INSAGFFICIENT_NET_DISPOSABLE_INCOME,3.8267462858951e-07,4.701210519579216e-06,0.008046414676757957,0.0,0.0,0.0,0.0,0.0,0.0,24%
CUST0151630,DECLINED,INSAGFFICIENT_NET_DISPOSABLE_INCOME,3.8267462858951e-07,4.701210519579216e-06,0.008046414676757957,0.0,0.0,0.0,0.0,0.0,0.0,24%
CUST0151682,DECLINED,INSAGFFICIENT_NET_DISPOSABLE_INCOME,3.8267462858951e-07,4.701210519579216e-06,0.008046414676757957,0.0,0.0,0.0,0.0,0.0,0.0,24%
CUST0151688,DECLINED,INSAGFFICIENT_NET_DISPOSABLE_INCOME,6001.375229306301,6973.416483101231,13878.022107466726,0.0,0.0,0.0,0.0,0.0,0.0,24%
CUST0151750,DECLINED,INSAGFFICIENT_NET_DISPOSABLE_INCOME,3.8267462858951e-07,4.701210519579216e-06,0.008046414676757957,0.0,0.0,0.0,0.0,0.0,0.0,24%
CUST0151846,DECLINED,INSAGFFICIENT_NET_DISPOSABLE_INCOME,3.8267462858951e-07,4.701210519579216e-06,0.008046414676757957,0.0,0.0,0.0,0.0,0.0,0.0,24%
CUST0151855,DECLINED,INSAGFFICIENT_NET_DISPOSABLE_INCOME,3.8267462858951e-07,4.701210519579216e-06,0.008046414676757957,0.0,0.0,0.0,0.0,0.0,0.0,24%
CUST0151870,DECLINED,INSAGFFICIENT_NET_DISPOSABLE_INCOME,3.8267462858951e-07,4.701210519579216e-06,0.008046414676757957,0.0,0.0,0.0,0.0,0.0,0.0,24%
CUST0151877,DECLINED,INSAGFFICIENT_NET_DISPOSABLE_INCOME,3.8267462858951e-07,4.701210519579216e-06,0.008046414676757957,0.0,0.0,0.0,0.0,0.0,0.0,24%
CUST0151891,DECLINED,INSAGFFICIENT_NET_DISPOSABLE_INCOME,3.8267462858951e-07,4.701210519579216e-06,0.008046414676757957,0.0,0.0,0.0,0.0,0.0,0.0,24%
CUST0151904,DECLINED,INSAGFFICIENT_NET_DISPOSABLE_INCOME,3.8267462858951e-07,4.701210519579216e-06,0.008046414676757957,0.0,0.0,0.0,0.0,0.0,0.0,24%
CUST0151967,DECLINED,INSAGFFICIENT_NET_DISPOSABLE_INCOME,3.8267462858951e-07,4.701210519579216e-06,0.008046414676757957,0.0,0.0,0.0,0.0,0.0,0.0,24%
CUST0152000,DECLINED,INSAGFFICIENT_NET_DISPOSABLE_INCOME,3.8267462858951e-07,4.701210519579216e-06,0.008046414676757957,0.0,0.0,0.0,0.0,0.0,0.0,24%
CUST0152048,DECLINED,INSAGFFICIENT_NET_DISPOSABLE_INCOME,5468.730421416326,5583.514343209785,12361.389827170668,0.0,0.0,0.0,0.0,0.0,0.0,24%
CUST0152154,DECLINED,INSAGFFICIENT_NET_DISPOSABLE_INCOME,3.8267462858951e-07,4.701210519579216e-06,0.008046414676757957,0.0,0.0,0.0,0.0,0.0,0.0,24%
CUST0152265,DECLINED,INSAGFFICIENT_NET_DISPOSABLE_INCOME,3.8267462858951e-07,4.701210519579216e-06,0.008046414676757957,0.0,0.0,0.0,0.0,0.0,0.0,24%
CUST0152322,DECLINED,INSAGFFICIENT_NET_DISPOSABLE_INCOME,3.8267462858951e-07,4.701210519579216e-06,0.008046414676757957,0.0,0.0,0.0,0.0,0.0,0.0,24%
CUST0152331,DECLINED,INSAGFFICIENT_NET_DISPOSABLE_INCOME,3902.8171110397566,20106.97126991227,36163.55800138149,0.0,0.0,0.0,0.0,0.0,0.0,24%
CUST0152358,DECLINED,INSAGFFICIENT_NET_DISPOSABLE_INCOME,3.8267462858951e-07,4.701210519579216e-06,0.008046414676757957,0.0,0.0,0.0,0.0,0.0,0.0,24%
CUST0152394,DECLINED,INSAGFFICIENT_NET_DISPOSABLE_INCOME,3.8267462858951e-07,4.701210519579216e-06,0.008046414676757957,0.0,0.0,0.0,0.0,0.0,0.0,24%
CUST0152410,DECLINED,INSAGFFICIENT_NET_DISPOSABLE_INCOME,6617.909224049069,11120.877184484963,16174.963356822887,0.0,0.0,0.0,0.0,0.0,0.0,24%
CUST0152432,DECLINED,INSAGFFICIENT_NET_DISPOSABLE_INCOME,3.8267462858951e-07,4.701210519579216e-06,0.008046414676757957,0.0,0.0,0.0,0.0,0.0,0.0,24%
CUST0152455,DECLINED,INSAGFFICIENT_NET_DISPOSABLE_INCOME,3.8267462858951e-07,4.701210519579216e-06,0.008046414676757957,0.0,0.0,0.0,0.0,0.0,0.0,24%
CUST0152519,DECLINED,INSAGFFICIENT_NET_DISPOSABLE_INCOME,3.8267462858951e-07,4.701210519579216e-06,0.008046414676757957,0.0,0.0,0.0,0.0,0.0,0.0,24%
CUST0152623,DECLINED,INSAGFFICIENT_NET_DISPOSABLE_INCOME,3.8267462858951e-07,4.701210519579216e-06,0.008046414676757957,0.0,0.0,0.0,0.0,0.0,0.0,24%
CUST0152630,DECLINED,INSAGFFICIENT_NET_DISPOSABLE_INCOME,3.8267462858951e-07,4.701210519579216e-06,0.008046414676757957,0.0,0.0,0.0,0.0,0.0,0.0,24%
CUST0152639,DECLINED,INSAGFFICIENT_NET_DISPOSABLE_INCOME,3.8267462858951e-07,4.701210519579216e-06,0.008046414676757957,0.0,0.0,0.0,0.0,0.0,0.0,24%
CUST0152756,DECLINED,INSAGFFICIENT_NET_DISPOSABLE_INCOME,3.8267462858951e-07,4.701210519579216e-06,0.008046414676757957,0.0,0.0,0.0,0.0,0.0,0.0,24%
CUST0152846,DECLINED,INSAGFFICIENT_NET_DISPOSABLE_INCOME,3.8267462858951e-07,4.701210519579216e-06,0.008046414676757957,0.0,0.0,0.0,0.0,0.0,0.0,24%
CUST0152856,DECLINED,INSAGFFICIENT_NET_DISPOSABLE_INCOME,3.8267462858951e-07,4.701210519579216e-06,0.008046414676757957,0.0,0.0,0.0,0.0,0.0,0.0,24%
CUST0152946,DECLINED,INSAGFFICIENT_NET_DISPOSABLE_INCOME,3.8267462858951e-07,4.701210519579216e-06,0.008046414676757957,0.0,0.0,0.0,0.0,0.0,0.0,24%
CUST0153051,DECLINED,INSAGFFICIENT_NET_DISPOSABLE_INCOME,3.8267462858951e-07,4.701210519579216e-06,0.008046414676757957,0.0,0.0,0.0,0.0,0.0,0.0,24%
CUST0153062,DECLINED,INSAGFFICIENT_NET_DISPOSABLE_INCOME,3.8267462858951e-07,4.701210519579216e-06,0.008046414676757957,0.0,0.0,0.0,0.0,0.0,0.0,24%
CUST0153148,DECLINED,INSAGFFICIENT_NET_DISPOSABLE_INCOME,3.8267462858951e-07,4.701210519579216e-06,0.008046414676757957,0.0,0.0,0.0,0.0,0.0,0.0,24%
CUST0153150,DECLINED,INSAGFFICIENT_NET_DISPOSABLE_INCOME,3.8267462858951e-07,4.701210519579216e-06,0.008046414676757957,0.0,0.0,0.0,0.0,0.0,0.0,24%
CUST0153156,DECLINED,INSAGFFICIENT_NET_DISPOSABLE_INCOME,3.8267462858951e-07,4.701210519579216e-06,0.008046414676757957,0.0,0.0,0.0,0.0,0.0,0.0,24%
CUST0153210,DECLINED,INSAGFFICIENT_NET_DISPOSABLE_INCOME,3.8267462858951e-07,4.701210519579216e-06,0.008046414676757957,0.0,0.0,0.0,0.0,0.0,0.0,24%
CUST0153257,DECLINED,INSAGFFICIENT_NET_DISPOSABLE_INCOME,3.8267462858951e-07,4.701210519579216e-06,0.008046414676757957,0.0,0.0,0.0,0.0,0.0,0.0,24%
CUST0153311,DECLINED,INSAGFFICIENT_NET_DISPOSABLE_INCOME,3.8267462858951e-07,4.701210519579216e-06,0.008046414676757957,0.0,0.0,0.0,0.0,0.0,0.0,24%
CUST0153314,DECLINED,INSAGFFICIENT_NET_DISPOSABLE_INCOME,3.8267462858951e-07,4.701210519579216e-06,0.008046414676757957,0.0,0.0,0.0,0.0,0.0,0.0,24%
CUST0153520,DECLINED,INSAGFFICIENT_NET_DISPOSABLE_INCOME,3.8267462858951e-07,4.701210519579216e-06,0.008046414676757957,0.0,0.0,0.0,0.0,0.0,0.0,24%
CUST0153608,DECLINED,INSAGFFICIENT_NET_DISPOSABLE_INCOME,3.8267462858951e-07,4.701210519579216e-06,0.008046414676757957,0.0,0.0,0.0,0.0,0.0,0.0,24%
CUST0153625,DECLINED,INSAGFFICIENT_NET_DISPOSABLE_INCOME,3.8267462858951e-07,4.701210519579216e-06,0.008046414676757957,0.0,0.0,0.0,0.0,0.0,0.0,24%
CUST0153775,DECLINED,INSAGFFICIENT_NET_DISPOSABLE_INCOME,3.8267462858951e-07,4.701210519579216e-06,0.008046414676757957,0.0,0.0,0.0,0.0,0.0,0.0,24%
CUST0153779,DECLINED,INSAGFFICIENT_NET_DISPOSABLE_INCOME,3.8267462858951e-07,4.701210519579216e-06,0.008046414676757957,0.0,0.0,0.0,0.0,0.0,0.0,24%
CUST0153790,DECLINED,INSAGFFICIENT_NET_DISPOSABLE_INCOME,3.8267462858951e-07,4.701210519579216e-06,0.008046414676757957,0.0,0.0,0.0,0.0,0.0,0.0,24%
CUST0153791,DECLINED,INSAGFFICIENT_NET_DISPOSABLE_INCOME,3.8267462858951e-07,4.701210519579216e-06,0.008046414676757957,0.0,0.0,0.0,0.0,0.0,0.0,24%
CUST0153849,DECLINED,INSAGFFICIENT_NET_DISPOSABLE_INCOME,3.8267462858951e-07,4.701210519579216e-06,0.008046414676757957,0.0,0.0,0.0,0.0,0.0,0.0,24%
CUST0153858,DECLINED,INSAGFFICIENT_NET_DISPOSABLE_INCOME,3.8267462858951e-07,4.701210519579216e-06,0.008046414676757957,0.0,0.0,0.0,0.0,0.0,0.0,24%
CUST0153883,DECLINED,INSAGFFICIENT_NET_DISPOSABLE_INCOME,3.8267462858951e-07,4.701210519579216e-06,0.008046414676757957,0.0,0.0,0.0,0.0,0.0,0.0,24%
CUST0154036,DECLINED,INSAGFFICIENT_NET_DISPOSABLE_INCOME,3.8267462858951e-07,4.701210519579216e-06,0.008046414676757957,0.0,0.0,0.0,0.0,0.0,0.0,24%
CUST0154129,DECLINED,INSAGFFICIENT_NET_DISPOSABLE_INCOME,3.8267462858951e-07,4.701210519579216e-06,0.008046414676757957,0.0,0.0,0.0,0.0,0.0,0.0,24%
CUST0154145,DECLINED,INSAGFFICIENT_NET_DISPOSABLE_INCOME,3.8267462858951e-07,4.701210519579216e-06,0.008046414676757957,0.0,0.0,0.0,0.0,0.0,0.0,24%
CUST0154254,DECLINED,INSAGFFICIENT_NET_DISPOSABLE_INCOME,3.8267462858951e-07,4.701210519579216e-06,0.008046414676757957,0.0,0.0,0.0,0.0,0.0,0.0,24%
CUST0154266,DECLINED,INSAGFFICIENT_NET_DISPOSABLE_INCOME,3.8267462858951e-07,4.701210519579216e-06,0.008046414676757957,0.0,0.0,0.0,0.0,0.0,0.0,24%
CUST0154351,DECLINED,INSAGFFICIENT_NET_DISPOSABLE_INCOME,3.8267462858951e-07,4.701210519579216e-06,0.008046414676757957,0.0,0.0,0.0,0.0,0.0,0.0,24%
CUST0154389,DECLINED,INSAGFFICIENT_NET_DISPOSABLE_INCOME,3.8267462858951e-07,4.701210519579216e-06,0.008046414676757957,0.0,0.0,0.0,0.0,0.0,0.0,24%
CUST0154427,DECLINED,INSAGFFICIENT_NET_DISPOSABLE_INCOME,3.8267462858951e-07,4.701210519579216e-06,0.008046414676757957,0.0,0.0,0.0,0.0,0.0,0.0,24%
CUST0154545,DECLINED,INSAGFFICIENT_NET_DISPOSABLE_INCOME,3.8267462858951e-07,4.701210519579216e-06,0.008046414676757957,0.0,0.0,0.0,0.0,0.0,0.0,24%
CUST0154768,DECLINED,INSAGFFICIENT_NET_DISPOSABLE_INCOME,3.8267462858951e-07,4.701210519579216e-06,0.008046414676757957,0.0,0.0,0.0,0.0,0.0,0.0,24%
CUST0154863,DECLINED,INSAGFFICIENT_NET_DISPOSABLE_INCOME,3902.8171110397566,20106.97126991227,36163.55800138149,0.0,0.0,0.0,0.0,0.0,0.0,24%
CUST0154927,DECLINED,INSAGFFICIENT_NET_DISPOSABLE_INCOME,3.8267462858951e-07,4.701210519579216e-06,0.008046414676757957,0.0,0.0,0.0,0.0,0.0,0.0,24%
CUST0155043,DECLINED,INSAGFFICIENT_NET_DISPOSABLE_INCOME,3.8267462858951e-07,4.701210519579216e-06,0.008046414676757957,0.0,0.0,0.0,0.0,0.0,0.0,24%
CUST0155069,DECLINED,INSAGFFICIENT_NET_DISPOSABLE_INCOME,3.8267462858951e-07,4.701210519579216e-06,0.008046414676757957,0.0,0.0,0.0,0.0,0.0,0.0,24%
CUST0155072,DECLINED,INSAGFFICIENT_NET_DISPOSABLE_INCOME,3.8267462858951e-07,4.701210519579216e-06,0.008046414676757957,0.0,0.0,0.0,0.0,0.0,0.0,24%
CUST0155165,DECLINED,INSAGFFICIENT_NET_DISPOSABLE_INCOME,3.8267462858951e-07,4.701210519579216e-06,0.008046414676757957,0.0,0.0,0.0,0.0,0.0,0.0,24%
CUST0155191,DECLINED,INSAGFFICIENT_NET_DISPOSABLE_INCOME,3.8267462858951e-07,4.701210519579216e-06,0.008046414676757957,0.0,0.0,0.0,0.0,0.0,0.0,24%
CUST0155200,DECLINED,INSAGFFICIENT_NET_DISPOSABLE_INCOME,3.8267462858951e-07,4.701210519579216e-06,0.008046414676757957,0.0,0.0,0.0,0.0,0.0,0.0,24%
CUST0155203,DECLINED,INSAGFFICIENT_NET_DISPOSABLE_INCOME,3.8267462858951e-07,4.701210519579216e-06,0.008046414676757957,0.0,0.0,0.0,0.0,0.0,0.0,24%
CUST0155221,DECLINED,INSAGFFICIENT_NET_DISPOSABLE_INCOME,3.8267462858951e-07,4.701210519579216e-06,0.008046414676757957,0.0,0.0,0.0,0.0,0.0,0.0,24%
CUST0155225,DECLINED,INSAGFFICIENT_NET_DISPOSABLE_INCOME,3.8267462858951e-07,4.701210519579216e-06,0.008046414676757957,0.0,0.0,0.0,0.0,0.0,0.0,24%
CUST0155246,DECLINED,INSAGFFICIENT_NET_DISPOSABLE_INCOME,3.8267462858951e-07,4.701210519579216e-06,0.008046414676757957,0.0,0.0,0.0,0.0,0.0,0.0,24%
CUST0155282,DECLINED,INSAGFFICIENT_NET_DISPOSABLE_INCOME,3.8267462858951e-07,4.701210519579216e-06,0.008046414676757957,0.0,0.0,0.0,0.0,0.0,0.0,24%
CUST0155322,DECLINED,INSAGFFICIENT_NET_DISPOSABLE_INCOME,3.8267462858951e-07,4.701210519579216e-06,0.008046414676757957,0.0,0.0,0.0,0.0,0.0,0.0,24%
CUST0155335,DECLINED,INSAGFFICIENT_NET_DISPOSABLE_INCOME,3.8267462858951e-07,4.701210519579216e-06,0.008046414676757957,0.0,0.0,0.0,0.0,0.0,0.0,24%
CUST0155367,DECLINED,INSAGFFICIENT_NET_DISPOSABLE_INCOME,3.8267462858951e-07,4.701210519579216e-06,0.008046414676757957,0.0,0.0,0.0,0.0,0.0,0.0,24%
CUST0155388,DECLINED,INSAGFFICIENT_NET_DISPOSABLE_INCOME,3.8267462858951e-07,4.701210519579216e-06,0.008046414676757957,0.0,0.0,0.0,0.0,0.0,0.0,24%
CUST0155536,DECLINED,INSAGFFICIENT_NET_DISPOSABLE_INCOME,3.8267462858951e-07,4.701210519579216e-06,0.008046414676757957,0.0,0.0,0.0,0.0,0.0,0.0,24%
CUST0155540,DECLINED,INSAGFFICIENT_NET_DISPOSABLE_INCOME,6605.098667205984,7007.38444667782,18067.425507351043,0.0,0.0,0.0,0.0,0.0,0.0,24%
CUST0155575,DECLINED,INSAGFFICIENT_NET_DISPOSABLE_INCOME,3.8267462858951e-07,4.701210519579216e-06,0.008046414676757957,0.0,0.0,0.0,0.0,0.0,0.0,24%
CUST0155581,DECLINED,INSAGFFICIENT_NET_DISPOSABLE_INCOME,3.8267462858951e-07,4.701210519579216e-06,0.008046414676757957,0.0,0.0,0.0,0.0,0.0,0.0,24%
CUST0155620,DECLINED,INSAGFFICIENT_NET_DISPOSABLE_INCOME,3.8267462858951e-07,4.701210519579216e-06,0.008046414676757957,0.0,0.0,0.0,0.0,0.0,0.0,24%
CUST0155644,DECLINED,INSAGFFICIENT_NET_DISPOSABLE_INCOME,3.8267462858951e-07,4.701210519579216e-06,0.008046414676757957,0.0,0.0,0.0,0.0,0.0,0.0,24%
CUST0155651,DECLINED,INSAGFFICIENT_NET_DISPOSABLE_INCOME,3.8267462858951e-07,4.701210519579216e-06,0.008046414676757957,0.0,0.0,0.0,0.0,0.0,0.0,24%
CUST0155776,DECLINED,INSAGFFICIENT_NET_DISPOSABLE_INCOME,3.8267462858951e-07,4.701210519579216e-06,0.008046414676757957,0.0,0.0,0.0,0.0,0.0,0.0,24%
CUST0155789,DECLINED,INSAGFFICIENT_NET_DISPOSABLE_INCOME,3.8267462858951e-07,4.701210519579216e-06,0.008046414676757957,0.0,0.0,0.0,0.0,0.0,0.0,24%
CUST0155793,DECLINED,INSAGFFICIENT_NET_DISPOSABLE_INCOME,3.8267462858951e-07,4.701210519579216e-06,0.008046414676757957,0.0,0.0,0.0,0.0,0.0,0.0,24%
CUST0155795,DECLINED,INSAGFFICIENT_NET_DISPOSABLE_INCOME,3.8267462858951e-07,4.701210519579216e-06,0.008046414676757957,0.0,0.0,0.0,0.0,0.0,0.0,24%
CUST0155868,DECLINED,INSAGFFICIENT_NET_DISPOSABLE_INCOME,3.8267462858951e-07,4.701210519579216e-06,0.008046414676757957,0.0,0.0,0.0,0.0,0.0,0.0,24%
CUST0155897,DECLINED,INSAGFFICIENT_NET_DISPOSABLE_INCOME,3.8267462858951e-07,4.701210519579216e-06,0.008046414676757957,0.0,0.0,0.0,0.0,0.0,0.0,24%
CUST0156007,DECLINED,INSAGFFICIENT_NET_DISPOSABLE_INCOME,3.8267462858951e-07,4.701210519579216e-06,0.008046414676757957,0.0,0.0,0.0,0.0,0.0,0.0,24%
CUST0156196,DECLINED,INSAGFFICIENT_NET_DISPOSABLE_INCOME,3.8267462858951e-07,4.701210519579216e-06,0.008046414676757957,0.0,0.0,0.0,0.0,0.0,0.0,24%
CUST0156254,DECLINED,INSAGFFICIENT_NET_DISPOSABLE_INCOME,3.8267462858951e-07,4.701210519579216e-06,0.008046414676757957,0.0,0.0,0.0,0.0,0.0,0.0,24%
CUST0156259,DECLINED,INSAGFFICIENT_NET_DISPOSABLE_INCOME,3.8267462858951e-07,4.701210519579216e-06,0.008046414676757957,0.0,0.0,0.0,0.0,0.0,0.0,24%
CUST0156271,DECLINED,INSAGFFICIENT_NET_DISPOSABLE_INCOME,3.8267462858951e-07,4.701210519579216e-06,0.008046414676757957,0.0,0.0,0.0,0.0,0.0,0.0,24%
CUST0156281,DECLINED,INSAGFFICIENT_NET_DISPOSABLE_INCOME,3.8267462858951e-07,4.701210519579216e-06,0.008046414676757957,0.0,0.0,0.0,0.0,0.0,0.0,24%
CUST0156341,DECLINED,INSAGFFICIENT_NET_DISPOSABLE_INCOME,3.8267462858951e-07,4.701210519579216e-06,0.008046414676757957,0.0,0.0,0.0,0.0,0.0,0.0,24%
CUST0156430,DECLINED,INSAGFFICIENT_NET_DISPOSABLE_INCOME,3902.8171110397566,20106.97126991227,36163.55800138149,0.0,0.0,0.0,0.0,0.0,0.0,24%
CUST0156559,DECLINED,INSAGFFICIENT_NET_DISPOSABLE_INCOME,3.8267462858951e-07,4.701210519579216e-06,0.008046414676757957,0.0,0.0,0.0,0.0,0.0,0.0,24%
CUST0156668,DECLINED,INSAGFFICIENT_NET_DISPOSABLE_INCOME,3.8267462858951e-07,4.701210519579216e-06,0.008046414676757957,0.0,0.0,0.0,0.0,0.0,0.0,24%
CUST0156714,DECLINED,INSAGFFICIENT_NET_DISPOSABLE_INCOME,3.8267462858951e-07,4.701210519579216e-06,0.008046414676757957,0.0,0.0,0.0,0.0,0.0,0.0,24%
CUST0156731,DECLINED,INSAGFFICIENT_NET_DISPOSABLE_INCOME,3.8267462858951e-07,4.701210519579216e-06,0.008046414676757957,0.0,0.0,0.0,0.0,0.0,0.0,24%
CUST0156796,DECLINED,INSAGFFICIENT_NET_DISPOSABLE_INCOME,3.8267462858951e-07,4.701210519579216e-06,0.008046414676757957,0.0,0.0,0.0,0.0,0.0,0.0,24%
CUST0156879,DECLINED,INSAGFFICIENT_NET_DISPOSABLE_INCOME,5056.824238811506,5073.515636063119,11954.63490575124,0.0,0.0,0.0,0.0,0.0,0.0,24%
CUST0156943,DECLINED,INSAGFFICIENT_NET_DISPOSABLE_INCOME,3.8267462858951e-07,4.701210519579216e-06,0.008046414676757957,0.0,0.0,0.0,0.0,0.0,0.0,24%
CUST0156976,DECLINED,INSAGFFICIENT_NET_DISPOSABLE_INCOME,3.8267462858951e-07,4.701210519579216e-06,0.008046414676757957,0.0,0.0,0.0,0.0,0.0,0.0,24%
CUST0157004,DECLINED,INSAGFFICIENT_NET_DISPOSABLE_INCOME,3.8267462858951e-07,4.701210519579216e-06,0.008046414676757957,0.0,0.0,0.0,0.0,0.0,0.0,24%
CUST0157021,DECLINED,INSAGFFICIENT_NET_DISPOSABLE_INCOME,3.8267462858951e-07,4.701210519579216e-06,0.008046414676757957,0.0,0.0,0.0,0.0,0.0,0.0,24%
CUST0157035,DECLINED,INSAGFFICIENT_NET_DISPOSABLE_INCOME,3.8267462858951e-07,4.701210519579216e-06,0.008046414676757957,0.0,0.0,0.0,0.0,0.0,0.0,24%
CUST0157102,DECLINED,INSAGFFICIENT_NET_DISPOSABLE_INCOME,3.8267462858951e-07,4.701210519579216e-06,0.008046414676757957,0.0,0.0,0.0,0.0,0.0,0.0,24%
CUST0157119,DECLINED,INSAGFFICIENT_NET_DISPOSABLE_INCOME,3.8267462858951e-07,4.701210519579216e-06,0.008046414676757957,0.0,0.0,0.0,0.0,0.0,0.0,24%
CUST0157156,DECLINED,INSAGFFICIENT_NET_DISPOSABLE_INCOME,3.8267462858951e-07,4.701210519579216e-06,0.008046414676757957,0.0,0.0,0.0,0.0,0.0,0.0,24%
CUST0157278,DECLINED,INSAGFFICIENT_NET_DISPOSABLE_INCOME,3.8267462858951e-07,4.701210519579216e-06,0.008046414676757957,0.0,0.0,0.0,0.0,0.0,0.0,24%
CUST0157364,DECLINED,INSAGFFICIENT_NET_DISPOSABLE_INCOME,3.8267462858951e-07,4.701210519579216e-06,0.008046414676757957,0.0,0.0,0.0,0.0,0.0,0.0,24%
CUST0157381,DECLINED,INSAGFFICIENT_NET_DISPOSABLE_INCOME,3.8267462858951e-07,4.701210519579216e-06,0.008046414676757957,0.0,0.0,0.0,0.0,0.0,0.0,24%
CUST0157447,DECLINED,INSAGFFICIENT_NET_DISPOSABLE_INCOME,3.8267462858951e-07,4.701210519579216e-06,0.008046414676757957,0.0,0.0,0.0,0.0,0.0,0.0,24%
CUST0157527,DECLINED,INSAGFFICIENT_NET_DISPOSABLE_INCOME,3.8267462858951e-07,4.701210519579216e-06,0.008046414676757957,0.0,0.0,0.0,0.0,0.0,0.0,24%
CUST0157540,DECLINED,INSAGFFICIENT_NET_DISPOSABLE_INCOME,3.8267462858951e-07,4.701210519579216e-06,0.008046414676757957,0.0,0.0,0.0,0.0,0.0,0.0,24%
CUST0157574,DECLINED,INSAGFFICIENT_NET_DISPOSABLE_INCOME,3.8267462858951e-07,4.701210519579216e-06,0.008046414676757957,0.0,0.0,0.0,0.0,0.0,0.0,24%
CUST0157607,DECLINED,INSAGFFICIENT_NET_DISPOSABLE_INCOME,3.8267462858951e-07,4.701210519579216e-06,0.008046414676757957,0.0,0.0,0.0,0.0,0.0,0.0,24%
CUST0157637,DECLINED,INSAGFFICIENT_NET_DISPOSABLE_INCOME,3.8267462858951e-07,4.701210519579216e-06,0.008046414676757957,0.0,0.0,0.0,0.0,0.0,0.0,24%
CUST0157675,DECLINED,INSAGFFICIENT_NET_DISPOSABLE_INCOME,3.8267462858951e-07,4.701210519579216e-06,0.008046414676757957,0.0,0.0,0.0,0.0,0.0,0.0,24%
CUST0157809,DECLINED,INSAGFFICIENT_NET_DISPOSABLE_INCOME,3.8267462858951e-07,4.701210519579216e-06,0.008046414676757957,0.0,0.0,0.0,0.0,0.0,0.0,24%
CUST0157830,DECLINED,INSAGFFICIENT_NET_DISPOSABLE_INCOME,3.8267462858951e-07,4.701210519579216e-06,0.008046414676757957,0.0,0.0,0.0,0.0,0.0,0.0,24%
CUST0157846,DECLINED,INSAGFFICIENT_NET_DISPOSABLE_INCOME,3.8267462858951e-07,4.701210519579216e-06,0.008046414676757957,0.0,0.0,0.0,0.0,0.0,0.0,24%
CUST0157865,DECLINED,INSAGFFICIENT_NET_DISPOSABLE_INCOME,3.8267462858951e-07,4.701210519579216e-06,0.008046414676757957,0.0,0.0,0.0,0.0,0.0,0.0,24%
CUST0157899,DECLINED,INSAGFFICIENT_NET_DISPOSABLE_INCOME,3.8267462858951e-07,4.701210519579216e-06,0.008046414676757957,0.0,0.0,0.0,0.0,0.0,0.0,24%
CUST0157981,DECLINED,INSAGFFICIENT_NET_DISPOSABLE_INCOME,3.8267462858951e-07,4.701210519579216e-06,0.008046414676757957,0.0,0.0,0.0,0.0,0.0,0.0,24%
CUST0158006,DECLINED,INSAGFFICIENT_NET_DISPOSABLE_INCOME,3.8267462858951e-07,4.701210519579216e-06,0.008046414676757957,0.0,0.0,0.0,0.0,0.0,0.0,24%
CUST0158045,DECLINED,INSAGFFICIENT_NET_DISPOSABLE_INCOME,3.8267462858951e-07,4.701210519579216e-06,0.008046414676757957,0.0,0.0,0.0,0.0,0.0,0.0,24%
CUST0158053,DECLINED,INSAGFFICIENT_NET_DISPOSABLE_INCOME,3.8267462858951e-07,4.701210519579216e-06,0.008046414676757957,0.0,0.0,0.0,0.0,0.0,0.0,24%
CUST0158057,DECLINED,INSAGFFICIENT_NET_DISPOSABLE_INCOME,5048.649075336389,5097.667765556269,18830.45441837324,0.0,0.0,0.0,0.0,0.0,0.0,24%
CUST0158083,DECLINED,INSAGFFICIENT_NET_DISPOSABLE_INCOME,3.8267462858951e-07,4.701210519579216e-06,0.008046414676757957,0.0,0.0,0.0,0.0,0.0,0.0,24%
CUST0158089,DECLINED,INSAGFFICIENT_NET_DISPOSABLE_INCOME,3.8267462858951e-07,4.701210519579216e-06,0.008046414676757957,0.0,0.0,0.0,0.0,0.0,0.0,24%
CUST0158163,DECLINED,INSAGFFICIENT_NET_DISPOSABLE_INCOME,3.8267462858951e-07,4.701210519579216e-06,0.008046414676757957,0.0,0.0,0.0,0.0,0.0,0.0,24%
CUST0158293,DECLINED,INSAGFFICIENT_NET_DISPOSABLE_INCOME,3.8267462858951e-07,4.701210519579216e-06,0.008046414676757957,0.0,0.0,0.0,0.0,0.0,0.0,24%
CUST0158335,DECLINED,INSAGFFICIENT_NET_DISPOSABLE_INCOME,3.8267462858951e-07,4.701210519579216e-06,0.008046414676757957,0.0,0.0,0.0,0.0,0.0,0.0,24%
CUST0158348,DECLINED,INSAGFFICIENT_NET_DISPOSABLE_INCOME,3.8267462858951e-07,4.701210519579216e-06,0.008046414676757957,0.0,0.0,0.0,0.0,0.0,0.0,24%
CUST0158516,DECLINED,INSAGFFICIENT_NET_DISPOSABLE_INCOME,3.8267462858951e-07,4.701210519579216e-06,0.008046414676757957,0.0,0.0,0.0,0.0,0.0,0.0,24%
CUST0158538,DECLINED,INSAGFFICIENT_NET_DISPOSABLE_INCOME,3.8267462858951e-07,4.701210519579216e-06,0.008046414676757957,0.0,0.0,0.0,0.0,0.0,0.0,24%
CUST0158618,DECLINED,INSAGFFICIENT_NET_DISPOSABLE_INCOME,6531.245930245207,7161.496830054249,18102.44989203378,0.0,0.0,0.0,0.0,0.0,0.0,24%
CUST0158759,DECLINED,INSAGFFICIENT_NET_DISPOSABLE_INCOME,3.8267462858951e-07,4.701210519579216e-06,0.008046414676757957,0.0,0.0,0.0,0.0,0.0,0.0,24%
CUST0158927,DECLINED,INSAGFFICIENT_NET_DISPOSABLE_INCOME,3.8267462858951e-07,4.701210519579216e-06,0.008046414676757957,0.0,0.0,0.0,0.0,0.0,0.0,24%
CUST0158999,DECLINED,INSAGFFICIENT_NET_DISPOSABLE_INCOME,3.8267462858951e-07,4.701210519579216e-06,0.008046414676757957,0.0,0.0,0.0,0.0,0.0,0.0,24%
CUST0159053,DECLINED,INSAGFFICIENT_NET_DISPOSABLE_INCOME,3.8267462858951e-07,4.701210519579216e-06,0.008046414676757957,0.0,0.0,0.0,0.0,0.0,0.0,24%
CUST0159120,DECLINED,INSAGFFICIENT_NET_DISPOSABLE_INCOME,3902.8171110397566,20106.97126991227,36163.55800138149,0.0,0.0,0.0,0.0,0.0,0.0,24%
CUST0159251,DECLINED,INSAGFFICIENT_NET_DISPOSABLE_INCOME,3.8267462858951e-07,4.701210519579216e-06,0.008046414676757957,0.0,0.0,0.0,0.0,0.0,0.0,24%
CUST0159281,DECLINED,INSAGFFICIENT_NET_DISPOSABLE_INCOME,3.8267462858951e-07,4.701210519579216e-06,0.008046414676757957,0.0,0.0,0.0,0.0,0.0,0.0,24%
CUST0159349,DECLINED,INSAGFFICIENT_NET_DISPOSABLE_INCOME,3.8267462858951e-07,4.701210519579216e-06,0.008046414676757957,0.0,0.0,0.0,0.0,0.0,0.0,24%
CUST0159432,DECLINED,INSAGFFICIENT_NET_DISPOSABLE_INCOME,3.8267462858951e-07,4.701210519579216e-06,0.008046414676757957,0.0,0.0,0.0,0.0,0.0,0.0,24%
CUST0159461,DECLINED,INSAGFFICIENT_NET_DISPOSABLE_INCOME,3.8267462858951e-07,4.701210519579216e-06,0.008046414676757957,0.0,0.0,0.0,0.0,0.0,0.0,24%
CUST0159526,DECLINED,INSAGFFICIENT_NET_DISPOSABLE_INCOME,3.8267462858951e-07,4.701210519579216e-06,0.008046414676757957,0.0,0.0,0.0,0.0,0.0,0.0,24%
CUST0159619,DECLINED,INSAGFFICIENT_NET_DISPOSABLE_INCOME,3.8267462858951e-07,4.701210519579216e-06,0.008046414676757957,0.0,0.0,0.0,0.0,0.0,0.0,24%
CUST0159649,DECLINED,INSAGFFICIENT_NET_DISPOSABLE_INCOME,3.8267462858951e-07,4.701210519579216e-06,0.008046414676757957,0.0,0.0,0.0,0.0,0.0,0.0,24%
CUST0159666,DECLINED,INSAGFFICIENT_NET_DISPOSABLE_INCOME,3.8267462858951e-07,4.701210519579216e-06,0.008046414676757957,0.0,0.0,0.0,0.0,0.0,0.0,24%
CUST0159688,DECLINED,INSAGFFICIENT_NET_DISPOSABLE_INCOME,3.8267462858951e-07,4.701210519579216e-06,0.008046414676757957,0.0,0.0,0.0,0.0,0.0,0.0,24%
CUST0159734,DECLINED,INSAGFFICIENT_NET_DISPOSABLE_INCOME,3.8267462858951e-07,4.701210519579216e-06,0.008046414676757957,0.0,0.0,0.0,0.0,0.0,0.0,24%
CUST0159802,DECLINED,INSAGFFICIENT_NET_DISPOSABLE_INCOME,3.8267462858951e-07,4.701210519579216e-06,0.008046414676757957,0.0,0.0,0.0,0.0,0.0,0.0,24%
CUST0159958,DECLINED,INSAGFFICIENT_NET_DISPOSABLE_INCOME,3.8267462858951e-07,4.701210519579216e-06,0.008046414676757957,0.0,0.0,0.0,0.0,0.0,0.0,24%
CUST0159960,DECLINED,INSAGFFICIENT_NET_DISPOSABLE_INCOME,3.8267462858951e-07,4.701210519579216e-06,0.008046414676757957,0.0,0.0,0.0,0.0,0.0,0.0,24%
CUST0159968,DECLINED,INSAGFFICIENT_NET_DISPOSABLE_INCOME,3.8267462858951e-07,4.701210519579216e-06,0.008046414676757957,0.0,0.0,0.0,0.0,0.0,0.0,24%
CUST0159994,DECLINED,INSAGFFICIENT_NET_DISPOSABLE_INCOME,3.8267462858951e-07,4.701210519579216e-06,0.008046414676757957,0.0,0.0,0.0,0.0,0.0,0.0,24%
CUST0160110,DECLINED,INSAGFFICIENT_NET_DISPOSABLE_INCOME,3.8267462858951e-07,4.701210519579216e-06,0.008046414676757957,0.0,0.0,0.0,0.0,0.0,0.0,24%
CUST0160127,DECLINED,INSAGFFICIENT_NET_DISPOSABLE_INCOME,6214.064788864673,6285.226073241913,12650.532767652809,0.0,0.0,0.0,0.0,0.0,0.0,24%
CUST0160201,DECLINED,INSAGFFICIENT_NET_DISPOSABLE_INCOME,3.8267462858951e-07,4.701210519579216e-06,0.008046414676757957,0.0,0.0,0.0,0.0,0.0,0.0,24%
CUST0160225,DECLINED,INSAGFFICIENT_NET_DISPOSABLE_INCOME,3.8267462858951e-07,4.701210519579216e-06,0.008046414676757957,0.0,0.0,0.0,0.0,0.0,0.0,24%
CUST0160258,DECLINED,INSAGFFICIENT_NET_DISPOSABLE_INCOME,3.8267462858951e-07,4.701210519579216e-06,0.008046414676757957,0.0,0.0,0.0,0.0,0.0,0.0,24%
CUST0160261,DECLINED,INSAGFFICIENT_NET_DISPOSABLE_INCOME,3.8267462858951e-07,4.701210519579216e-06,0.008046414676757957,0.0,0.0,0.0,0.0,0.0,0.0,24%
CUST0160268,DECLINED,INSAGFFICIENT_NET_DISPOSABLE_INCOME,3.8267462858951e-07,4.701210519579216e-06,0.008046414676757957,0.0,0.0,0.0,0.0,0.0,0.0,24%
CUST0160335,DECLINED,INSAGFFICIENT_NET_DISPOSABLE_INCOME,6578.453512424968,7177.693254514146,18506.716335950106,0.0,0.0,0.0,0.0,0.0,0.0,24%
CUST0160367,DECLINED,INSAGFFICIENT_NET_DISPOSABLE_INCOME,3.8267462858951e-07,4.701210519579216e-06,0.008046414676757957,0.0,0.0,0.0,0.0,0.0,0.0,24%
CUST0160592,DECLINED,INSAGFFICIENT_NET_DISPOSABLE_INCOME,3.8267462858951e-07,4.701210519579216e-06,0.008046414676757957,0.0,0.0,0.0,0.0,0.0,0.0,24%
CUST0160632,DECLINED,INSAGFFICIENT_NET_DISPOSABLE_INCOME,3.8267462858951e-07,4.701210519579216e-06,0.008046414676757957,0.0,0.0,0.0,0.0,0.0,0.0,24%
CUST0160642,DECLINED,INSAGFFICIENT_NET_DISPOSABLE_INCOME,3.8267462858951e-07,4.701210519579216e-06,0.008046414676757957,0.0,0.0,0.0,0.0,0.0,0.0,24%
CUST0160789,DECLINED,INSAGFFICIENT_NET_DISPOSABLE_INCOME,3.8267462858951e-07,4.701210519579216e-06,0.008046414676757957,0.0,0.0,0.0,0.0,0.0,0.0,24%
CUST0160915,DECLINED,INSAGFFICIENT_NET_DISPOSABLE_INCOME,3.8267462858951e-07,4.701210519579216e-06,0.008046414676757957,0.0,0.0,0.0,0.0,0.0,0.0,24%
CUST0161029,DECLINED,INSAGFFICIENT_NET_DISPOSABLE_INCOME,3.8267462858951e-07,4.701210519579216e-06,0.008046414676757957,0.0,0.0,0.0,0.0,0.0,0.0,24%
CUST0161278,DECLINED,INSAGFFICIENT_NET_DISPOSABLE_INCOME,3.8267462858951e-07,4.701210519579216e-06,0.008046414676757957,0.0,0.0,0.0,0.0,0.0,0.0,24%
CUST0161397,DECLINED,INSAGFFICIENT_NET_DISPOSABLE_INCOME,3.8267462858951e-07,4.701210519579216e-06,0.008046414676757957,0.0,0.0,0.0,0.0,0.0,0.0,24%
CUST0161429,DECLINED,INSAGFFICIENT_NET_DISPOSABLE_INCOME,3.8267462858951e-07,4.701210519579216e-06,0.008046414676757957,0.0,0.0,0.0,0.0,0.0,0.0,24%
CUST0161444,DECLINED,INSAGFFICIENT_NET_DISPOSABLE_INCOME,3902.8171110397566,20106.97126991227,36163.55800138149,0.0,0.0,0.0,0.0,0.0,0.0,24%
CUST0161565,DECLINED,INSAGFFICIENT_NET_DISPOSABLE_INCOME,4348.039456234044,4898.837494099353,13406.993915823497,0.0,0.0,0.0,0.0,0.0,0.0,24%
CUST0161646,DECLINED,INSAGFFICIENT_NET_DISPOSABLE_INCOME,3.8267462858951e-07,4.701210519579216e-06,0.008046414676757957,0.0,0.0,0.0,0.0,0.0,0.0,24%
CUST0161688,DECLINED,INSAGFFICIENT_NET_DISPOSABLE_INCOME,3.8267462858951e-07,4.701210519579216e-06,0.008046414676757957,0.0,0.0,0.0,0.0,0.0,0.0,24%
CUST0161744,DECLINED,INSAGFFICIENT_NET_DISPOSABLE_INCOME,3.8267462858951e-07,4.701210519579216e-06,0.008046414676757957,0.0,0.0,0.0,0.0,0.0,0.0,24%
CUST0161797,DECLINED,INSAGFFICIENT_NET_DISPOSABLE_INCOME,3.8267462858951e-07,4.701210519579216e-06,0.008046414676757957,0.0,0.0,0.0,0.0,0.0,0.0,24%
CUST0161832,DECLINED,INSAGFFICIENT_NET_DISPOSABLE_INCOME,4430.680301744775,4502.5426333334435,18133.000182854717,0.0,0.0,0.0,0.0,0.0,0.0,24%
CUST0161982,DECLINED,INSAGFFICIENT_NET_DISPOSABLE_INCOME,3.8267462858951e-07,4.701210519579216e-06,0.008046414676757957,0.0,0.0,0.0,0.0,0.0,0.0,24%
CUST0161989,DECLINED,INSAGFFICIENT_NET_DISPOSABLE_INCOME,3.8267462858951e-07,4.701210519579216e-06,0.008046414676757957,0.0,0.0,0.0,0.0,0.0,0.0,24%
CUST0162072,DECLINED,INSAGFFICIENT_NET_DISPOSABLE_INCOME,3.8267462858951e-07,4.701210519579216e-06,0.008046414676757957,0.0,0.0,0.0,0.0,0.0,0.0,24%
CUST0162192,DECLINED,INSAGFFICIENT_NET_DISPOSABLE_INCOME,3.8267462858951e-07,4.701210519579216e-06,0.008046414676757957,0.0,0.0,0.0,0.0,0.0,0.0,24%
CUST0162333,DECLINED,INSAGFFICIENT_NET_DISPOSABLE_INCOME,5637.870165148839,6123.266549099663,19085.32907063656,0.0,0.0,0.0,0.0,0.0,0.0,24%
CUST0162366,DECLINED,INSAGFFICIENT_NET_DISPOSABLE_INCOME,3.8267462858951e-07,4.701210519579216e-06,0.008046414676757957,0.0,0.0,0.0,0.0,0.0,0.0,24%
CUST0162396,DECLINED,INSAGFFICIENT_NET_DISPOSABLE_INCOME,3.8267462858951e-07,4.701210519579216e-06,0.008046414676757957,0.0,0.0,0.0,0.0,0.0,0.0,24%
CUST0162440,DECLINED,INSAGFFICIENT_NET_DISPOSABLE_INCOME,3.8267462858951e-07,4.701210519579216e-06,0.008046414676757957,0.0,0.0,0.0,0.0,0.0,0.0,24%
CUST0162491,DECLINED,INSAGFFICIENT_NET_DISPOSABLE_INCOME,3.8267462858951e-07,4.701210519579216e-06,0.008046414676757957,0.0,0.0,0.0,0.0,0.0,0.0,24%
CUST0162561,DECLINED,INSAGFFICIENT_NET_DISPOSABLE_INCOME,3.8267462858951e-07,4.701210519579216e-06,0.008046414676757957,0.0,0.0,0.0,0.0,0.0,0.0,24%
CUST0162661,DECLINED,INSAGFFICIENT_NET_DISPOSABLE_INCOME,3.8267462858951e-07,4.701210519579216e-06,0.008046414676757957,0.0,0.0,0.0,0.0,0.0,0.0,24%
CUST0162740,DECLINED,INSAGFFICIENT_NET_DISPOSABLE_INCOME,3.8267462858951e-07,4.701210519579216e-06,0.008046414676757957,0.0,0.0,0.0,0.0,0.0,0.0,24%
CUST0162747,DECLINED,INSAGFFICIENT_NET_DISPOSABLE_INCOME,3.8267462858951e-07,4.701210519579216e-06,0.008046414676757957,0.0,0.0,0.0,0.0,0.0,0.0,24%
CUST0162754,DECLINED,INSAGFFICIENT_NET_DISPOSABLE_INCOME,3.8267462858951e-07,4.701210519579216e-06,0.008046414676757957,0.0,0.0,0.0,0.0,0.0,0.0,24%
CUST0162791,DECLINED,INSAGFFICIENT_NET_DISPOSABLE_INCOME,3902.8171110397566,20106.97126991227,36163.55800138149,0.0,0.0,0.0,0.0,0.0,0.0,24%
CUST0162806,DECLINED,INSAGFFICIENT_NET_DISPOSABLE_INCOME,3.8267462858951e-07,4.701210519579216e-06,0.008046414676757957,0.0,0.0,0.0,0.0,0.0,0.0,24%
CUST0162850,DECLINED,INSAGFFICIENT_NET_DISPOSABLE_INCOME,3.8267462858951e-07,4.701210519579216e-06,0.008046414676757957,0.0,0.0,0.0,0.0,0.0,0.0,24%
CUST0162864,DECLINED,INSAGFFICIENT_NET_DISPOSABLE_INCOME,3.8267462858951e-07,4.701210519579216e-06,0.008046414676757957,0.0,0.0,0.0,0.0,0.0,0.0,24%
CUST0163071,DECLINED,INSAGFFICIENT_NET_DISPOSABLE_INCOME,5793.477636951859,6094.724092334543,22534.332502994726,0.0,0.0,0.0,0.0,0.0,0.0,24%
CUST0163101,DECLINED,INSAGFFICIENT_NET_DISPOSABLE_INCOME,3.8267462858951e-07,4.701210519579216e-06,0.008046414676757957,0.0,0.0,0.0,0.0,0.0,0.0,24%
CUST0163136,DECLINED,INSAGFFICIENT_NET_DISPOSABLE_INCOME,3.8267462858951e-07,4.701210519579216e-06,0.008046414676757957,0.0,0.0,0.0,0.0,0.0,0.0,24%
CUST0163149,DECLINED,INSAGFFICIENT_NET_DISPOSABLE_INCOME,3.8267462858951e-07,4.701210519579216e-06,0.008046414676757957,0.0,0.0,0.0,0.0,0.0,0.0,24%
CUST0163270,DECLINED,INSAGFFICIENT_NET_DISPOSABLE_INCOME,3.8267462858951e-07,4.701210519579216e-06,0.008046414676757957,0.0,0.0,0.0,0.0,0.0,0.0,24%
CUST0163395,DECLINED,INSAGFFICIENT_NET_DISPOSABLE_INCOME,3.8267462858951e-07,4.701210519579216e-06,0.008046414676757957,0.0,0.0,0.0,0.0,0.0,0.0,24%
CUST0163405,DECLINED,INSAGFFICIENT_NET_DISPOSABLE_INCOME,3.8267462858951e-07,4.701210519579216e-06,0.008046414676757957,0.0,0.0,0.0,0.0,0.0,0.0,24%
CUST0163489,DECLINED,INSAGFFICIENT_NET_DISPOSABLE_INCOME,3.8267462858951e-07,4.701210519579216e-06,0.008046414676757957,0.0,0.0,0.0,0.0,0.0,0.0,24%
CUST0163568,DECLINED,INSAGFFICIENT_NET_DISPOSABLE_INCOME,3.8267462858951e-07,4.701210519579216e-06,0.008046414676757957,0.0,0.0,0.0,0.0,0.0,0.0,24%
CUST0163630,DECLINED,INSAGFFICIENT_NET_DISPOSABLE_INCOME,3.8267462858951e-07,4.701210519579216e-06,0.008046414676757957,0.0,0.0,0.0,0.0,0.0,0.0,24%
CUST0163668,DECLINED,INSAGFFICIENT_NET_DISPOSABLE_INCOME,3.8267462858951e-07,4.701210519579216e-06,0.008046414676757957,0.0,0.0,0.0,0.0,0.0,0.0,24%
CUST0163675,DECLINED,INSAGFFICIENT_NET_DISPOSABLE_INCOME,3122.1624789002663,3910.6274191908565,18084.221939736344,0.0,0.0,0.0,0.0,0.0,0.0,24%
CUST0163759,DECLINED,INSAGFFICIENT_NET_DISPOSABLE_INCOME,3.8267462858951e-07,4.701210519579216e-06,0.008046414676757957,0.0,0.0,0.0,0.0,0.0,0.0,24%
CUST0163819,DECLINED,INSAGFFICIENT_NET_DISPOSABLE_INCOME,3.8267462858951e-07,4.701210519579216e-06,0.008046414676757957,0.0,0.0,0.0,0.0,0.0,0.0,24%
CUST0163850,DECLINED,INSAGFFICIENT_NET_DISPOSABLE_INCOME,3.8267462858951e-07,4.701210519579216e-06,0.008046414676757957,0.0,0.0,0.0,0.0,0.0,0.0,24%
CUST0163871,DECLINED,INSAGFFICIENT_NET_DISPOSABLE_INCOME,3.8267462858951e-07,4.701210519579216e-06,0.008046414676757957,0.0,0.0,0.0,0.0,0.0,0.0,24%
CUST0163888,DECLINED,INSAGFFICIENT_NET_DISPOSABLE_INCOME,3.8267462858951e-07,4.701210519579216e-06,0.008046414676757957,0.0,0.0,0.0,0.0,0.0,0.0,24%
CUST0163953,DECLINED,INSAGFFICIENT_NET_DISPOSABLE_INCOME,3.8267462858951e-07,4.701210519579216e-06,0.008046414676757957,0.0,0.0,0.0,0.0,0.0,0.0,24%
CUST0163969,DECLINED,INSAGFFICIENT_NET_DISPOSABLE_INCOME,5817.346123425835,6267.148735122465,18413.80149247557,0.0,0.0,0.0,0.0,0.0,0.0,24%
CUST0164038,DECLINED,INSAGFFICIENT_NET_DISPOSABLE_INCOME,3.8267462858951e-07,4.701210519579216e-06,0.008046414676757957,0.0,0.0,0.0,0.0,0.0,0.0,24%
CUST0164129,DECLINED,INSAGFFICIENT_NET_DISPOSABLE_INCOME,3.8267462858951e-07,4.701210519579216e-06,0.008046414676757957,0.0,0.0,0.0,0.0,0.0,0.0,24%
CUST0164187,DECLINED,INSAGFFICIENT_NET_DISPOSABLE_INCOME,3.8267462858951e-07,4.701210519579216e-06,0.008046414676757957,0.0,0.0,0.0,0.0,0.0,0.0,24%
CUST0164296,DECLINED,INSAGFFICIENT_NET_DISPOSABLE_INCOME,3.8267462858951e-07,4.701210519579216e-06,0.008046414676757957,0.0,0.0,0.0,0.0,0.0,0.0,24%
CUST0164318,DECLINED,INSAGFFICIENT_NET_DISPOSABLE_INCOME,3.8267462858951e-07,4.701210519579216e-06,0.008046414676757957,0.0,0.0,0.0,0.0,0.0,0.0,24%
CUST0164354,DECLINED,INSAGFFICIENT_NET_DISPOSABLE_INCOME,3.8267462858951e-07,4.701210519579216e-06,0.008046414676757957,0.0,0.0,0.0,0.0,0.0,0.0,24%
CUST0164590,DECLINED,INSAGFFICIENT_NET_DISPOSABLE_INCOME,3.8267462858951e-07,4.701210519579216e-06,0.008046414676757957,0.0,0.0,0.0,0.0,0.0,0.0,24%
CUST0164615,DECLINED,INSAGFFICIENT_NET_DISPOSABLE_INCOME,3.8267462858951e-07,4.701210519579216e-06,0.008046414676757957,0.0,0.0,0.0,0.0,0.0,0.0,24%
CUST0164627,DECLINED,INSAGFFICIENT_NET_DISPOSABLE_INCOME,3.8267462858951e-07,4.701210519579216e-06,0.008046414676757957,0.0,0.0,0.0,0.0,0.0,0.0,24%
CUST0164749,DECLINED,INSAGFFICIENT_NET_DISPOSABLE_INCOME,3.8267462858951e-07,4.701210519579216e-06,0.008046414676757957,0.0,0.0,0.0,0.0,0.0,0.0,24%
CUST0164793,DECLINED,INSAGFFICIENT_NET_DISPOSABLE_INCOME,3.8267462858951e-07,4.701210519579216e-06,0.008046414676757957,0.0,0.0,0.0,0.0,0.0,0.0,24%
CUST0164834,DECLINED,INSAGFFICIENT_NET_DISPOSABLE_INCOME,3.8267462858951e-07,4.701210519579216e-06,0.008046414676757957,0.0,0.0,0.0,0.0,0.0,0.0,24%
CUST0164876,DECLINED,INSAGFFICIENT_NET_DISPOSABLE_INCOME,3.8267462858951e-07,4.701210519579216e-06,0.008046414676757957,0.0,0.0,0.0,0.0,0.0,0.0,24%
CUST0164981,DECLINED,INSAGFFICIENT_NET_DISPOSABLE_INCOME,5766.737321635979,7246.904178955611,21307.599406393558,0.0,0.0,0.0,0.0,0.0,0.0,24%
CUST0165267,DECLINED,INSAGFFICIENT_NET_DISPOSABLE_INCOME,3.8267462858951e-07,4.701210519579216e-06,0.008046414676757957,0.0,0.0,0.0,0.0,0.0,0.0,24%
CUST0165315,DECLINED,INSAGFFICIENT_NET_DISPOSABLE_INCOME,3.8267462858951e-07,4.701210519579216e-06,0.008046414676757957,0.0,0.0,0.0,0.0,0.0,0.0,24%
CUST0165352,DECLINED,INSAGFFICIENT_NET_DISPOSABLE_INCOME,3.8267462858951e-07,4.701210519579216e-06,0.008046414676757957,0.0,0.0,0.0,0.0,0.0,0.0,24%
CUST0165524,DECLINED,INSAGFFICIENT_NET_DISPOSABLE_INCOME,3.8267462858951e-07,4.701210519579216e-06,0.008046414676757957,0.0,0.0,0.0,0.0,0.0,0.0,24%
CUST0165527,DECLINED,INSAGFFICIENT_NET_DISPOSABLE_INCOME,3.8267462858951e-07,4.701210519579216e-06,0.008046414676757957,0.0,0.0,0.0,0.0,0.0,0.0,24%
CUST0165646,DECLINED,INSAGFFICIENT_NET_DISPOSABLE_INCOME,3.8267462858951e-07,4.701210519579216e-06,0.008046414676757957,0.0,0.0,0.0,0.0,0.0,0.0,24%
CUST0165657,DECLINED,INSAGFFICIENT_NET_DISPOSABLE_INCOME,6349.161045845124,9387.040543289042,15755.584220753482,0.0,0.0,0.0,0.0,0.0,0.0,24%
CUST0165678,DECLINED,INSAGFFICIENT_NET_DISPOSABLE_INCOME,3.8267462858951e-07,4.701210519579216e-06,0.008046414676757957,0.0,0.0,0.0,0.0,0.0,0.0,24%
CUST0165730,DECLINED,INSAGFFICIENT_NET_DISPOSABLE_INCOME,3.8267462858951e-07,4.701210519579216e-06,0.008046414676757957,0.0,0.0,0.0,0.0,0.0,0.0,24%
CUST0165793,DECLINED,INSAGFFICIENT_NET_DISPOSABLE_INCOME,3.8267462858951e-07,4.701210519579216e-06,0.008046414676757957,0.0,0.0,0.0,0.0,0.0,0.0,24%
CUST0165819,DECLINED,INSAGFFICIENT_NET_DISPOSABLE_INCOME,3.8267462858951e-07,4.701210519579216e-06,0.008046414676757957,0.0,0.0,0.0,0.0,0.0,0.0,24%
CUST0165843,DECLINED,INSAGFFICIENT_NET_DISPOSABLE_INCOME,3.8267462858951e-07,4.701210519579216e-06,0.008046414676757957,0.0,0.0,0.0,0.0,0.0,0.0,24%
CUST0165845,DECLINED,INSAGFFICIENT_NET_DISPOSABLE_INCOME,3.8267462858951e-07,4.701210519579216e-06,0.008046414676757957,0.0,0.0,0.0,0.0,0.0,0.0,24%
CUST0165890,DECLINED,INSAGFFICIENT_NET_DISPOSABLE_INCOME,6497.862515633288,9957.107447778752,15818.25291075471,0.0,0.0,0.0,0.0,0.0,0.0,24%
CUST0165945,DECLINED,INSAGFFICIENT_NET_DISPOSABLE_INCOME,3.8267462858951e-07,4.701210519579216e-06,0.008046414676757957,0.0,0.0,0.0,0.0,0.0,0.0,24%
CUST0165971,DECLINED,INSAGFFICIENT_NET_DISPOSABLE_INCOME,3.8267462858951e-07,4.701210519579216e-06,0.008046414676757957,0.0,0.0,0.0,0.0,0.0,0.0,24%
CUST0166032,DECLINED,INSAGFFICIENT_NET_DISPOSABLE_INCOME,3.8267462858951e-07,4.701210519579216e-06,0.008046414676757957,0.0,0.0,0.0,0.0,0.0,0.0,24%
CUST0166066,DECLINED,INSAGFFICIENT_NET_DISPOSABLE_INCOME,3.8267462858951e-07,4.701210519579216e-06,0.008046414676757957,0.0,0.0,0.0,0.0,0.0,0.0,24%
CUST0166091,DECLINED,INSAGFFICIENT_NET_DISPOSABLE_INCOME,3.8267462858951e-07,4.701210519579216e-06,0.008046414676757957,0.0,0.0,0.0,0.0,0.0,0.0,24%
CUST0166095,DECLINED,INSAGFFICIENT_NET_DISPOSABLE_INCOME,3.8267462858951e-07,4.701210519579216e-06,0.008046414676757957,0.0,0.0,0.0,0.0,0.0,0.0,24%
CUST0166118,DECLINED,INSAGFFICIENT_NET_DISPOSABLE_INCOME,3.8267462858951e-07,4.701210519579216e-06,0.008046414676757957,0.0,0.0,0.0,0.0,0.0,0.0,24%
CUST0166167,DECLINED,INSAGFFICIENT_NET_DISPOSABLE_INCOME,6292.203912736632,6321.5599651054,12650.532767652809,0.0,0.0,0.0,0.0,0.0,0.0,24%
CUST0166363,DECLINED,INSAGFFICIENT_NET_DISPOSABLE_INCOME,3.8267462858951e-07,4.701210519579216e-06,0.008046414676757957,0.0,0.0,0.0,0.0,0.0,0.0,24%
CUST0166385,DECLINED,INSAGFFICIENT_NET_DISPOSABLE_INCOME,3.8267462858951e-07,4.701210519579216e-06,0.008046414676757957,0.0,0.0,0.0,0.0,0.0,0.0,24%
CUST0166426,DECLINED,INSAGFFICIENT_NET_DISPOSABLE_INCOME,3.8267462858951e-07,4.701210519579216e-06,0.008046414676757957,0.0,0.0,0.0,0.0,0.0,0.0,24%
CUST0166481,DECLINED,INSAGFFICIENT_NET_DISPOSABLE_INCOME,3.8267462858951e-07,4.701210519579216e-06,0.008046414676757957,0.0,0.0,0.0,0.0,0.0,0.0,24%
CUST0166540,DECLINED,INSAGFFICIENT_NET_DISPOSABLE_INCOME,5915.40823537316,6629.388026296496,13331.196782682884,0.0,0.0,0.0,0.0,0.0,0.0,24%
CUST0166650,DECLINED,INSAGFFICIENT_NET_DISPOSABLE_INCOME,3.8267462858951e-07,4.701210519579216e-06,0.008046414676757957,0.0,0.0,0.0,0.0,0.0,0.0,24%
CUST0166665,DECLINED,INSAGFFICIENT_NET_DISPOSABLE_INCOME,3.8267462858951e-07,4.701210519579216e-06,0.008046414676757957,0.0,0.0,0.0,0.0,0.0,0.0,24%
CUST0166704,DECLINED,INSAGFFICIENT_NET_DISPOSABLE_INCOME,5494.000288270563,5647.784445426905,11857.608653457299,0.0,0.0,0.0,0.0,0.0,0.0,24%
CUST0166843,DECLINED,INSAGFFICIENT_NET_DISPOSABLE_INCOME,3.8267462858951e-07,4.701210519579216e-06,0.008046414676757957,0.0,0.0,0.0,0.0,0.0,0.0,24%
CUST0166881,DECLINED,INSAGFFICIENT_NET_DISPOSABLE_INCOME,3.8267462858951e-07,4.701210519579216e-06,0.008046414676757957,0.0,0.0,0.0,0.0,0.0,0.0,24%
CUST0166920,DECLINED,INSAGFFICIENT_NET_DISPOSABLE_INCOME,3.8267462858951e-07,4.701210519579216e-06,0.008046414676757957,0.0,0.0,0.0,0.0,0.0,0.0,24%
CUST0166972,DECLINED,INSAGFFICIENT_NET_DISPOSABLE_INCOME,3.8267462858951e-07,4.701210519579216e-06,0.008046414676757957,0.0,0.0,0.0,0.0,0.0,0.0,24%
CUST0166979,DECLINED,INSAGFFICIENT_NET_DISPOSABLE_INCOME,3.8267462858951e-07,4.701210519579216e-06,0.008046414676757957,0.0,0.0,0.0,0.0,0.0,0.0,24%
CUST0166983,DECLINED,INSAGFFICIENT_NET_DISPOSABLE_INCOME,3.8267462858951e-07,4.701210519579216e-06,0.008046414676757957,0.0,0.0,0.0,0.0,0.0,0.0,24%
CUST0167149,DECLINED,INSAGFFICIENT_NET_DISPOSABLE_INCOME,3.8267462858951e-07,4.701210519579216e-06,0.008046414676757957,0.0,0.0,0.0,0.0,0.0,0.0,24%
CUST0167164,DECLINED,INSAGFFICIENT_NET_DISPOSABLE_INCOME,3.8267462858951e-07,4.701210519579216e-06,0.008046414676757957,0.0,0.0,0.0,0.0,0.0,0.0,24%
CUST0167276,DECLINED,INSAGFFICIENT_NET_DISPOSABLE_INCOME,6519.978883241676,6833.555514955778,18747.458213490994,0.0,0.0,0.0,0.0,0.0,0.0,24%
CUST0167310,DECLINED,INSAGFFICIENT_NET_DISPOSABLE_INCOME,3.8267462858951e-07,4.701210519579216e-06,0.008046414676757957,0.0,0.0,0.0,0.0,0.0,0.0,24%
CUST0167358,DECLINED,INSAGFFICIENT_NET_DISPOSABLE_INCOME,3.8267462858951e-07,4.701210519579216e-06,0.008046414676757957,0.0,0.0,0.0,0.0,0.0,0.0,24%
CUST0167386,DECLINED,INSAGFFICIENT_NET_DISPOSABLE_INCOME,3.8267462858951e-07,4.701210519579216e-06,0.008046414676757957,0.0,0.0,0.0,0.0,0.0,0.0,24%
CUST0167446,DECLINED,INSAGFFICIENT_NET_DISPOSABLE_INCOME,3.8267462858951e-07,4.701210519579216e-06,0.008046414676757957,0.0,0.0,0.0,0.0,0.0,0.0,24%
CUST0167563,DECLINED,INSAGFFICIENT_NET_DISPOSABLE_INCOME,3.8267462858951e-07,4.701210519579216e-06,0.008046414676757957,0.0,0.0,0.0,0.0,0.0,0.0,24%
CUST0167577,DECLINED,INSAGFFICIENT_NET_DISPOSABLE_INCOME,3.8267462858951e-07,4.701210519579216e-06,0.008046414676757957,0.0,0.0,0.0,0.0,0.0,0.0,24%
CUST0167579,DECLINED,INSAGFFICIENT_NET_DISPOSABLE_INCOME,3.8267462858951e-07,4.701210519579216e-06,0.008046414676757957,0.0,0.0,0.0,0.0,0.0,0.0,24%
CUST0167600,DECLINED,INSAGFFICIENT_NET_DISPOSABLE_INCOME,3.8267462858951e-07,4.701210519579216e-06,0.008046414676757957,0.0,0.0,0.0,0.0,0.0,0.0,24%
CUST0167643,DECLINED,INSAGFFICIENT_NET_DISPOSABLE_INCOME,3.8267462858951e-07,4.701210519579216e-06,0.008046414676757957,0.0,0.0,0.0,0.0,0.0,0.0,24%
CUST0167690,DECLINED,INSAGFFICIENT_NET_DISPOSABLE_INCOME,3.8267462858951e-07,4.701210519579216e-06,0.008046414676757957,0.0,0.0,0.0,0.0,0.0,0.0,24%
CUST0167697,DECLINED,INSAGFFICIENT_NET_DISPOSABLE_INCOME,3.8267462858951e-07,4.701210519579216e-06,0.008046414676757957,0.0,0.0,0.0,0.0,0.0,0.0,24%
CUST0167762,DECLINED,INSAGFFICIENT_NET_DISPOSABLE_INCOME,3.8267462858951e-07,4.701210519579216e-06,0.008046414676757957,0.0,0.0,0.0,0.0,0.0,0.0,24%
CUST0167783,DECLINED,INSAGFFICIENT_NET_DISPOSABLE_INCOME,3.8267462858951e-07,4.701210519579216e-06,0.008046414676757957,0.0,0.0,0.0,0.0,0.0,0.0,24%
CUST0167793,DECLINED,INSAGFFICIENT_NET_DISPOSABLE_INCOME,3.8267462858951e-07,4.701210519579216e-06,0.008046414676757957,0.0,0.0,0.0,0.0,0.0,0.0,24%
CUST0167880,DECLINED,INSAGFFICIENT_NET_DISPOSABLE_INCOME,3.8267462858951e-07,4.701210519579216e-06,0.008046414676757957,0.0,0.0,0.0,0.0,0.0,0.0,24%
CUST0167968,DECLINED,INSAGFFICIENT_NET_DISPOSABLE_INCOME,3.8267462858951e-07,4.701210519579216e-06,0.008046414676757957,0.0,0.0,0.0,0.0,0.0,0.0,24%
CUST0168107,DECLINED,INSAGFFICIENT_NET_DISPOSABLE_INCOME,4090.9877334207977,4615.186943899273,11445.527107026048,0.0,0.0,0.0,0.0,0.0,0.0,24%
CUST0168209,DECLINED,INSAGFFICIENT_NET_DISPOSABLE_INCOME,3.8267462858951e-07,4.701210519579216e-06,0.008046414676757957,0.0,0.0,0.0,0.0,0.0,0.0,24%
CUST0168217,DECLINED,INSAGFFICIENT_NET_DISPOSABLE_INCOME,3.8267462858951e-07,4.701210519579216e-06,0.008046414676757957,0.0,0.0,0.0,0.0,0.0,0.0,24%
CUST0168267,DECLINED,INSAGFFICIENT_NET_DISPOSABLE_INCOME,3.8267462858951e-07,4.701210519579216e-06,0.008046414676757957,0.0,0.0,0.0,0.0,0.0,0.0,24%
CUST0168287,DECLINED,INSAGFFICIENT_NET_DISPOSABLE_INCOME,3.8267462858951e-07,4.701210519579216e-06,0.008046414676757957,0.0,0.0,0.0,0.0,0.0,0.0,24%
CUST0168320,DECLINED,INSAGFFICIENT_NET_DISPOSABLE_INCOME,3.8267462858951e-07,4.701210519579216e-06,0.008046414676757957,0.0,0.0,0.0,0.0,0.0,0.0,24%
CUST0168338,DECLINED,INSAGFFICIENT_NET_DISPOSABLE_INCOME,3.8267462858951e-07,4.701210519579216e-06,0.008046414676757957,0.0,0.0,0.0,0.0,0.0,0.0,24%
CUST0168428,DECLINED,INSAGFFICIENT_NET_DISPOSABLE_INCOME,3.8267462858951e-07,4.701210519579216e-06,0.008046414676757957,0.0,0.0,0.0,0.0,0.0,0.0,24%
CUST0168474,DECLINED,INSAGFFICIENT_NET_DISPOSABLE_INCOME,3.8267462858951e-07,4.701210519579216e-06,0.008046414676757957,0.0,0.0,0.0,0.0,0.0,0.0,24%
CUST0168491,DECLINED,INSAGFFICIENT_NET_DISPOSABLE_INCOME,3.8267462858951e-07,4.701210519579216e-06,0.008046414676757957,0.0,0.0,0.0,0.0,0.0,0.0,24%
CUST0168570,DECLINED,INSAGFFICIENT_NET_DISPOSABLE_INCOME,3.8267462858951e-07,4.701210519579216e-06,0.008046414676757957,0.0,0.0,0.0,0.0,0.0,0.0,24%
CUST0168571,DECLINED,INSAGFFICIENT_NET_DISPOSABLE_INCOME,3.8267462858951e-07,4.701210519579216e-06,0.008046414676757957,0.0,0.0,0.0,0.0,0.0,0.0,24%
CUST0168589,DECLINED,INSAGFFICIENT_NET_DISPOSABLE_INCOME,3.8267462858951e-07,4.701210519579216e-06,0.008046414676757957,0.0,0.0,0.0,0.0,0.0,0.0,24%
CUST0168602,DECLINED,INSAGFFICIENT_NET_DISPOSABLE_INCOME,3.8267462858951e-07,4.701210519579216e-06,0.008046414676757957,0.0,0.0,0.0,0.0,0.0,0.0,24%
CUST0168695,DECLINED,INSAGFFICIENT_NET_DISPOSABLE_INCOME,3.8267462858951e-07,4.701210519579216e-06,0.008046414676757957,0.0,0.0,0.0,0.0,0.0,0.0,24%
CUST0168743,DECLINED,INSAGFFICIENT_NET_DISPOSABLE_INCOME,3.8267462858951e-07,4.701210519579216e-06,0.008046414676757957,0.0,0.0,0.0,0.0,0.0,0.0,24%
CUST0168779,DECLINED,INSAGFFICIENT_NET_DISPOSABLE_INCOME,3.8267462858951e-07,4.701210519579216e-06,0.008046414676757957,0.0,0.0,0.0,0.0,0.0,0.0,24%
CUST0168800,DECLINED,INSAGFFICIENT_NET_DISPOSABLE_INCOME,3.8267462858951e-07,4.701210519579216e-06,0.008046414676757957,0.0,0.0,0.0,0.0,0.0,0.0,24%
CUST0168842,DECLINED,INSAGFFICIENT_NET_DISPOSABLE_INCOME,3.8267462858951e-07,4.701210519579216e-06,0.008046414676757957,0.0,0.0,0.0,0.0,0.0,0.0,24%
CUST0168907,DECLINED,INSAGFFICIENT_NET_DISPOSABLE_INCOME,3.8267462858951e-07,4.701210519579216e-06,0.008046414676757957,0.0,0.0,0.0,0.0,0.0,0.0,24%
CUST0168936,DECLINED,INSAGFFICIENT_NET_DISPOSABLE_INCOME,3.8267462858951e-07,4.701210519579216e-06,0.008046414676757957,0.0,0.0,0.0,0.0,0.0,0.0,24%
CUST0168947,DECLINED,INSAGFFICIENT_NET_DISPOSABLE_INCOME,3.8267462858951e-07,4.701210519579216e-06,0.008046414676757957,0.0,0.0,0.0,0.0,0.0,0.0,24%
CUST0169043,DECLINED,INSAGFFICIENT_NET_DISPOSABLE_INCOME,3.8267462858951e-07,4.701210519579216e-06,0.008046414676757957,0.0,0.0,0.0,0.0,0.0,0.0,24%
CUST0169049,DECLINED,INSAGFFICIENT_NET_DISPOSABLE_INCOME,3.8267462858951e-07,4.701210519579216e-06,0.008046414676757957,0.0,0.0,0.0,0.0,0.0,0.0,24%
CUST0169106,DECLINED,INSAGFFICIENT_NET_DISPOSABLE_INCOME,3.8267462858951e-07,4.701210519579216e-06,0.008046414676757957,0.0,0.0,0.0,0.0,0.0,0.0,24%
CUST0169117,DECLINED,INSAGFFICIENT_NET_DISPOSABLE_INCOME,3.8267462858951e-07,4.701210519579216e-06,0.008046414676757957,0.0,0.0,0.0,0.0,0.0,0.0,24%
CUST0169189,DECLINED,INSAGFFICIENT_NET_DISPOSABLE_INCOME,3.8267462858951e-07,4.701210519579216e-06,0.008046414676757957,0.0,0.0,0.0,0.0,0.0,0.0,24%
CUST0169218,DECLINED,INSAGFFICIENT_NET_DISPOSABLE_INCOME,3.8267462858951e-07,4.701210519579216e-06,0.008046414676757957,0.0,0.0,0.0,0.0,0.0,0.0,24%
CUST0169254,DECLINED,INSAGFFICIENT_NET_DISPOSABLE_INCOME,3.8267462858951e-07,4.701210519579216e-06,0.008046414676757957,0.0,0.0,0.0,0.0,0.0,0.0,24%
CUST0169278,DECLINED,INSAGFFICIENT_NET_DISPOSABLE_INCOME,3.8267462858951e-07,4.701210519579216e-06,0.008046414676757957,0.0,0.0,0.0,0.0,0.0,0.0,24%
CUST0169307,DECLINED,INSAGFFICIENT_NET_DISPOSABLE_INCOME,3.8267462858951e-07,4.701210519579216e-06,0.008046414676757957,0.0,0.0,0.0,0.0,0.0,0.0,24%
CUST0169452,DECLINED,INSAGFFICIENT_NET_DISPOSABLE_INCOME,5786.253003123144,6473.456692120907,17171.30029443917,0.0,0.0,0.0,0.0,0.0,0.0,24%
CUST0169531,DECLINED,INSAGFFICIENT_NET_DISPOSABLE_INCOME,3.8267462858951e-07,4.701210519579216e-06,0.008046414676757957,0.0,0.0,0.0,0.0,0.0,0.0,24%
CUST0169563,DECLINED,INSAGFFICIENT_NET_DISPOSABLE_INCOME,3.8267462858951e-07,4.701210519579216e-06,0.008046414676757957,0.0,0.0,0.0,0.0,0.0,0.0,24%
CUST0169583,DECLINED,INSAGFFICIENT_NET_DISPOSABLE_INCOME,3902.8171110397566,20106.97126991227,36163.55800138149,0.0,0.0,0.0,0.0,0.0,0.0,24%
CUST0169646,DECLINED,INSAGFFICIENT_NET_DISPOSABLE_INCOME,3.8267462858951e-07,4.701210519579216e-06,0.008046414676757957,0.0,0.0,0.0,0.0,0.0,0.0,24%
CUST0169681,DECLINED,INSAGFFICIENT_NET_DISPOSABLE_INCOME,3.8267462858951e-07,4.701210519579216e-06,0.008046414676757957,0.0,0.0,0.0,0.0,0.0,0.0,24%
CUST0169692,DECLINED,INSAGFFICIENT_NET_DISPOSABLE_INCOME,6316.6318805895,6976.223958212948,13900.394582340083,0.0,0.0,0.0,0.0,0.0,0.0,24%
CUST0169730,DECLINED,INSAGFFICIENT_NET_DISPOSABLE_INCOME,3.8267462858951e-07,4.701210519579216e-06,0.008046414676757957,0.0,0.0,0.0,0.0,0.0,0.0,24%
CUST0169744,DECLINED,INSAGFFICIENT_NET_DISPOSABLE_INCOME,3.8267462858951e-07,4.701210519579216e-06,0.008046414676757957,0.0,0.0,0.0,0.0,0.0,0.0,24%
CUST0169753,DECLINED,INSAGFFICIENT_NET_DISPOSABLE_INCOME,3.8267462858951e-07,4.701210519579216e-06,0.008046414676757957,0.0,0.0,0.0,0.0,0.0,0.0,24%
CUST0169771,DECLINED,INSAGFFICIENT_NET_DISPOSABLE_INCOME,3.8267462858951e-07,4.701210519579216e-06,0.008046414676757957,0.0,0.0,0.0,0.0,0.0,0.0,24%
CUST0169840,DECLINED,INSAGFFICIENT_NET_DISPOSABLE_INCOME,3902.8171110397566,20106.97126991227,36163.55800138149,0.0,0.0,0.0,0.0,0.0,0.0,24%
CUST0169964,DECLINED,INSAGFFICIENT_NET_DISPOSABLE_INCOME,3.8267462858951e-07,4.701210519579216e-06,0.008046414676757957,0.0,0.0,0.0,0.0,0.0,0.0,24%
CUST0170037,DECLINED,INSAGFFICIENT_NET_DISPOSABLE_INCOME,3.8267462858951e-07,4.701210519579216e-06,0.008046414676757957,0.0,0.0,0.0,0.0,0.0,0.0,24%
CUST0170091,DECLINED,INSAGFFICIENT_NET_DISPOSABLE_INCOME,3.8267462858951e-07,4.701210519579216e-06,0.008046414676757957,0.0,0.0,0.0,0.0,0.0,0.0,24%
CUST0170106,DECLINED,INSAGFFICIENT_NET_DISPOSABLE_INCOME,3.8267462858951e-07,4.701210519579216e-06,0.008046414676757957,0.0,0.0,0.0,0.0,0.0,0.0,24%
CUST0170214,DECLINED,INSAGFFICIENT_NET_DISPOSABLE_INCOME,3.8267462858951e-07,4.701210519579216e-06,0.008046414676757957,0.0,0.0,0.0,0.0,0.0,0.0,24%
CUST0170227,DECLINED,INSAGFFICIENT_NET_DISPOSABLE_INCOME,4748.4900401298355,5093.953590667486,11603.145217717332,0.0,0.0,0.0,0.0,0.0,0.0,24%
CUST0170236,DECLINED,INSAGFFICIENT_NET_DISPOSABLE_INCOME,3.8267462858951e-07,4.701210519579216e-06,0.008046414676757957,0.0,0.0,0.0,0.0,0.0,0.0,24%
CUST0170322,DECLINED,INSAGFFICIENT_NET_DISPOSABLE_INCOME,3.8267462858951e-07,4.701210519579216e-06,0.008046414676757957,0.0,0.0,0.0,0.0,0.0,0.0,24%
CUST0170374,DECLINED,INSAGFFICIENT_NET_DISPOSABLE_INCOME,3.8267462858951e-07,4.701210519579216e-06,0.008046414676757957,0.0,0.0,0.0,0.0,0.0,0.0,24%
CUST0170401,DECLINED,INSAGFFICIENT_NET_DISPOSABLE_INCOME,3.8267462858951e-07,4.701210519579216e-06,0.008046414676757957,0.0,0.0,0.0,0.0,0.0,0.0,24%
CUST0170403,DECLINED,INSAGFFICIENT_NET_DISPOSABLE_INCOME,3.8267462858951e-07,4.701210519579216e-06,0.008046414676757957,0.0,0.0,0.0,0.0,0.0,0.0,24%
CUST0170441,DECLINED,INSAGFFICIENT_NET_DISPOSABLE_INCOME,3.8267462858951e-07,4.701210519579216e-06,0.008046414676757957,0.0,0.0,0.0,0.0,0.0,0.0,24%
CUST0170484,DECLINED,INSAGFFICIENT_NET_DISPOSABLE_INCOME,3.8267462858951e-07,4.701210519579216e-06,0.008046414676757957,0.0,0.0,0.0,0.0,0.0,0.0,24%
CUST0170494,DECLINED,INSAGFFICIENT_NET_DISPOSABLE_INCOME,3.8267462858951e-07,4.701210519579216e-06,0.008046414676757957,0.0,0.0,0.0,0.0,0.0,0.0,24%
CUST0170662,DECLINED,INSAGFFICIENT_NET_DISPOSABLE_INCOME,3.8267462858951e-07,4.701210519579216e-06,0.008046414676757957,0.0,0.0,0.0,0.0,0.0,0.0,24%
CUST0170739,DECLINED,INSAGFFICIENT_NET_DISPOSABLE_INCOME,3.8267462858951e-07,4.701210519579216e-06,0.008046414676757957,0.0,0.0,0.0,0.0,0.0,0.0,24%
CUST0170740,DECLINED,INSAGFFICIENT_NET_DISPOSABLE_INCOME,3.8267462858951e-07,4.701210519579216e-06,0.008046414676757957,0.0,0.0,0.0,0.0,0.0,0.0,24%
CUST0170851,DECLINED,INSAGFFICIENT_NET_DISPOSABLE_INCOME,3.8267462858951e-07,4.701210519579216e-06,0.008046414676757957,0.0,0.0,0.0,0.0,0.0,0.0,24%
CUST0171016,DECLINED,INSAGFFICIENT_NET_DISPOSABLE_INCOME,3.8267462858951e-07,4.701210519579216e-06,0.008046414676757957,0.0,0.0,0.0,0.0,0.0,0.0,24%
CUST0171028,DECLINED,INSAGFFICIENT_NET_DISPOSABLE_INCOME,3.8267462858951e-07,4.701210519579216e-06,0.008046414676757957,0.0,0.0,0.0,0.0,0.0,0.0,24%
CUST0171104,DECLINED,INSAGFFICIENT_NET_DISPOSABLE_INCOME,3.8267462858951e-07,4.701210519579216e-06,0.008046414676757957,0.0,0.0,0.0,0.0,0.0,0.0,24%
CUST0171151,DECLINED,INSAGFFICIENT_NET_DISPOSABLE_INCOME,3.8267462858951e-07,4.701210519579216e-06,0.008046414676757957,0.0,0.0,0.0,0.0,0.0,0.0,24%
CUST0171207,DECLINED,INSAGFFICIENT_NET_DISPOSABLE_INCOME,3.8267462858951e-07,4.701210519579216e-06,0.008046414676757957,0.0,0.0,0.0,0.0,0.0,0.0,24%
CUST0171230,DECLINED,INSAGFFICIENT_NET_DISPOSABLE_INCOME,3.8267462858951e-07,4.701210519579216e-06,0.008046414676757957,0.0,0.0,0.0,0.0,0.0,0.0,24%
CUST0171238,DECLINED,INSAGFFICIENT_NET_DISPOSABLE_INCOME,3.8267462858951e-07,4.701210519579216e-06,0.008046414676757957,0.0,0.0,0.0,0.0,0.0,0.0,24%
CUST0171276,DECLINED,INSAGFFICIENT_NET_DISPOSABLE_INCOME,3.8267462858951e-07,4.701210519579216e-06,0.008046414676757957,0.0,0.0,0.0,0.0,0.0,0.0,24%
CUST0171291,DECLINED,INSAGFFICIENT_NET_DISPOSABLE_INCOME,3.8267462858951e-07,4.701210519579216e-06,0.008046414676757957,0.0,0.0,0.0,0.0,0.0,0.0,24%
CUST0171340,DECLINED,INSAGFFICIENT_NET_DISPOSABLE_INCOME,3.8267462858951e-07,4.701210519579216e-06,0.008046414676757957,0.0,0.0,0.0,0.0,0.0,0.0,24%
CUST0171345,DECLINED,INSAGFFICIENT_NET_DISPOSABLE_INCOME,3.8267462858951e-07,4.701210519579216e-06,0.008046414676757957,0.0,0.0,0.0,0.0,0.0,0.0,24%
CUST0171369,DECLINED,INSAGFFICIENT_NET_DISPOSABLE_INCOME,3.8267462858951e-07,4.701210519579216e-06,0.008046414676757957,0.0,0.0,0.0,0.0,0.0,0.0,24%
CUST0171456,DECLINED,INSAGFFICIENT_NET_DISPOSABLE_INCOME,3.8267462858951e-07,4.701210519579216e-06,0.008046414676757957,0.0,0.0,0.0,0.0,0.0,0.0,24%
CUST0171523,DECLINED,INSAGFFICIENT_NET_DISPOSABLE_INCOME,3.8267462858951e-07,4.701210519579216e-06,0.008046414676757957,0.0,0.0,0.0,0.0,0.0,0.0,24%
CUST0171559,DECLINED,INSAGFFICIENT_NET_DISPOSABLE_INCOME,3.8267462858951e-07,4.701210519579216e-06,0.008046414676757957,0.0,0.0,0.0,0.0,0.0,0.0,24%
CUST0171661,DECLINED,INSAGFFICIENT_NET_DISPOSABLE_INCOME,4783.703641750921,4909.5605856294205,18218.26944282111,0.0,0.0,0.0,0.0,0.0,0.0,24%
CUST0171692,DECLINED,INSAGFFICIENT_NET_DISPOSABLE_INCOME,3.8267462858951e-07,4.701210519579216e-06,0.008046414676757957,0.0,0.0,0.0,0.0,0.0,0.0,24%
CUST0171737,DECLINED,INSAGFFICIENT_NET_DISPOSABLE_INCOME,3.8267462858951e-07,4.701210519579216e-06,0.008046414676757957,0.0,0.0,0.0,0.0,0.0,0.0,24%
CUST0171845,DECLINED,INSAGFFICIENT_NET_DISPOSABLE_INCOME,3.8267462858951e-07,4.701210519579216e-06,0.008046414676757957,0.0,0.0,0.0,0.0,0.0,0.0,24%
CUST0171876,DECLINED,INSAGFFICIENT_NET_DISPOSABLE_INCOME,3.8267462858951e-07,4.701210519579216e-06,0.008046414676757957,0.0,0.0,0.0,0.0,0.0,0.0,24%
CUST0171883,DECLINED,INSAGFFICIENT_NET_DISPOSABLE_INCOME,3.8267462858951e-07,4.701210519579216e-06,0.008046414676757957,0.0,0.0,0.0,0.0,0.0,0.0,24%
CUST0171889,DECLINED,INSAGFFICIENT_NET_DISPOSABLE_INCOME,3.8267462858951e-07,4.701210519579216e-06,0.008046414676757957,0.0,0.0,0.0,0.0,0.0,0.0,24%
CUST0171927,DECLINED,INSAGFFICIENT_NET_DISPOSABLE_INCOME,3.8267462858951e-07,4.701210519579216e-06,0.008046414676757957,0.0,0.0,0.0,0.0,0.0,0.0,24%
CUST0171939,DECLINED,INSAGFFICIENT_NET_DISPOSABLE_INCOME,3.8267462858951e-07,4.701210519579216e-06,0.008046414676757957,0.0,0.0,0.0,0.0,0.0,0.0,24%
CUST0171953,DECLINED,INSAGFFICIENT_NET_DISPOSABLE_INCOME,3.8267462858951e-07,4.701210519579216e-06,0.008046414676757957,0.0,0.0,0.0,0.0,0.0,0.0,24%
CUST0172001,DECLINED,INSAGFFICIENT_NET_DISPOSABLE_INCOME,3.8267462858951e-07,4.701210519579216e-06,0.008046414676757957,0.0,0.0,0.0,0.0,0.0,0.0,24%
CUST0172017,DECLINED,INSAGFFICIENT_NET_DISPOSABLE_INCOME,3.8267462858951e-07,4.701210519579216e-06,0.008046414676757957,0.0,0.0,0.0,0.0,0.0,0.0,24%
CUST0172068,DECLINED,INSAGFFICIENT_NET_DISPOSABLE_INCOME,3.8267462858951e-07,4.701210519579216e-06,0.008046414676757957,0.0,0.0,0.0,0.0,0.0,0.0,24%
CUST0172089,DECLINED,INSAGFFICIENT_NET_DISPOSABLE_INCOME,3.8267462858951e-07,4.701210519579216e-06,0.008046414676757957,0.0,0.0,0.0,0.0,0.0,0.0,24%
CUST0172099,DECLINED,INSAGFFICIENT_NET_DISPOSABLE_INCOME,3.8267462858951e-07,4.701210519579216e-06,0.008046414676757957,0.0,0.0,0.0,0.0,0.0,0.0,24%
CUST0172108,DECLINED,INSAGFFICIENT_NET_DISPOSABLE_INCOME,3.8267462858951e-07,4.701210519579216e-06,0.008046414676757957,0.0,0.0,0.0,0.0,0.0,0.0,24%
CUST0172189,DECLINED,INSAGFFICIENT_NET_DISPOSABLE_INCOME,3.8267462858951e-07,4.701210519579216e-06,0.008046414676757957,0.0,0.0,0.0,0.0,0.0,0.0,24%
CUST0172243,DECLINED,INSAGFFICIENT_NET_DISPOSABLE_INCOME,3.8267462858951e-07,4.701210519579216e-06,0.008046414676757957,0.0,0.0,0.0,0.0,0.0,0.0,24%
CUST0172253,DECLINED,INSAGFFICIENT_NET_DISPOSABLE_INCOME,4779.309461616508,5431.255984654109,18740.220629369203,0.0,0.0,0.0,0.0,0.0,0.0,24%
CUST0172259,DECLINED,INSAGFFICIENT_NET_DISPOSABLE_INCOME,3.8267462858951e-07,4.701210519579216e-06,0.008046414676757957,0.0,0.0,0.0,0.0,0.0,0.0,24%
CUST0172307,DECLINED,INSAGFFICIENT_NET_DISPOSABLE_INCOME,3.8267462858951e-07,4.701210519579216e-06,0.008046414676757957,0.0,0.0,0.0,0.0,0.0,0.0,24%
CUST0172382,DECLINED,INSAGFFICIENT_NET_DISPOSABLE_INCOME,3.8267462858951e-07,4.701210519579216e-06,0.008046414676757957,0.0,0.0,0.0,0.0,0.0,0.0,24%
CUST0172392,DECLINED,INSAGFFICIENT_NET_DISPOSABLE_INCOME,3.8267462858951e-07,4.701210519579216e-06,0.008046414676757957,0.0,0.0,0.0,0.0,0.0,0.0,24%
CUST0172420,DECLINED,INSAGFFICIENT_NET_DISPOSABLE_INCOME,6349.161045845124,9416.74151803876,15755.584220753482,0.0,0.0,0.0,0.0,0.0,0.0,24%
CUST0172495,DECLINED,INSAGFFICIENT_NET_DISPOSABLE_INCOME,3.8267462858951e-07,4.701210519579216e-06,0.008046414676757957,0.0,0.0,0.0,0.0,0.0,0.0,24%
CUST0172519,DECLINED,INSAGFFICIENT_NET_DISPOSABLE_INCOME,3.8267462858951e-07,4.701210519579216e-06,0.008046414676757957,0.0,0.0,0.0,0.0,0.0,0.0,24%
CUST0172523,DECLINED,INSAGFFICIENT_NET_DISPOSABLE_INCOME,5347.830431797954,8603.026118657157,15755.584220753482,0.0,0.0,0.0,0.0,0.0,0.0,24%
CUST0172584,DECLINED,INSAGFFICIENT_NET_DISPOSABLE_INCOME,3.8267462858951e-07,4.701210519579216e-06,0.008046414676757957,0.0,0.0,0.0,0.0,0.0,0.0,24%
CUST0172588,DECLINED,INSAGFFICIENT_NET_DISPOSABLE_INCOME,3.8267462858951e-07,4.701210519579216e-06,0.008046414676757957,0.0,0.0,0.0,0.0,0.0,0.0,24%
CUST0172685,DECLINED,INSAGFFICIENT_NET_DISPOSABLE_INCOME,3.8267462858951e-07,4.701210519579216e-06,0.008046414676757957,0.0,0.0,0.0,0.0,0.0,0.0,24%
CUST0172718,DECLINED,INSAGFFICIENT_NET_DISPOSABLE_INCOME,6194.300469435941,6530.634296697611,18563.74538864298,0.0,0.0,0.0,0.0,0.0,0.0,24%
CUST0172738,DECLINED,INSAGFFICIENT_NET_DISPOSABLE_INCOME,3.8267462858951e-07,4.701210519579216e-06,0.008046414676757957,0.0,0.0,0.0,0.0,0.0,0.0,24%
CUST0172749,DECLINED,INSAGFFICIENT_NET_DISPOSABLE_INCOME,3.8267462858951e-07,4.701210519579216e-06,0.008046414676757957,0.0,0.0,0.0,0.0,0.0,0.0,24%
CUST0172753,DECLINED,INSAGFFICIENT_NET_DISPOSABLE_INCOME,3.8267462858951e-07,4.701210519579216e-06,0.008046414676757957,0.0,0.0,0.0,0.0,0.0,0.0,24%
CUST0172911,DECLINED,INSAGFFICIENT_NET_DISPOSABLE_INCOME,3.8267462858951e-07,4.701210519579216e-06,0.008046414676757957,0.0,0.0,0.0,0.0,0.0,0.0,24%
CUST0172919,DECLINED,INSAGFFICIENT_NET_DISPOSABLE_INCOME,3.8267462858951e-07,4.701210519579216e-06,0.008046414676757957,0.0,0.0,0.0,0.0,0.0,0.0,24%
CUST0172948,DECLINED,INSAGFFICIENT_NET_DISPOSABLE_INCOME,3.8267462858951e-07,4.701210519579216e-06,0.008046414676757957,0.0,0.0,0.0,0.0,0.0,0.0,24%
CUST0173079,DECLINED,INSAGFFICIENT_NET_DISPOSABLE_INCOME,3.8267462858951e-07,4.701210519579216e-06,0.008046414676757957,0.0,0.0,0.0,0.0,0.0,0.0,24%
CUST0173081,DECLINED,INSAGFFICIENT_NET_DISPOSABLE_INCOME,3.8267462858951e-07,4.701210519579216e-06,0.008046414676757957,0.0,0.0,0.0,0.0,0.0,0.0,24%
CUST0173161,DECLINED,INSAGFFICIENT_NET_DISPOSABLE_INCOME,3.8267462858951e-07,4.701210519579216e-06,0.008046414676757957,0.0,0.0,0.0,0.0,0.0,0.0,24%
CUST0173219,DECLINED,INSAGFFICIENT_NET_DISPOSABLE_INCOME,6368.133337561319,6864.389703756093,13878.022107466726,0.0,0.0,0.0,0.0,0.0,0.0,24%
CUST0173220,DECLINED,INSAGFFICIENT_NET_DISPOSABLE_INCOME,3.8267462858951e-07,4.701210519579216e-06,0.008046414676757957,0.0,0.0,0.0,0.0,0.0,0.0,24%
CUST0173321,DECLINED,INSAGFFICIENT_NET_DISPOSABLE_INCOME,3.8267462858951e-07,4.701210519579216e-06,0.008046414676757957,0.0,0.0,0.0,0.0,0.0,0.0,24%
CUST0173331,DECLINED,INSAGFFICIENT_NET_DISPOSABLE_INCOME,3.8267462858951e-07,4.701210519579216e-06,0.008046414676757957,0.0,0.0,0.0,0.0,0.0,0.0,24%
CUST0173371,DECLINED,INSAGFFICIENT_NET_DISPOSABLE_INCOME,3.8267462858951e-07,4.701210519579216e-06,0.008046414676757957,0.0,0.0,0.0,0.0,0.0,0.0,24%
CUST0173401,DECLINED,INSAGFFICIENT_NET_DISPOSABLE_INCOME,3.8267462858951e-07,4.701210519579216e-06,0.008046414676757957,0.0,0.0,0.0,0.0,0.0,0.0,24%
CUST0173447,DECLINED,INSAGFFICIENT_NET_DISPOSABLE_INCOME,3.8267462858951e-07,4.701210519579216e-06,0.008046414676757957,0.0,0.0,0.0,0.0,0.0,0.0,24%
CUST0173476,DECLINED,INSAGFFICIENT_NET_DISPOSABLE_INCOME,3.8267462858951e-07,4.701210519579216e-06,0.008046414676757957,0.0,0.0,0.0,0.0,0.0,0.0,24%
CUST0173514,DECLINED,INSAGFFICIENT_NET_DISPOSABLE_INCOME,3.8267462858951e-07,4.701210519579216e-06,0.008046414676757957,0.0,0.0,0.0,0.0,0.0,0.0,24%
CUST0173641,DECLINED,INSAGFFICIENT_NET_DISPOSABLE_INCOME,3.8267462858951e-07,4.701210519579216e-06,0.008046414676757957,0.0,0.0,0.0,0.0,0.0,0.0,24%
CUST0173663,DECLINED,INSAGFFICIENT_NET_DISPOSABLE_INCOME,3.8267462858951e-07,4.701210519579216e-06,0.008046414676757957,0.0,0.0,0.0,0.0,0.0,0.0,24%
CUST0173687,DECLINED,INSAGFFICIENT_NET_DISPOSABLE_INCOME,3.8267462858951e-07,4.701210519579216e-06,0.008046414676757957,0.0,0.0,0.0,0.0,0.0,0.0,24%
CUST0173780,DECLINED,INSAGFFICIENT_NET_DISPOSABLE_INCOME,3.8267462858951e-07,4.701210519579216e-06,0.008046414676757957,0.0,0.0,0.0,0.0,0.0,0.0,24%
CUST0173830,DECLINED,INSAGFFICIENT_NET_DISPOSABLE_INCOME,3.8267462858951e-07,4.701210519579216e-06,0.008046414676757957,0.0,0.0,0.0,0.0,0.0,0.0,24%
CUST0173854,DECLINED,INSAGFFICIENT_NET_DISPOSABLE_INCOME,3902.8171110397566,20106.97126991227,36163.55800138149,0.0,0.0,0.0,0.0,0.0,0.0,24%
CUST0173925,DECLINED,INSAGFFICIENT_NET_DISPOSABLE_INCOME,3.8267462858951e-07,4.701210519579216e-06,0.008046414676757957,0.0,0.0,0.0,0.0,0.0,0.0,24%
CUST0173949,DECLINED,INSAGFFICIENT_NET_DISPOSABLE_INCOME,3.8267462858951e-07,4.701210519579216e-06,0.008046414676757957,0.0,0.0,0.0,0.0,0.0,0.0,24%
CUST0173979,DECLINED,INSAGFFICIENT_NET_DISPOSABLE_INCOME,3.8267462858951e-07,4.701210519579216e-06,0.008046414676757957,0.0,0.0,0.0,0.0,0.0,0.0,24%
CUST0174006,DECLINED,INSAGFFICIENT_NET_DISPOSABLE_INCOME,3.8267462858951e-07,4.701210519579216e-06,0.008046414676757957,0.0,0.0,0.0,0.0,0.0,0.0,24%
CUST0174029,DECLINED,INSAGFFICIENT_NET_DISPOSABLE_INCOME,3.8267462858951e-07,4.701210519579216e-06,0.008046414676757957,0.0,0.0,0.0,0.0,0.0,0.0,24%
CUST0174036,DECLINED,INSAGFFICIENT_NET_DISPOSABLE_INCOME,3.8267462858951e-07,4.701210519579216e-06,0.008046414676757957,0.0,0.0,0.0,0.0,0.0,0.0,24%
CUST0174048,DECLINED,INSAGFFICIENT_NET_DISPOSABLE_INCOME,3.8267462858951e-07,4.701210519579216e-06,0.008046414676757957,0.0,0.0,0.0,0.0,0.0,0.0,24%
CUST0174107,DECLINED,INSAGFFICIENT_NET_DISPOSABLE_INCOME,3.8267462858951e-07,4.701210519579216e-06,0.008046414676757957,0.0,0.0,0.0,0.0,0.0,0.0,24%
CUST0174162,DECLINED,INSAGFFICIENT_NET_DISPOSABLE_INCOME,3.8267462858951e-07,4.701210519579216e-06,0.008046414676757957,0.0,0.0,0.0,0.0,0.0,0.0,24%
CUST0174264,DECLINED,INSAGFFICIENT_NET_DISPOSABLE_INCOME,3.8267462858951e-07,4.701210519579216e-06,0.008046414676757957,0.0,0.0,0.0,0.0,0.0,0.0,24%
CUST0174270,DECLINED,INSAGFFICIENT_NET_DISPOSABLE_INCOME,3.8267462858951e-07,4.701210519579216e-06,0.008046414676757957,0.0,0.0,0.0,0.0,0.0,0.0,24%
CUST0174282,DECLINED,INSAGFFICIENT_NET_DISPOSABLE_INCOME,3.8267462858951e-07,4.701210519579216e-06,0.008046414676757957,0.0,0.0,0.0,0.0,0.0,0.0,24%
CUST0174326,DECLINED,INSAGFFICIENT_NET_DISPOSABLE_INCOME,3.8267462858951e-07,4.701210519579216e-06,0.008046414676757957,0.0,0.0,0.0,0.0,0.0,0.0,24%
CUST0174372,DECLINED,INSAGFFICIENT_NET_DISPOSABLE_INCOME,3.8267462858951e-07,4.701210519579216e-06,0.008046414676757957,0.0,0.0,0.0,0.0,0.0,0.0,24%
CUST0174397,DECLINED,INSAGFFICIENT_NET_DISPOSABLE_INCOME,3.8267462858951e-07,4.701210519579216e-06,0.008046414676757957,0.0,0.0,0.0,0.0,0.0,0.0,24%
CUST0174473,DECLINED,INSAGFFICIENT_NET_DISPOSABLE_INCOME,3.8267462858951e-07,4.701210519579216e-06,0.008046414676757957,0.0,0.0,0.0,0.0,0.0,0.0,24%
CUST0174547,DECLINED,INSAGFFICIENT_NET_DISPOSABLE_INCOME,3.8267462858951e-07,4.701210519579216e-06,0.008046414676757957,0.0,0.0,0.0,0.0,0.0,0.0,24%
CUST0174572,DECLINED,INSAGFFICIENT_NET_DISPOSABLE_INCOME,3.8267462858951e-07,4.701210519579216e-06,0.008046414676757957,0.0,0.0,0.0,0.0,0.0,0.0,24%
CUST0174573,DECLINED,INSAGFFICIENT_NET_DISPOSABLE_INCOME,6368.27996061392,10406.983065434339,15755.584220753482,0.0,0.0,0.0,0.0,0.0,0.0,24%
CUST0174576,DECLINED,INSAGFFICIENT_NET_DISPOSABLE_INCOME,3.8267462858951e-07,4.701210519579216e-06,0.008046414676757957,0.0,0.0,0.0,0.0,0.0,0.0,24%
CUST0174619,DECLINED,INSAGFFICIENT_NET_DISPOSABLE_INCOME,3.8267462858951e-07,4.701210519579216e-06,0.008046414676757957,0.0,0.0,0.0,0.0,0.0,0.0,24%
CUST0174633,DECLINED,INSAGFFICIENT_NET_DISPOSABLE_INCOME,3.8267462858951e-07,4.701210519579216e-06,0.008046414676757957,0.0,0.0,0.0,0.0,0.0,0.0,24%
CUST0174644,DECLINED,INSAGFFICIENT_NET_DISPOSABLE_INCOME,3.8267462858951e-07,4.701210519579216e-06,0.008046414676757957,0.0,0.0,0.0,0.0,0.0,0.0,24%
CUST0174719,DECLINED,INSAGFFICIENT_NET_DISPOSABLE_INCOME,3.8267462858951e-07,4.701210519579216e-06,0.008046414676757957,0.0,0.0,0.0,0.0,0.0,0.0,24%
CUST0174831,DECLINED,INSAGFFICIENT_NET_DISPOSABLE_INCOME,3902.8171110397566,20106.97126991227,36163.55800138149,0.0,0.0,0.0,0.0,0.0,0.0,24%
CUST0174869,DECLINED,INSAGFFICIENT_NET_DISPOSABLE_INCOME,3.8267462858951e-07,4.701210519579216e-06,0.008046414676757957,0.0,0.0,0.0,0.0,0.0,0.0,24%
CUST0174871,DECLINED,INSAGFFICIENT_NET_DISPOSABLE_INCOME,3.8267462858951e-07,4.701210519579216e-06,0.008046414676757957,0.0,0.0,0.0,0.0,0.0,0.0,24%
CUST0174933,DECLINED,INSAGFFICIENT_NET_DISPOSABLE_INCOME,3.8267462858951e-07,4.701210519579216e-06,0.008046414676757957,0.0,0.0,0.0,0.0,0.0,0.0,24%
CUST0174978,DECLINED,INSAGFFICIENT_NET_DISPOSABLE_INCOME,3.8267462858951e-07,4.701210519579216e-06,0.008046414676757957,0.0,0.0,0.0,0.0,0.0,0.0,24%
CUST0175138,DECLINED,INSAGFFICIENT_NET_DISPOSABLE_INCOME,3.8267462858951e-07,4.701210519579216e-06,0.008046414676757957,0.0,0.0,0.0,0.0,0.0,0.0,24%
CUST0175241,DECLINED,INSAGFFICIENT_NET_DISPOSABLE_INCOME,3.8267462858951e-07,4.701210519579216e-06,0.008046414676757957,0.0,0.0,0.0,0.0,0.0,0.0,24%
CUST0175269,DECLINED,INSAGFFICIENT_NET_DISPOSABLE_INCOME,3.8267462858951e-07,4.701210519579216e-06,0.008046414676757957,0.0,0.0,0.0,0.0,0.0,0.0,24%
CUST0175572,DECLINED,INSAGFFICIENT_NET_DISPOSABLE_INCOME,3.8267462858951e-07,4.701210519579216e-06,0.008046414676757957,0.0,0.0,0.0,0.0,0.0,0.0,24%
CUST0175593,DECLINED,INSAGFFICIENT_NET_DISPOSABLE_INCOME,6218.627575867995,6285.226073241913,13331.196782682884,0.0,0.0,0.0,0.0,0.0,0.0,24%
CUST0175657,DECLINED,INSAGFFICIENT_NET_DISPOSABLE_INCOME,3.8267462858951e-07,4.701210519579216e-06,0.008046414676757957,0.0,0.0,0.0,0.0,0.0,0.0,24%
CUST0175676,DECLINED,INSAGFFICIENT_NET_DISPOSABLE_INCOME,3.8267462858951e-07,4.701210519579216e-06,0.008046414676757957,0.0,0.0,0.0,0.0,0.0,0.0,24%
CUST0175693,DECLINED,INSAGFFICIENT_NET_DISPOSABLE_INCOME,3.8267462858951e-07,4.701210519579216e-06,0.008046414676757957,0.0,0.0,0.0,0.0,0.0,0.0,24%
CUST0175765,DECLINED,INSAGFFICIENT_NET_DISPOSABLE_INCOME,3.8267462858951e-07,4.701210519579216e-06,0.008046414676757957,0.0,0.0,0.0,0.0,0.0,0.0,24%
CUST0175766,DECLINED,INSAGFFICIENT_NET_DISPOSABLE_INCOME,4258.5574400202695,4769.431351439905,11140.936394004259,0.0,0.0,0.0,0.0,0.0,0.0,24%
CUST0175776,DECLINED,INSAGFFICIENT_NET_DISPOSABLE_INCOME,3.8267462858951e-07,4.701210519579216e-06,0.008046414676757957,0.0,0.0,0.0,0.0,0.0,0.0,24%
CUST0175815,DECLINED,INSAGFFICIENT_NET_DISPOSABLE_INCOME,3.8267462858951e-07,4.701210519579216e-06,0.008046414676757957,0.0,0.0,0.0,0.0,0.0,0.0,24%
CUST0175897,DECLINED,INSAGFFICIENT_NET_DISPOSABLE_INCOME,3.8267462858951e-07,4.701210519579216e-06,0.008046414676757957,0.0,0.0,0.0,0.0,0.0,0.0,24%
CUST0175965,DECLINED,INSAGFFICIENT_NET_DISPOSABLE_INCOME,3.8267462858951e-07,4.701210519579216e-06,0.008046414676757957,0.0,0.0,0.0,0.0,0.0,0.0,24%
CUST0175988,DECLINED,INSAGFFICIENT_NET_DISPOSABLE_INCOME,3.8267462858951e-07,4.701210519579216e-06,0.008046414676757957,0.0,0.0,0.0,0.0,0.0,0.0,24%
CUST0176018,DECLINED,INSAGFFICIENT_NET_DISPOSABLE_INCOME,3.8267462858951e-07,4.701210519579216e-06,0.008046414676757957,0.0,0.0,0.0,0.0,0.0,0.0,24%
CUST0176064,DECLINED,INSAGFFICIENT_NET_DISPOSABLE_INCOME,3.8267462858951e-07,4.701210519579216e-06,0.008046414676757957,0.0,0.0,0.0,0.0,0.0,0.0,24%
CUST0176080,DECLINED,INSAGFFICIENT_NET_DISPOSABLE_INCOME,6009.177867330041,6416.083455993116,18961.80825320752,0.0,0.0,0.0,0.0,0.0,0.0,24%
CUST0176236,DECLINED,INSAGFFICIENT_NET_DISPOSABLE_INCOME,3.8267462858951e-07,4.701210519579216e-06,0.008046414676757957,0.0,0.0,0.0,0.0,0.0,0.0,24%
CUST0176392,DECLINED,INSAGFFICIENT_NET_DISPOSABLE_INCOME,3.8267462858951e-07,4.701210519579216e-06,0.008046414676757957,0.0,0.0,0.0,0.0,0.0,0.0,24%
CUST0176405,DECLINED,INSAGFFICIENT_NET_DISPOSABLE_INCOME,3.8267462858951e-07,4.701210519579216e-06,0.008046414676757957,0.0,0.0,0.0,0.0,0.0,0.0,24%
CUST0176492,DECLINED,INSAGFFICIENT_NET_DISPOSABLE_INCOME,3.8267462858951e-07,4.701210519579216e-06,0.008046414676757957,0.0,0.0,0.0,0.0,0.0,0.0,24%
CUST0176836,DECLINED,INSAGFFICIENT_NET_DISPOSABLE_INCOME,3.8267462858951e-07,4.701210519579216e-06,0.008046414676757957,0.0,0.0,0.0,0.0,0.0,0.0,24%
CUST0176888,DECLINED,INSAGFFICIENT_NET_DISPOSABLE_INCOME,3.8267462858951e-07,4.701210519579216e-06,0.008046414676757957,0.0,0.0,0.0,0.0,0.0,0.0,24%
CUST0176930,DECLINED,INSAGFFICIENT_NET_DISPOSABLE_INCOME,3.8267462858951e-07,4.701210519579216e-06,0.008046414676757957,0.0,0.0,0.0,0.0,0.0,0.0,24%
CUST0176935,DECLINED,INSAGFFICIENT_NET_DISPOSABLE_INCOME,3.8267462858951e-07,4.701210519579216e-06,0.008046414676757957,0.0,0.0,0.0,0.0,0.0,0.0,24%
CUST0176952,DECLINED,INSAGFFICIENT_NET_DISPOSABLE_INCOME,3.8267462858951e-07,4.701210519579216e-06,0.008046414676757957,0.0,0.0,0.0,0.0,0.0,0.0,24%
CUST0176967,DECLINED,INSAGFFICIENT_NET_DISPOSABLE_INCOME,3.8267462858951e-07,4.701210519579216e-06,0.008046414676757957,0.0,0.0,0.0,0.0,0.0,0.0,24%
CUST0177048,DECLINED,INSAGFFICIENT_NET_DISPOSABLE_INCOME,3.8267462858951e-07,4.701210519579216e-06,0.008046414676757957,0.0,0.0,0.0,0.0,0.0,0.0,24%
CUST0177350,DECLINED,INSAGFFICIENT_NET_DISPOSABLE_INCOME,5769.19046127378,6315.760350926815,16640.198947842713,0.0,0.0,0.0,0.0,0.0,0.0,24%
CUST0177404,DECLINED,INSAGFFICIENT_NET_DISPOSABLE_INCOME,3.8267462858951e-07,4.701210519579216e-06,0.008046414676757957,0.0,0.0,0.0,0.0,0.0,0.0,24%
CUST0177439,DECLINED,INSAGFFICIENT_NET_DISPOSABLE_INCOME,3902.8171110397566,20106.97126991227,36163.55800138149,0.0,0.0,0.0,0.0,0.0,0.0,24%
CUST0177449,DECLINED,INSAGFFICIENT_NET_DISPOSABLE_INCOME,3.8267462858951e-07,4.701210519579216e-06,0.008046414676757957,0.0,0.0,0.0,0.0,0.0,0.0,24%
CUST0177627,DECLINED,INSAGFFICIENT_NET_DISPOSABLE_INCOME,3.8267462858951e-07,4.701210519579216e-06,0.008046414676757957,0.0,0.0,0.0,0.0,0.0,0.0,24%
CUST0177696,DECLINED,INSAGFFICIENT_NET_DISPOSABLE_INCOME,3.8267462858951e-07,4.701210519579216e-06,0.008046414676757957,0.0,0.0,0.0,0.0,0.0,0.0,24%
CUST0177750,DECLINED,INSAGFFICIENT_NET_DISPOSABLE_INCOME,5182.410842335571,5507.501913312074,18370.818652425558,0.0,0.0,0.0,0.0,0.0,0.0,24%
CUST0177898,DECLINED,INSAGFFICIENT_NET_DISPOSABLE_INCOME,3.8267462858951e-07,4.701210519579216e-06,0.008046414676757957,0.0,0.0,0.0,0.0,0.0,0.0,24%
CUST0178084,DECLINED,INSAGFFICIENT_NET_DISPOSABLE_INCOME,3.8267462858951e-07,4.701210519579216e-06,0.008046414676757957,0.0,0.0,0.0,0.0,0.0,0.0,24%
CUST0178121,DECLINED,INSAGFFICIENT_NET_DISPOSABLE_INCOME,3.8267462858951e-07,4.701210519579216e-06,0.008046414676757957,0.0,0.0,0.0,0.0,0.0,0.0,24%
CUST0178229,DECLINED,INSAGFFICIENT_NET_DISPOSABLE_INCOME,3.8267462858951e-07,4.701210519579216e-06,0.008046414676757957,0.0,0.0,0.0,0.0,0.0,0.0,24%
CUST0178240,DECLINED,INSAGFFICIENT_NET_DISPOSABLE_INCOME,3.8267462858951e-07,4.701210519579216e-06,0.008046414676757957,0.0,0.0,0.0,0.0,0.0,0.0,24%
CUST0178268,DECLINED,INSAGFFICIENT_NET_DISPOSABLE_INCOME,3.8267462858951e-07,4.701210519579216e-06,0.008046414676757957,0.0,0.0,0.0,0.0,0.0,0.0,24%
CUST0178313,DECLINED,INSAGFFICIENT_NET_DISPOSABLE_INCOME,3.8267462858951e-07,4.701210519579216e-06,0.008046414676757957,0.0,0.0,0.0,0.0,0.0,0.0,24%
CUST0178459,DECLINED,INSAGFFICIENT_NET_DISPOSABLE_INCOME,3.8267462858951e-07,4.701210519579216e-06,0.008046414676757957,0.0,0.0,0.0,0.0,0.0,0.0,24%
CUST0178569,DECLINED,INSAGFFICIENT_NET_DISPOSABLE_INCOME,3.8267462858951e-07,4.701210519579216e-06,0.008046414676757957,0.0,0.0,0.0,0.0,0.0,0.0,24%
CUST0178616,DECLINED,INSAGFFICIENT_NET_DISPOSABLE_INCOME,3.8267462858951e-07,4.701210519579216e-06,0.008046414676757957,0.0,0.0,0.0,0.0,0.0,0.0,24%
CUST0178665,DECLINED,INSAGFFICIENT_NET_DISPOSABLE_INCOME,3.8267462858951e-07,4.701210519579216e-06,0.008046414676757957,0.0,0.0,0.0,0.0,0.0,0.0,24%
CUST0178721,DECLINED,INSAGFFICIENT_NET_DISPOSABLE_INCOME,3.8267462858951e-07,4.701210519579216e-06,0.008046414676757957,0.0,0.0,0.0,0.0,0.0,0.0,24%
CUST0178822,DECLINED,INSAGFFICIENT_NET_DISPOSABLE_INCOME,3.8267462858951e-07,4.701210519579216e-06,0.008046414676757957,0.0,0.0,0.0,0.0,0.0,0.0,24%
CUST0178878,DECLINED,INSAGFFICIENT_NET_DISPOSABLE_INCOME,3.8267462858951e-07,4.701210519579216e-06,0.008046414676757957,0.0,0.0,0.0,0.0,0.0,0.0,24%
CUST0178892,DECLINED,INSAGFFICIENT_NET_DISPOSABLE_INCOME,3.8267462858951e-07,4.701210519579216e-06,0.008046414676757957,0.0,0.0,0.0,0.0,0.0,0.0,24%
CUST0178921,DECLINED,INSAGFFICIENT_NET_DISPOSABLE_INCOME,3.8267462858951e-07,4.701210519579216e-06,0.008046414676757957,0.0,0.0,0.0,0.0,0.0,0.0,24%
CUST0178934,DECLINED,INSAGFFICIENT_NET_DISPOSABLE_INCOME,3.8267462858951e-07,4.701210519579216e-06,0.008046414676757957,0.0,0.0,0.0,0.0,0.0,0.0,24%
CUST0178962,DECLINED,INSAGFFICIENT_NET_DISPOSABLE_INCOME,3902.8171110397566,20106.97126991227,36163.55800138149,0.0,0.0,0.0,0.0,0.0,0.0,24%
CUST0178979,DECLINED,INSAGFFICIENT_NET_DISPOSABLE_INCOME,3.8267462858951e-07,4.701210519579216e-06,0.008046414676757957,0.0,0.0,0.0,0.0,0.0,0.0,24%
CUST0179077,DECLINED,INSAGFFICIENT_NET_DISPOSABLE_INCOME,6490.8846761385685,9793.456063739382,15818.25291075471,0.0,0.0,0.0,0.0,0.0,0.0,24%
CUST0179143,DECLINED,INSAGFFICIENT_NET_DISPOSABLE_INCOME,3.8267462858951e-07,4.701210519579216e-06,0.008046414676757957,0.0,0.0,0.0,0.0,0.0,0.0,24%
CUST0179160,DECLINED,INSAGFFICIENT_NET_DISPOSABLE_INCOME,6349.161045845124,9362.116913344533,15755.584220753482,0.0,0.0,0.0,0.0,0.0,0.0,24%
CUST0179211,DECLINED,INSAGFFICIENT_NET_DISPOSABLE_INCOME,3.8267462858951e-07,4.701210519579216e-06,0.008046414676757957,0.0,0.0,0.0,0.0,0.0,0.0,24%
CUST0179271,DECLINED,INSAGFFICIENT_NET_DISPOSABLE_INCOME,3.8267462858951e-07,4.701210519579216e-06,0.008046414676757957,0.0,0.0,0.0,0.0,0.0,0.0,24%
CUST0179281,DECLINED,INSAGFFICIENT_NET_DISPOSABLE_INCOME,3.8267462858951e-07,4.701210519579216e-06,0.008046414676757957,0.0,0.0,0.0,0.0,0.0,0.0,24%
CUST0179300,DECLINED,INSAGFFICIENT_NET_DISPOSABLE_INCOME,3.8267462858951e-07,4.701210519579216e-06,0.008046414676757957,0.0,0.0,0.0,0.0,0.0,0.0,24%
CUST0179423,DECLINED,INSAGFFICIENT_NET_DISPOSABLE_INCOME,3.8267462858951e-07,4.701210519579216e-06,0.008046414676757957,0.0,0.0,0.0,0.0,0.0,0.0,24%
CUST0179500,DECLINED,INSAGFFICIENT_NET_DISPOSABLE_INCOME,3.8267462858951e-07,4.701210519579216e-06,0.008046414676757957,0.0,0.0,0.0,0.0,0.0,0.0,24%
CUST0179546,DECLINED,INSAGFFICIENT_NET_DISPOSABLE_INCOME,3.8267462858951e-07,4.701210519579216e-06,0.008046414676757957,0.0,0.0,0.0,0.0,0.0,0.0,24%
CUST0179587,DECLINED,INSAGFFICIENT_NET_DISPOSABLE_INCOME,3.8267462858951e-07,4.701210519579216e-06,0.008046414676757957,0.0,0.0,0.0,0.0,0.0,0.0,24%
CUST0179829,DECLINED,INSAGFFICIENT_NET_DISPOSABLE_INCOME,3.8267462858951e-07,4.701210519579216e-06,0.008046414676757957,0.0,0.0,0.0,0.0,0.0,0.0,24%
CUST0179875,DECLINED,INSAGFFICIENT_NET_DISPOSABLE_INCOME,5690.23139348972,6262.999494043465,18518.090121727204,0.0,0.0,0.0,0.0,0.0,0.0,24%
CUST0179904,DECLINED,INSAGFFICIENT_NET_DISPOSABLE_INCOME,3.8267462858951e-07,4.701210519579216e-06,0.008046414676757957,0.0,0.0,0.0,0.0,0.0,0.0,24%
CUST0180001,DECLINED,INSAGFFICIENT_NET_DISPOSABLE_INCOME,3.8267462858951e-07,4.701210519579216e-06,0.008046414676757957,0.0,0.0,0.0,0.0,0.0,0.0,24%
CUST0180022,DECLINED,INSAGFFICIENT_NET_DISPOSABLE_INCOME,3.8267462858951e-07,4.701210519579216e-06,0.008046414676757957,0.0,0.0,0.0,0.0,0.0,0.0,24%
CUST0180081,DECLINED,INSAGFFICIENT_NET_DISPOSABLE_INCOME,6458.355510882944,7396.734898436565,14140.896012984731,0.0,0.0,0.0,0.0,0.0,0.0,24%
CUST0180089,DECLINED,INSAGFFICIENT_NET_DISPOSABLE_INCOME,3.8267462858951e-07,4.701210519579216e-06,0.008046414676757957,0.0,0.0,0.0,0.0,0.0,0.0,24%
CUST0180196,DECLINED,INSAGFFICIENT_NET_DISPOSABLE_INCOME,4692.438485153793,4954.619446251118,18322.558072072745,0.0,0.0,0.0,0.0,0.0,0.0,24%
CUST0180242,DECLINED,INSAGFFICIENT_NET_DISPOSABLE_INCOME,3.8267462858951e-07,4.701210519579216e-06,0.008046414676757957,0.0,0.0,0.0,0.0,0.0,0.0,24%
CUST0180257,DECLINED,INSAGFFICIENT_NET_DISPOSABLE_INCOME,3.8267462858951e-07,4.701210519579216e-06,0.008046414676757957,0.0,0.0,0.0,0.0,0.0,0.0,24%
CUST0180266,DECLINED,INSAGFFICIENT_NET_DISPOSABLE_INCOME,3.8267462858951e-07,4.701210519579216e-06,0.008046414676757957,0.0,0.0,0.0,0.0,0.0,0.0,24%
CUST0180383,DECLINED,INSAGFFICIENT_NET_DISPOSABLE_INCOME,3.8267462858951e-07,4.701210519579216e-06,0.008046414676757957,0.0,0.0,0.0,0.0,0.0,0.0,24%
CUST0180413,DECLINED,INSAGFFICIENT_NET_DISPOSABLE_INCOME,3902.8171110397566,20106.97126991227,36163.55800138149,0.0,0.0,0.0,0.0,0.0,0.0,24%
CUST0180427,DECLINED,INSAGFFICIENT_NET_DISPOSABLE_INCOME,3.8267462858951e-07,4.701210519579216e-06,0.008046414676757957,0.0,0.0,0.0,0.0,0.0,0.0,24%
CUST0180430,DECLINED,INSAGFFICIENT_NET_DISPOSABLE_INCOME,3.8267462858951e-07,4.701210519579216e-06,0.008046414676757957,0.0,0.0,0.0,0.0,0.0,0.0,24%
CUST0180492,DECLINED,INSAGFFICIENT_NET_DISPOSABLE_INCOME,3.8267462858951e-07,4.701210519579216e-06,0.008046414676757957,0.0,0.0,0.0,0.0,0.0,0.0,24%
CUST0180495,DECLINED,INSAGFFICIENT_NET_DISPOSABLE_INCOME,3.8267462858951e-07,4.701210519579216e-06,0.008046414676757957,0.0,0.0,0.0,0.0,0.0,0.0,24%
CUST0180544,DECLINED,INSAGFFICIENT_NET_DISPOSABLE_INCOME,3.8267462858951e-07,4.701210519579216e-06,0.008046414676757957,0.0,0.0,0.0,0.0,0.0,0.0,24%
CUST0180558,DECLINED,INSAGFFICIENT_NET_DISPOSABLE_INCOME,3.8267462858951e-07,4.701210519579216e-06,0.008046414676757957,0.0,0.0,0.0,0.0,0.0,0.0,24%
CUST0180579,DECLINED,INSAGFFICIENT_NET_DISPOSABLE_INCOME,5555.152157069608,6046.732638676059,19085.32907063656,0.0,0.0,0.0,0.0,0.0,0.0,24%
CUST0180605,DECLINED,INSAGFFICIENT_NET_DISPOSABLE_INCOME,3.8267462858951e-07,4.701210519579216e-06,0.008046414676757957,0.0,0.0,0.0,0.0,0.0,0.0,24%
CUST0180655,DECLINED,INSAGFFICIENT_NET_DISPOSABLE_INCOME,3.8267462858951e-07,4.701210519579216e-06,0.008046414676757957,0.0,0.0,0.0,0.0,0.0,0.0,24%
CUST0180692,DECLINED,INSAGFFICIENT_NET_DISPOSABLE_INCOME,3.8267462858951e-07,4.701210519579216e-06,0.008046414676757957,0.0,0.0,0.0,0.0,0.0,0.0,24%
CUST0180701,DECLINED,INSAGFFICIENT_NET_DISPOSABLE_INCOME,3.8267462858951e-07,4.701210519579216e-06,0.008046414676757957,0.0,0.0,0.0,0.0,0.0,0.0,24%
CUST0180793,DECLINED,INSAGFFICIENT_NET_DISPOSABLE_INCOME,3.8267462858951e-07,4.701210519579216e-06,0.008046414676757957,0.0,0.0,0.0,0.0,0.0,0.0,24%
CUST0180898,DECLINED,INSAGFFICIENT_NET_DISPOSABLE_INCOME,3.8267462858951e-07,4.701210519579216e-06,0.008046414676757957,0.0,0.0,0.0,0.0,0.0,0.0,24%
CUST0180927,DECLINED,INSAGFFICIENT_NET_DISPOSABLE_INCOME,3.8267462858951e-07,4.701210519579216e-06,0.008046414676757957,0.0,0.0,0.0,0.0,0.0,0.0,24%
CUST0180936,DECLINED,INSAGFFICIENT_NET_DISPOSABLE_INCOME,3.8267462858951e-07,4.701210519579216e-06,0.008046414676757957,0.0,0.0,0.0,0.0,0.0,0.0,24%
CUST0180942,DECLINED,INSAGFFICIENT_NET_DISPOSABLE_INCOME,3.8267462858951e-07,4.701210519579216e-06,0.008046414676757957,0.0,0.0,0.0,0.0,0.0,0.0,24%
CUST0180952,DECLINED,INSAGFFICIENT_NET_DISPOSABLE_INCOME,3.8267462858951e-07,4.701210519579216e-06,0.008046414676757957,0.0,0.0,0.0,0.0,0.0,0.0,24%
CUST0181070,DECLINED,INSAGFFICIENT_NET_DISPOSABLE_INCOME,3.8267462858951e-07,4.701210519579216e-06,0.008046414676757957,0.0,0.0,0.0,0.0,0.0,0.0,24%
CUST0181103,DECLINED,INSAGFFICIENT_NET_DISPOSABLE_INCOME,3.8267462858951e-07,4.701210519579216e-06,0.008046414676757957,0.0,0.0,0.0,0.0,0.0,0.0,24%
CUST0181111,DECLINED,INSAGFFICIENT_NET_DISPOSABLE_INCOME,3.8267462858951e-07,4.701210519579216e-06,0.008046414676757957,0.0,0.0,0.0,0.0,0.0,0.0,24%
CUST0181230,DECLINED,INSAGFFICIENT_NET_DISPOSABLE_INCOME,3.8267462858951e-07,4.701210519579216e-06,0.008046414676757957,0.0,0.0,0.0,0.0,0.0,0.0,24%
CUST0181239,DECLINED,INSAGFFICIENT_NET_DISPOSABLE_INCOME,3.8267462858951e-07,4.701210519579216e-06,0.008046414676757957,0.0,0.0,0.0,0.0,0.0,0.0,24%
CUST0181245,DECLINED,INSAGFFICIENT_NET_DISPOSABLE_INCOME,3.8267462858951e-07,4.701210519579216e-06,0.008046414676757957,0.0,0.0,0.0,0.0,0.0,0.0,24%
CUST0181246,DECLINED,INSAGFFICIENT_NET_DISPOSABLE_INCOME,3.8267462858951e-07,4.701210519579216e-06,0.008046414676757957,0.0,0.0,0.0,0.0,0.0,0.0,24%
CUST0181318,DECLINED,INSAGFFICIENT_NET_DISPOSABLE_INCOME,3.8267462858951e-07,4.701210519579216e-06,0.008046414676757957,0.0,0.0,0.0,0.0,0.0,0.0,24%
CUST0181351,DECLINED,INSAGFFICIENT_NET_DISPOSABLE_INCOME,3.8267462858951e-07,4.701210519579216e-06,0.008046414676757957,0.0,0.0,0.0,0.0,0.0,0.0,24%
CUST0181368,DECLINED,INSAGFFICIENT_NET_DISPOSABLE_INCOME,3.8267462858951e-07,4.701210519579216e-06,0.008046414676757957,0.0,0.0,0.0,0.0,0.0,0.0,24%
CUST0181392,DECLINED,INSAGFFICIENT_NET_DISPOSABLE_INCOME,3.8267462858951e-07,4.701210519579216e-06,0.008046414676757957,0.0,0.0,0.0,0.0,0.0,0.0,24%
CUST0181464,DECLINED,INSAGFFICIENT_NET_DISPOSABLE_INCOME,3.8267462858951e-07,4.701210519579216e-06,0.008046414676757957,0.0,0.0,0.0,0.0,0.0,0.0,24%
CUST0181559,DECLINED,INSAGFFICIENT_NET_DISPOSABLE_INCOME,3.8267462858951e-07,4.701210519579216e-06,0.008046414676757957,0.0,0.0,0.0,0.0,0.0,0.0,24%
CUST0181634,DECLINED,INSAGFFICIENT_NET_DISPOSABLE_INCOME,3.8267462858951e-07,4.701210519579216e-06,0.008046414676757957,0.0,0.0,0.0,0.0,0.0,0.0,24%
CUST0181652,DECLINED,INSAGFFICIENT_NET_DISPOSABLE_INCOME,3.8267462858951e-07,4.701210519579216e-06,0.008046414676757957,0.0,0.0,0.0,0.0,0.0,0.0,24%
CUST0181716,DECLINED,INSAGFFICIENT_NET_DISPOSABLE_INCOME,3.8267462858951e-07,4.701210519579216e-06,0.008046414676757957,0.0,0.0,0.0,0.0,0.0,0.0,24%
CUST0181798,DECLINED,INSAGFFICIENT_NET_DISPOSABLE_INCOME,3.8267462858951e-07,4.701210519579216e-06,0.008046414676757957,0.0,0.0,0.0,0.0,0.0,0.0,24%
CUST0181815,DECLINED,INSAGFFICIENT_NET_DISPOSABLE_INCOME,3.8267462858951e-07,4.701210519579216e-06,0.008046414676757957,0.0,0.0,0.0,0.0,0.0,0.0,24%
CUST0181906,DECLINED,INSAGFFICIENT_NET_DISPOSABLE_INCOME,3.8267462858951e-07,4.701210519579216e-06,0.008046414676757957,0.0,0.0,0.0,0.0,0.0,0.0,24%
CUST0181990,DECLINED,INSAGFFICIENT_NET_DISPOSABLE_INCOME,3.8267462858951e-07,4.701210519579216e-06,0.008046414676757957,0.0,0.0,0.0,0.0,0.0,0.0,24%
CUST0182105,DECLINED,INSAGFFICIENT_NET_DISPOSABLE_INCOME,3.8267462858951e-07,4.701210519579216e-06,0.008046414676757957,0.0,0.0,0.0,0.0,0.0,0.0,24%
CUST0182126,DECLINED,INSAGFFICIENT_NET_DISPOSABLE_INCOME,3.8267462858951e-07,4.701210519579216e-06,0.008046414676757957,0.0,0.0,0.0,0.0,0.0,0.0,24%
CUST0182193,DECLINED,INSAGFFICIENT_NET_DISPOSABLE_INCOME,6537.55879597933,7149.141746529861,18873.97573897313,0.0,0.0,0.0,0.0,0.0,0.0,24%
CUST0182202,DECLINED,INSAGFFICIENT_NET_DISPOSABLE_INCOME,3.8267462858951e-07,4.701210519579216e-06,0.008046414676757957,0.0,0.0,0.0,0.0,0.0,0.0,24%
CUST0182237,DECLINED,INSAGFFICIENT_NET_DISPOSABLE_INCOME,3.8267462858951e-07,4.701210519579216e-06,0.008046414676757957,0.0,0.0,0.0,0.0,0.0,0.0,24%
CUST0182248,DECLINED,INSAGFFICIENT_NET_DISPOSABLE_INCOME,3.8267462858951e-07,4.701210519579216e-06,0.008046414676757957,0.0,0.0,0.0,0.0,0.0,0.0,24%
CUST0182310,DECLINED,INSAGFFICIENT_NET_DISPOSABLE_INCOME,6368.524641612431,6592.985952549655,19202.158155532532,0.0,0.0,0.0,0.0,0.0,0.0,24%
CUST0182343,DECLINED,INSAGFFICIENT_NET_DISPOSABLE_INCOME,3902.8171110397566,20106.97126991227,36163.55800138149,0.0,0.0,0.0,0.0,0.0,0.0,24%
CUST0182414,DECLINED,INSAGFFICIENT_NET_DISPOSABLE_INCOME,3.8267462858951e-07,4.701210519579216e-06,0.008046414676757957,0.0,0.0,0.0,0.0,0.0,0.0,24%
CUST0182492,DECLINED,INSAGFFICIENT_NET_DISPOSABLE_INCOME,3.8267462858951e-07,4.701210519579216e-06,0.008046414676757957,0.0,0.0,0.0,0.0,0.0,0.0,24%
CUST0182583,DECLINED,INSAGFFICIENT_NET_DISPOSABLE_INCOME,3.8267462858951e-07,4.701210519579216e-06,0.008046414676757957,0.0,0.0,0.0,0.0,0.0,0.0,24%
CUST0182597,DECLINED,INSAGFFICIENT_NET_DISPOSABLE_INCOME,3.8267462858951e-07,4.701210519579216e-06,0.008046414676757957,0.0,0.0,0.0,0.0,0.0,0.0,24%
CUST0182657,DECLINED,INSAGFFICIENT_NET_DISPOSABLE_INCOME,6376.44132657715,7184.631351627184,16606.93523160817,0.0,0.0,0.0,0.0,0.0,0.0,24%
CUST0182773,DECLINED,INSAGFFICIENT_NET_DISPOSABLE_INCOME,3.8267462858951e-07,4.701210519579216e-06,0.008046414676757957,0.0,0.0,0.0,0.0,0.0,0.0,24%
CUST0182782,DECLINED,INSAGFFICIENT_NET_DISPOSABLE_INCOME,3.8267462858951e-07,4.701210519579216e-06,0.008046414676757957,0.0,0.0,0.0,0.0,0.0,0.0,24%
CUST0182786,DECLINED,INSAGFFICIENT_NET_DISPOSABLE_INCOME,3.8267462858951e-07,4.701210519579216e-06,0.008046414676757957,0.0,0.0,0.0,0.0,0.0,0.0,24%
CUST0182819,DECLINED,INSAGFFICIENT_NET_DISPOSABLE_INCOME,3.8267462858951e-07,4.701210519579216e-06,0.008046414676757957,0.0,0.0,0.0,0.0,0.0,0.0,24%
CUST0182888,DECLINED,INSAGFFICIENT_NET_DISPOSABLE_INCOME,3.8267462858951e-07,4.701210519579216e-06,0.008046414676757957,0.0,0.0,0.0,0.0,0.0,0.0,24%
CUST0182962,DECLINED,INSAGFFICIENT_NET_DISPOSABLE_INCOME,3.8267462858951e-07,4.701210519579216e-06,0.008046414676757957,0.0,0.0,0.0,0.0,0.0,0.0,24%
CUST0183065,DECLINED,INSAGFFICIENT_NET_DISPOSABLE_INCOME,3.8267462858951e-07,4.701210519579216e-06,0.008046414676757957,0.0,0.0,0.0,0.0,0.0,0.0,24%
CUST0183129,DECLINED,INSAGFFICIENT_NET_DISPOSABLE_INCOME,3.8267462858951e-07,4.701210519579216e-06,0.008046414676757957,0.0,0.0,0.0,0.0,0.0,0.0,24%
CUST0183136,DECLINED,INSAGFFICIENT_NET_DISPOSABLE_INCOME,3.8267462858951e-07,4.701210519579216e-06,0.008046414676757957,0.0,0.0,0.0,0.0,0.0,0.0,24%
CUST0183168,DECLINED,INSAGFFICIENT_NET_DISPOSABLE_INCOME,3.8267462858951e-07,4.701210519579216e-06,0.008046414676757957,0.0,0.0,0.0,0.0,0.0,0.0,24%
CUST0183181,DECLINED,INSAGFFICIENT_NET_DISPOSABLE_INCOME,3.8267462858951e-07,4.701210519579216e-06,0.008046414676757957,0.0,0.0,0.0,0.0,0.0,0.0,24%
CUST0183206,DECLINED,INSAGFFICIENT_NET_DISPOSABLE_INCOME,3.8267462858951e-07,4.701210519579216e-06,0.008046414676757957,0.0,0.0,0.0,0.0,0.0,0.0,24%
CUST0183379,DECLINED,INSAGFFICIENT_NET_DISPOSABLE_INCOME,3.8267462858951e-07,4.701210519579216e-06,0.008046414676757957,0.0,0.0,0.0,0.0,0.0,0.0,24%
CUST0183393,DECLINED,INSAGFFICIENT_NET_DISPOSABLE_INCOME,3.8267462858951e-07,4.701210519579216e-06,0.008046414676757957,0.0,0.0,0.0,0.0,0.0,0.0,24%
CUST0183398,DECLINED,INSAGFFICIENT_NET_DISPOSABLE_INCOME,3.8267462858951e-07,4.701210519579216e-06,0.008046414676757957,0.0,0.0,0.0,0.0,0.0,0.0,24%
CUST0183411,DECLINED,INSAGFFICIENT_NET_DISPOSABLE_INCOME,3.8267462858951e-07,4.701210519579216e-06,0.008046414676757957,0.0,0.0,0.0,0.0,0.0,0.0,24%
CUST0183472,DECLINED,INSAGFFICIENT_NET_DISPOSABLE_INCOME,3.8267462858951e-07,4.701210519579216e-06,0.008046414676757957,0.0,0.0,0.0,0.0,0.0,0.0,24%
CUST0183474,DECLINED,INSAGFFICIENT_NET_DISPOSABLE_INCOME,3.8267462858951e-07,4.701210519579216e-06,0.008046414676757957,0.0,0.0,0.0,0.0,0.0,0.0,24%
CUST0183590,DECLINED,INSAGFFICIENT_NET_DISPOSABLE_INCOME,3.8267462858951e-07,4.701210519579216e-06,0.008046414676757957,0.0,0.0,0.0,0.0,0.0,0.0,24%
CUST0183593,DECLINED,INSAGFFICIENT_NET_DISPOSABLE_INCOME,3.8267462858951e-07,4.701210519579216e-06,0.008046414676757957,0.0,0.0,0.0,0.0,0.0,0.0,24%
CUST0183612,DECLINED,INSAGFFICIENT_NET_DISPOSABLE_INCOME,6292.203912736632,6650.7480039813145,13331.196782682884,0.0,0.0,0.0,0.0,0.0,0.0,24%
CUST0183772,DECLINED,INSAGFFICIENT_NET_DISPOSABLE_INCOME,3.8267462858951e-07,4.701210519579216e-06,0.008046414676757957,0.0,0.0,0.0,0.0,0.0,0.0,24%
CUST0183835,DECLINED,INSAGFFICIENT_NET_DISPOSABLE_INCOME,3.8267462858951e-07,4.701210519579216e-06,0.008046414676757957,0.0,0.0,0.0,0.0,0.0,0.0,24%
CUST0183866,DECLINED,INSAGFFICIENT_NET_DISPOSABLE_INCOME,3.8267462858951e-07,4.701210519579216e-06,0.008046414676757957,0.0,0.0,0.0,0.0,0.0,0.0,24%
CUST0183968,DECLINED,INSAGFFICIENT_NET_DISPOSABLE_INCOME,3.8267462858951e-07,4.701210519579216e-06,0.008046414676757957,0.0,0.0,0.0,0.0,0.0,0.0,24%
CUST0184011,DECLINED,INSAGFFICIENT_NET_DISPOSABLE_INCOME,3.8267462858951e-07,4.701210519579216e-06,0.008046414676757957,0.0,0.0,0.0,0.0,0.0,0.0,24%
CUST0184023,DECLINED,INSAGFFICIENT_NET_DISPOSABLE_INCOME,3.8267462858951e-07,4.701210519579216e-06,0.008046414676757957,0.0,0.0,0.0,0.0,0.0,0.0,24%
CUST0184030,DECLINED,INSAGFFICIENT_NET_DISPOSABLE_INCOME,3.8267462858951e-07,4.701210519579216e-06,0.008046414676757957,0.0,0.0,0.0,0.0,0.0,0.0,24%
CUST0184045,DECLINED,INSAGFFICIENT_NET_DISPOSABLE_INCOME,3.8267462858951e-07,4.701210519579216e-06,0.008046414676757957,0.0,0.0,0.0,0.0,0.0,0.0,24%
CUST0184147,DECLINED,INSAGFFICIENT_NET_DISPOSABLE_INCOME,6261.054696325885,7345.050257037076,21815.33824498273,0.0,0.0,0.0,0.0,0.0,0.0,24%
CUST0184225,DECLINED,INSAGFFICIENT_NET_DISPOSABLE_INCOME,3.8267462858951e-07,4.701210519579216e-06,0.008046414676757957,0.0,0.0,0.0,0.0,0.0,0.0,24%
CUST0184228,DECLINED,INSAGFFICIENT_NET_DISPOSABLE_INCOME,3902.8171110397566,20106.97126991227,36163.55800138149,0.0,0.0,0.0,0.0,0.0,0.0,24%
CUST0184316,DECLINED,INSAGFFICIENT_NET_DISPOSABLE_INCOME,3.8267462858951e-07,4.701210519579216e-06,0.008046414676757957,0.0,0.0,0.0,0.0,0.0,0.0,24%
CUST0184322,DECLINED,INSAGFFICIENT_NET_DISPOSABLE_INCOME,3.8267462858951e-07,4.701210519579216e-06,0.008046414676757957,0.0,0.0,0.0,0.0,0.0,0.0,24%
CUST0184511,DECLINED,INSAGFFICIENT_NET_DISPOSABLE_INCOME,3.8267462858951e-07,4.701210519579216e-06,0.008046414676757957,0.0,0.0,0.0,0.0,0.0,0.0,24%
CUST0184568,DECLINED,INSAGFFICIENT_NET_DISPOSABLE_INCOME,3.8267462858951e-07,4.701210519579216e-06,0.008046414676757957,0.0,0.0,0.0,0.0,0.0,0.0,24%
CUST0184582,DECLINED,INSAGFFICIENT_NET_DISPOSABLE_INCOME,5991.31035948593,6259.133245498652,21791.833427146074,0.0,0.0,0.0,0.0,0.0,0.0,24%
CUST0184611,DECLINED,INSAGFFICIENT_NET_DISPOSABLE_INCOME,3.8267462858951e-07,4.701210519579216e-06,0.008046414676757957,0.0,0.0,0.0,0.0,0.0,0.0,24%
CUST0184654,DECLINED,INSAGFFICIENT_NET_DISPOSABLE_INCOME,3.8267462858951e-07,4.701210519579216e-06,0.008046414676757957,0.0,0.0,0.0,0.0,0.0,0.0,24%
CUST0184689,DECLINED,INSAGFFICIENT_NET_DISPOSABLE_INCOME,3.8267462858951e-07,4.701210519579216e-06,0.008046414676757957,0.0,0.0,0.0,0.0,0.0,0.0,24%
CUST0184768,DECLINED,INSAGFFICIENT_NET_DISPOSABLE_INCOME,3.8267462858951e-07,4.701210519579216e-06,0.008046414676757957,0.0,0.0,0.0,0.0,0.0,0.0,24%
CUST0184797,DECLINED,INSAGFFICIENT_NET_DISPOSABLE_INCOME,3.8267462858951e-07,4.701210519579216e-06,0.008046414676757957,0.0,0.0,0.0,0.0,0.0,0.0,24%
CUST0184899,DECLINED,INSAGFFICIENT_NET_DISPOSABLE_INCOME,3.8267462858951e-07,4.701210519579216e-06,0.008046414676757957,0.0,0.0,0.0,0.0,0.0,0.0,24%
CUST0184908,DECLINED,INSAGFFICIENT_NET_DISPOSABLE_INCOME,3.8267462858951e-07,4.701210519579216e-06,0.008046414676757957,0.0,0.0,0.0,0.0,0.0,0.0,24%
CUST0184939,DECLINED,INSAGFFICIENT_NET_DISPOSABLE_INCOME,3.8267462858951e-07,4.701210519579216e-06,0.008046414676757957,0.0,0.0,0.0,0.0,0.0,0.0,24%
CUST0184960,DECLINED,INSAGFFICIENT_NET_DISPOSABLE_INCOME,3.8267462858951e-07,4.701210519579216e-06,0.008046414676757957,0.0,0.0,0.0,0.0,0.0,0.0,24%
CUST0184998,DECLINED,INSAGFFICIENT_NET_DISPOSABLE_INCOME,3.8267462858951e-07,4.701210519579216e-06,0.008046414676757957,0.0,0.0,0.0,0.0,0.0,0.0,24%
CUST0185012,DECLINED,INSAGFFICIENT_NET_DISPOSABLE_INCOME,3.8267462858951e-07,4.701210519579216e-06,0.008046414676757957,0.0,0.0,0.0,0.0,0.0,0.0,24%
CUST0185021,DECLINED,INSAGFFICIENT_NET_DISPOSABLE_INCOME,3.8267462858951e-07,4.701210519579216e-06,0.008046414676757957,0.0,0.0,0.0,0.0,0.0,0.0,24%
CUST0185087,DECLINED,INSAGFFICIENT_NET_DISPOSABLE_INCOME,6340.471723673583,8061.767760627341,15194.98978696921,0.0,0.0,0.0,0.0,0.0,0.0,24%
CUST0185091,DECLINED,INSAGFFICIENT_NET_DISPOSABLE_INCOME,3.8267462858951e-07,4.701210519579216e-06,0.008046414676757957,0.0,0.0,0.0,0.0,0.0,0.0,24%
CUST0185101,DECLINED,INSAGFFICIENT_NET_DISPOSABLE_INCOME,3.8267462858951e-07,4.701210519579216e-06,0.008046414676757957,0.0,0.0,0.0,0.0,0.0,0.0,24%
CUST0185156,DECLINED,INSAGFFICIENT_NET_DISPOSABLE_INCOME,3.8267462858951e-07,4.701210519579216e-06,0.008046414676757957,0.0,0.0,0.0,0.0,0.0,0.0,24%
CUST0185167,DECLINED,INSAGFFICIENT_NET_DISPOSABLE_INCOME,3.8267462858951e-07,4.701210519579216e-06,0.008046414676757957,0.0,0.0,0.0,0.0,0.0,0.0,24%
CUST0185396,DECLINED,INSAGFFICIENT_NET_DISPOSABLE_INCOME,3.8267462858951e-07,4.701210519579216e-06,0.008046414676757957,0.0,0.0,0.0,0.0,0.0,0.0,24%
CUST0185479,DECLINED,INSAGFFICIENT_NET_DISPOSABLE_INCOME,3.8267462858951e-07,4.701210519579216e-06,0.008046414676757957,0.0,0.0,0.0,0.0,0.0,0.0,24%
CUST0185492,DECLINED,INSAGFFICIENT_NET_DISPOSABLE_INCOME,3.8267462858951e-07,4.701210519579216e-06,0.008046414676757957,0.0,0.0,0.0,0.0,0.0,0.0,24%
CUST0185499,DECLINED,INSAGFFICIENT_NET_DISPOSABLE_INCOME,3.8267462858951e-07,4.701210519579216e-06,0.008046414676757957,0.0,0.0,0.0,0.0,0.0,0.0,24%
CUST0185501,DECLINED,INSAGFFICIENT_NET_DISPOSABLE_INCOME,3.8267462858951e-07,4.701210519579216e-06,0.008046414676757957,0.0,0.0,0.0,0.0,0.0,0.0,24%
CUST0185611,DECLINED,INSAGFFICIENT_NET_DISPOSABLE_INCOME,3902.8171110397566,20106.97126991227,36163.55800138149,0.0,0.0,0.0,0.0,0.0,0.0,24%
CUST0185641,DECLINED,INSAGFFICIENT_NET_DISPOSABLE_INCOME,3.8267462858951e-07,4.701210519579216e-06,0.008046414676757957,0.0,0.0,0.0,0.0,0.0,0.0,24%
CUST0185685,DECLINED,INSAGFFICIENT_NET_DISPOSABLE_INCOME,3.8267462858951e-07,4.701210519579216e-06,0.008046414676757957,0.0,0.0,0.0,0.0,0.0,0.0,24%
CUST0185731,DECLINED,INSAGFFICIENT_NET_DISPOSABLE_INCOME,3.8267462858951e-07,4.701210519579216e-06,0.008046414676757957,0.0,0.0,0.0,0.0,0.0,0.0,24%
CUST0185878,DECLINED,INSAGFFICIENT_NET_DISPOSABLE_INCOME,3.8267462858951e-07,4.701210519579216e-06,0.008046414676757957,0.0,0.0,0.0,0.0,0.0,0.0,24%
CUST0185914,DECLINED,INSAGFFICIENT_NET_DISPOSABLE_INCOME,3.8267462858951e-07,4.701210519579216e-06,0.008046414676757957,0.0,0.0,0.0,0.0,0.0,0.0,24%
CUST0185985,DECLINED,INSAGFFICIENT_NET_DISPOSABLE_INCOME,3.8267462858951e-07,4.701210519579216e-06,0.008046414676757957,0.0,0.0,0.0,0.0,0.0,0.0,24%
CUST0185990,DECLINED,INSAGFFICIENT_NET_DISPOSABLE_INCOME,3.8267462858951e-07,4.701210519579216e-06,0.008046414676757957,0.0,0.0,0.0,0.0,0.0,0.0,24%
CUST0186000,DECLINED,INSAGFFICIENT_NET_DISPOSABLE_INCOME,5955.237992598962,6739.487832123522,16971.132071916087,0.0,0.0,0.0,0.0,0.0,0.0,24%
CUST0186004,DECLINED,INSAGFFICIENT_NET_DISPOSABLE_INCOME,6652.925573932643,7232.395021687535,18873.97573897313,0.0,0.0,0.0,0.0,0.0,0.0,24%
CUST0186075,DECLINED,INSAGFFICIENT_NET_DISPOSABLE_INCOME,3.8267462858951e-07,4.701210519579216e-06,0.008046414676757957,0.0,0.0,0.0,0.0,0.0,0.0,24%
CUST0186221,DECLINED,INSAGFFICIENT_NET_DISPOSABLE_INCOME,3.8267462858951e-07,4.701210519579216e-06,0.008046414676757957,0.0,0.0,0.0,0.0,0.0,0.0,24%
CUST0186249,DECLINED,INSAGFFICIENT_NET_DISPOSABLE_INCOME,3.8267462858951e-07,4.701210519579216e-06,0.008046414676757957,0.0,0.0,0.0,0.0,0.0,0.0,24%
CUST0186261,DECLINED,INSAGFFICIENT_NET_DISPOSABLE_INCOME,3.8267462858951e-07,4.701210519579216e-06,0.008046414676757957,0.0,0.0,0.0,0.0,0.0,0.0,24%
CUST0186311,DECLINED,INSAGFFICIENT_NET_DISPOSABLE_INCOME,3.8267462858951e-07,4.701210519579216e-06,0.008046414676757957,0.0,0.0,0.0,0.0,0.0,0.0,24%
CUST0186331,DECLINED,INSAGFFICIENT_NET_DISPOSABLE_INCOME,3.8267462858951e-07,4.701210519579216e-06,0.008046414676757957,0.0,0.0,0.0,0.0,0.0,0.0,24%
CUST0186427,DECLINED,INSAGFFICIENT_NET_DISPOSABLE_INCOME,3.8267462858951e-07,4.701210519579216e-06,0.008046414676757957,0.0,0.0,0.0,0.0,0.0,0.0,24%
CUST0186450,DECLINED,INSAGFFICIENT_NET_DISPOSABLE_INCOME,3.8267462858951e-07,4.701210519579216e-06,0.008046414676757957,0.0,0.0,0.0,0.0,0.0,0.0,24%
CUST0186676,DECLINED,INSAGFFICIENT_NET_DISPOSABLE_INCOME,3.8267462858951e-07,4.701210519579216e-06,0.008046414676757957,0.0,0.0,0.0,0.0,0.0,0.0,24%
CUST0186699,DECLINED,INSAGFFICIENT_NET_DISPOSABLE_INCOME,3.8267462858951e-07,4.701210519579216e-06,0.008046414676757957,0.0,0.0,0.0,0.0,0.0,0.0,24%
CUST0186700,DECLINED,INSAGFFICIENT_NET_DISPOSABLE_INCOME,3.8267462858951e-07,4.701210519579216e-06,0.008046414676757957,0.0,0.0,0.0,0.0,0.0,0.0,24%
CUST0186758,DECLINED,INSAGFFICIENT_NET_DISPOSABLE_INCOME,3.8267462858951e-07,4.701210519579216e-06,0.008046414676757957,0.0,0.0,0.0,0.0,0.0,0.0,24%
CUST0186825,DECLINED,INSAGFFICIENT_NET_DISPOSABLE_INCOME,3.8267462858951e-07,4.701210519579216e-06,0.008046414676757957,0.0,0.0,0.0,0.0,0.0,0.0,24%
CUST0186858,DECLINED,INSAGFFICIENT_NET_DISPOSABLE_INCOME,3.8267462858951e-07,4.701210519579216e-06,0.008046414676757957,0.0,0.0,0.0,0.0,0.0,0.0,24%
CUST0186863,DECLINED,INSAGFFICIENT_NET_DISPOSABLE_INCOME,3.8267462858951e-07,4.701210519579216e-06,0.008046414676757957,0.0,0.0,0.0,0.0,0.0,0.0,24%
CUST0186942,DECLINED,INSAGFFICIENT_NET_DISPOSABLE_INCOME,3.8267462858951e-07,4.701210519579216e-06,0.008046414676757957,0.0,0.0,0.0,0.0,0.0,0.0,24%
CUST0186975,DECLINED,INSAGFFICIENT_NET_DISPOSABLE_INCOME,3.8267462858951e-07,4.701210519579216e-06,0.008046414676757957,0.0,0.0,0.0,0.0,0.0,0.0,24%
CUST0187009,DECLINED,INSAGFFICIENT_NET_DISPOSABLE_INCOME,3.8267462858951e-07,4.701210519579216e-06,0.008046414676757957,0.0,0.0,0.0,0.0,0.0,0.0,24%
CUST0187131,DECLINED,INSAGFFICIENT_NET_DISPOSABLE_INCOME,3.8267462858951e-07,4.701210519579216e-06,0.008046414676757957,0.0,0.0,0.0,0.0,0.0,0.0,24%
CUST0187144,DECLINED,INSAGFFICIENT_NET_DISPOSABLE_INCOME,3.8267462858951e-07,4.701210519579216e-06,0.008046414676757957,0.0,0.0,0.0,0.0,0.0,0.0,24%
CUST0187164,DECLINED,INSAGFFICIENT_NET_DISPOSABLE_INCOME,3902.8171110397566,20106.97126991227,36163.55800138149,0.0,0.0,0.0,0.0,0.0,0.0,24%
CUST0187178,DECLINED,INSAGFFICIENT_NET_DISPOSABLE_INCOME,3.8267462858951e-07,4.701210519579216e-06,0.008046414676757957,0.0,0.0,0.0,0.0,0.0,0.0,24%
CUST0187320,DECLINED,INSAGFFICIENT_NET_DISPOSABLE_INCOME,3.8267462858951e-07,4.701210519579216e-06,0.008046414676757957,0.0,0.0,0.0,0.0,0.0,0.0,24%
CUST0187325,DECLINED,INSAGFFICIENT_NET_DISPOSABLE_INCOME,3.8267462858951e-07,4.701210519579216e-06,0.008046414676757957,0.0,0.0,0.0,0.0,0.0,0.0,24%
CUST0187370,DECLINED,INSAGFFICIENT_NET_DISPOSABLE_INCOME,3.8267462858951e-07,4.701210519579216e-06,0.008046414676757957,0.0,0.0,0.0,0.0,0.0,0.0,24%
CUST0187561,DECLINED,INSAGFFICIENT_NET_DISPOSABLE_INCOME,3.8267462858951e-07,4.701210519579216e-06,0.008046414676757957,0.0,0.0,0.0,0.0,0.0,0.0,24%
CUST0187600,DECLINED,INSAGFFICIENT_NET_DISPOSABLE_INCOME,3.8267462858951e-07,4.701210519579216e-06,0.008046414676757957,0.0,0.0,0.0,0.0,0.0,0.0,24%
CUST0187610,DECLINED,INSAGFFICIENT_NET_DISPOSABLE_INCOME,3.8267462858951e-07,4.701210519579216e-06,0.008046414676757957,0.0,0.0,0.0,0.0,0.0,0.0,24%
CUST0187625,DECLINED,INSAGFFICIENT_NET_DISPOSABLE_INCOME,3.8267462858951e-07,4.701210519579216e-06,0.008046414676757957,0.0,0.0,0.0,0.0,0.0,0.0,24%
CUST0187649,DECLINED,INSAGFFICIENT_NET_DISPOSABLE_INCOME,3.8267462858951e-07,4.701210519579216e-06,0.008046414676757957,0.0,0.0,0.0,0.0,0.0,0.0,24%
CUST0187652,DECLINED,INSAGFFICIENT_NET_DISPOSABLE_INCOME,3.8267462858951e-07,4.701210519579216e-06,0.008046414676757957,0.0,0.0,0.0,0.0,0.0,0.0,24%
CUST0187803,DECLINED,INSAGFFICIENT_NET_DISPOSABLE_INCOME,3.8267462858951e-07,4.701210519579216e-06,0.008046414676757957,0.0,0.0,0.0,0.0,0.0,0.0,24%
CUST0187856,DECLINED,INSAGFFICIENT_NET_DISPOSABLE_INCOME,3.8267462858951e-07,4.701210519579216e-06,0.008046414676757957,0.0,0.0,0.0,0.0,0.0,0.0,24%
CUST0188218,DECLINED,INSAGFFICIENT_NET_DISPOSABLE_INCOME,3.8267462858951e-07,4.701210519579216e-06,0.008046414676757957,0.0,0.0,0.0,0.0,0.0,0.0,24%
CUST0188245,DECLINED,INSAGFFICIENT_NET_DISPOSABLE_INCOME,3.8267462858951e-07,4.701210519579216e-06,0.008046414676757957,0.0,0.0,0.0,0.0,0.0,0.0,24%
CUST0188282,DECLINED,INSAGFFICIENT_NET_DISPOSABLE_INCOME,5431.595372151458,8632.727093406875,15755.584220753482,0.0,0.0,0.0,0.0,0.0,0.0,24%
CUST0188363,DECLINED,INSAGFFICIENT_NET_DISPOSABLE_INCOME,4315.501597182222,4405.507692449071,18192.877334534933,0.0,0.0,0.0,0.0,0.0,0.0,24%
CUST0188368,DECLINED,INSAGFFICIENT_NET_DISPOSABLE_INCOME,3.8267462858951e-07,4.701210519579216e-06,0.008046414676757957,0.0,0.0,0.0,0.0,0.0,0.0,24%
CUST0188408,DECLINED,INSAGFFICIENT_NET_DISPOSABLE_INCOME,3.8267462858951e-07,4.701210519579216e-06,0.008046414676757957,0.0,0.0,0.0,0.0,0.0,0.0,24%
CUST0188424,DECLINED,INSAGFFICIENT_NET_DISPOSABLE_INCOME,3.8267462858951e-07,4.701210519579216e-06,0.008046414676757957,0.0,0.0,0.0,0.0,0.0,0.0,24%
CUST0188465,DECLINED,INSAGFFICIENT_NET_DISPOSABLE_INCOME,3902.8171110397566,20106.97126991227,36163.55800138149,0.0,0.0,0.0,0.0,0.0,0.0,24%
CUST0188656,DECLINED,INSAGFFICIENT_NET_DISPOSABLE_INCOME,3.8267462858951e-07,4.701210519579216e-06,0.008046414676757957,0.0,0.0,0.0,0.0,0.0,0.0,24%
CUST0188678,DECLINED,INSAGFFICIENT_NET_DISPOSABLE_INCOME,4580.036383233932,4806.682708931489,21895.91973610519,0.0,0.0,0.0,0.0,0.0,0.0,24%
CUST0188754,DECLINED,INSAGFFICIENT_NET_DISPOSABLE_INCOME,3.8267462858951e-07,4.701210519579216e-06,0.008046414676757957,0.0,0.0,0.0,0.0,0.0,0.0,24%
CUST0188800,DECLINED,INSAGFFICIENT_NET_DISPOSABLE_INCOME,3.8267462858951e-07,4.701210519579216e-06,0.008046414676757957,0.0,0.0,0.0,0.0,0.0,0.0,24%
CUST0188892,DECLINED,INSAGFFICIENT_NET_DISPOSABLE_INCOME,3.8267462858951e-07,4.701210519579216e-06,0.008046414676757957,0.0,0.0,0.0,0.0,0.0,0.0,24%
CUST0188915,DECLINED,INSAGFFICIENT_NET_DISPOSABLE_INCOME,3.8267462858951e-07,4.701210519579216e-06,0.008046414676757957,0.0,0.0,0.0,0.0,0.0,0.0,24%
CUST0188922,DECLINED,INSAGFFICIENT_NET_DISPOSABLE_INCOME,3.8267462858951e-07,4.701210519579216e-06,0.008046414676757957,0.0,0.0,0.0,0.0,0.0,0.0,24%
CUST0189083,DECLINED,INSAGFFICIENT_NET_DISPOSABLE_INCOME,6350.860724800745,6581.000332861614,19308.876776956095,0.0,0.0,0.0,0.0,0.0,0.0,24%
CUST0189105,DECLINED,INSAGFFICIENT_NET_DISPOSABLE_INCOME,3.8267462858951e-07,4.701210519579216e-06,0.008046414676757957,0.0,0.0,0.0,0.0,0.0,0.0,24%
CUST0189124,DECLINED,INSAGFFICIENT_NET_DISPOSABLE_INCOME,3.8267462858951e-07,4.701210519579216e-06,0.008046414676757957,0.0,0.0,0.0,0.0,0.0,0.0,24%
CUST0189159,DECLINED,INSAGFFICIENT_NET_DISPOSABLE_INCOME,3.8267462858951e-07,4.701210519579216e-06,0.008046414676757957,0.0,0.0,0.0,0.0,0.0,0.0,24%
CUST0189225,DECLINED,INSAGFFICIENT_NET_DISPOSABLE_INCOME,3.8267462858951e-07,4.701210519579216e-06,0.008046414676757957,0.0,0.0,0.0,0.0,0.0,0.0,24%
CUST0189237,DECLINED,INSAGFFICIENT_NET_DISPOSABLE_INCOME,3.8267462858951e-07,4.701210519579216e-06,0.008046414676757957,0.0,0.0,0.0,0.0,0.0,0.0,24%
CUST0189277,DECLINED,INSAGFFICIENT_NET_DISPOSABLE_INCOME,3.8267462858951e-07,4.701210519579216e-06,0.008046414676757957,0.0,0.0,0.0,0.0,0.0,0.0,24%
CUST0189291,DECLINED,INSAGFFICIENT_NET_DISPOSABLE_INCOME,3.8267462858951e-07,4.701210519579216e-06,0.008046414676757957,0.0,0.0,0.0,0.0,0.0,0.0,24%
CUST0189301,DECLINED,INSAGFFICIENT_NET_DISPOSABLE_INCOME,3457.27011203283,3802.2216551985325,18824.13179755651,0.0,0.0,0.0,0.0,0.0,0.0,24%
CUST0189320,DECLINED,INSAGFFICIENT_NET_DISPOSABLE_INCOME,3.8267462858951e-07,4.701210519579216e-06,0.008046414676757957,0.0,0.0,0.0,0.0,0.0,0.0,24%
CUST0189326,DECLINED,INSAGFFICIENT_NET_DISPOSABLE_INCOME,5626.211442339354,6346.003653251085,22900.106172222222,0.0,0.0,0.0,0.0,0.0,0.0,24%
CUST0189363,DECLINED,INSAGFFICIENT_NET_DISPOSABLE_INCOME,3.8267462858951e-07,4.701210519579216e-06,0.008046414676757957,0.0,0.0,0.0,0.0,0.0,0.0,24%
CUST0189406,DECLINED,INSAGFFICIENT_NET_DISPOSABLE_INCOME,6448.808477226321,7076.928881773494,17328.69917558209,0.0,0.0,0.0,0.0,0.0,0.0,24%
CUST0189476,DECLINED,INSAGFFICIENT_NET_DISPOSABLE_INCOME,3.8267462858951e-07,4.701210519579216e-06,0.008046414676757957,0.0,0.0,0.0,0.0,0.0,0.0,24%
CUST0189479,DECLINED,INSAGFFICIENT_NET_DISPOSABLE_INCOME,3.8267462858951e-07,4.701210519579216e-06,0.008046414676757957,0.0,0.0,0.0,0.0,0.0,0.0,24%
CUST0189499,DECLINED,INSAGFFICIENT_NET_DISPOSABLE_INCOME,3.8267462858951e-07,4.701210519579216e-06,0.008046414676757957,0.0,0.0,0.0,0.0,0.0,0.0,24%
CUST0189535,DECLINED,INSAGFFICIENT_NET_DISPOSABLE_INCOME,3.8267462858951e-07,4.701210519579216e-06,0.008046414676757957,0.0,0.0,0.0,0.0,0.0,0.0,24%
CUST0189577,DECLINED,INSAGFFICIENT_NET_DISPOSABLE_INCOME,3.8267462858951e-07,4.701210519579216e-06,0.008046414676757957,0.0,0.0,0.0,0.0,0.0,0.0,24%
CUST0189579,DECLINED,INSAGFFICIENT_NET_DISPOSABLE_INCOME,3.8267462858951e-07,4.701210519579216e-06,0.008046414676757957,0.0,0.0,0.0,0.0,0.0,0.0,24%
CUST0189620,DECLINED,INSAGFFICIENT_NET_DISPOSABLE_INCOME,3.8267462858951e-07,4.701210519579216e-06,0.008046414676757957,0.0,0.0,0.0,0.0,0.0,0.0,24%
CUST0189691,DECLINED,INSAGFFICIENT_NET_DISPOSABLE_INCOME,3.8267462858951e-07,4.701210519579216e-06,0.008046414676757957,0.0,0.0,0.0,0.0,0.0,0.0,24%
CUST0189696,DECLINED,INSAGFFICIENT_NET_DISPOSABLE_INCOME,3.8267462858951e-07,4.701210519579216e-06,0.008046414676757957,0.0,0.0,0.0,0.0,0.0,0.0,24%
CUST0189735,DECLINED,INSAGFFICIENT_NET_DISPOSABLE_INCOME,2999.574310763355,3752.163103017949,18144.099091416552,0.0,0.0,0.0,0.0,0.0,0.0,24%
CUST0189738,DECLINED,INSAGFFICIENT_NET_DISPOSABLE_INCOME,3.8267462858951e-07,4.701210519579216e-06,0.008046414676757957,0.0,0.0,0.0,0.0,0.0,0.0,24%
CUST0189763,DECLINED,INSAGFFICIENT_NET_DISPOSABLE_INCOME,3.8267462858951e-07,4.701210519579216e-06,0.008046414676757957,0.0,0.0,0.0,0.0,0.0,0.0,24%
CUST0189903,DECLINED,INSAGFFICIENT_NET_DISPOSABLE_INCOME,3.8267462858951e-07,4.701210519579216e-06,0.008046414676757957,0.0,0.0,0.0,0.0,0.0,0.0,24%
CUST0189969,DECLINED,INSAGFFICIENT_NET_DISPOSABLE_INCOME,3.8267462858951e-07,4.701210519579216e-06,0.008046414676757957,0.0,0.0,0.0,0.0,0.0,0.0,24%
CUST0190234,DECLINED,INSAGFFICIENT_NET_DISPOSABLE_INCOME,3.8267462858951e-07,4.701210519579216e-06,0.008046414676757957,0.0,0.0,0.0,0.0,0.0,0.0,24%
CUST0190241,DECLINED,INSAGFFICIENT_NET_DISPOSABLE_INCOME,3.8267462858951e-07,4.701210519579216e-06,0.008046414676757957,0.0,0.0,0.0,0.0,0.0,0.0,24%
CUST0190242,DECLINED,INSAGFFICIENT_NET_DISPOSABLE_INCOME,3.8267462858951e-07,4.701210519579216e-06,0.008046414676757957,0.0,0.0,0.0,0.0,0.0,0.0,24%
CUST0190290,DECLINED,INSAGFFICIENT_NET_DISPOSABLE_INCOME,3.8267462858951e-07,4.701210519579216e-06,0.008046414676757957,0.0,0.0,0.0,0.0,0.0,0.0,24%
CUST0190323,DECLINED,INSAGFFICIENT_NET_DISPOSABLE_INCOME,3.8267462858951e-07,4.701210519579216e-06,0.008046414676757957,0.0,0.0,0.0,0.0,0.0,0.0,24%
CUST0190444,DECLINED,INSAGFFICIENT_NET_DISPOSABLE_INCOME,3.8267462858951e-07,4.701210519579216e-06,0.008046414676757957,0.0,0.0,0.0,0.0,0.0,0.0,24%
CUST0190542,DECLINED,INSAGFFICIENT_NET_DISPOSABLE_INCOME,3.8267462858951e-07,4.701210519579216e-06,0.008046414676757957,0.0,0.0,0.0,0.0,0.0,0.0,24%
CUST0190589,DECLINED,INSAGFFICIENT_NET_DISPOSABLE_INCOME,3.8267462858951e-07,4.701210519579216e-06,0.008046414676757957,0.0,0.0,0.0,0.0,0.0,0.0,24%
CUST0190624,DECLINED,INSAGFFICIENT_NET_DISPOSABLE_INCOME,3.8267462858951e-07,4.701210519579216e-06,0.008046414676757957,0.0,0.0,0.0,0.0,0.0,0.0,24%
CUST0190713,DECLINED,INSAGFFICIENT_NET_DISPOSABLE_INCOME,3.8267462858951e-07,4.701210519579216e-06,0.008046414676757957,0.0,0.0,0.0,0.0,0.0,0.0,24%
CUST0190957,DECLINED,INSAGFFICIENT_NET_DISPOSABLE_INCOME,3.8267462858951e-07,4.701210519579216e-06,0.008046414676757957,0.0,0.0,0.0,0.0,0.0,0.0,24%
CUST0190991,DECLINED,INSAGFFICIENT_NET_DISPOSABLE_INCOME,5160.061169111323,5164.262426702923,12228.976755455466,0.0,0.0,0.0,0.0,0.0,0.0,24%
CUST0191120,DECLINED,INSAGFFICIENT_NET_DISPOSABLE_INCOME,3.8267462858951e-07,4.701210519579216e-06,0.008046414676757957,0.0,0.0,0.0,0.0,0.0,0.0,24%
CUST0191199,DECLINED,INSAGFFICIENT_NET_DISPOSABLE_INCOME,3.8267462858951e-07,4.701210519579216e-06,0.008046414676757957,0.0,0.0,0.0,0.0,0.0,0.0,24%
CUST0191223,DECLINED,INSAGFFICIENT_NET_DISPOSABLE_INCOME,3.8267462858951e-07,4.701210519579216e-06,0.008046414676757957,0.0,0.0,0.0,0.0,0.0,0.0,24%
CUST0191286,DECLINED,INSAGFFICIENT_NET_DISPOSABLE_INCOME,3.8267462858951e-07,4.701210519579216e-06,0.008046414676757957,0.0,0.0,0.0,0.0,0.0,0.0,24%
CUST0191333,DECLINED,INSAGFFICIENT_NET_DISPOSABLE_INCOME,3.8267462858951e-07,4.701210519579216e-06,0.008046414676757957,0.0,0.0,0.0,0.0,0.0,0.0,24%
CUST0191346,DECLINED,INSAGFFICIENT_NET_DISPOSABLE_INCOME,3.8267462858951e-07,4.701210519579216e-06,0.008046414676757957,0.0,0.0,0.0,0.0,0.0,0.0,24%
CUST0191463,DECLINED,INSAGFFICIENT_NET_DISPOSABLE_INCOME,3.8267462858951e-07,4.701210519579216e-06,0.008046414676757957,0.0,0.0,0.0,0.0,0.0,0.0,24%
CUST0191493,DECLINED,INSAGFFICIENT_NET_DISPOSABLE_INCOME,3.8267462858951e-07,4.701210519579216e-06,0.008046414676757957,0.0,0.0,0.0,0.0,0.0,0.0,24%
CUST0191685,DECLINED,INSAGFFICIENT_NET_DISPOSABLE_INCOME,3.8267462858951e-07,4.701210519579216e-06,0.008046414676757957,0.0,0.0,0.0,0.0,0.0,0.0,24%
CUST0191734,DECLINED,INSAGFFICIENT_NET_DISPOSABLE_INCOME,6509.466180451367,7357.270116042861,23596.169123920645,0.0,0.0,0.0,0.0,0.0,0.0,24%
CUST0191741,DECLINED,INSAGFFICIENT_NET_DISPOSABLE_INCOME,3.8267462858951e-07,4.701210519579216e-06,0.008046414676757957,0.0,0.0,0.0,0.0,0.0,0.0,24%
CUST0191744,DECLINED,INSAGFFICIENT_NET_DISPOSABLE_INCOME,3.8267462858951e-07,4.701210519579216e-06,0.008046414676757957,0.0,0.0,0.0,0.0,0.0,0.0,24%
CUST0191798,DECLINED,INSAGFFICIENT_NET_DISPOSABLE_INCOME,3.8267462858951e-07,4.701210519579216e-06,0.008046414676757957,0.0,0.0,0.0,0.0,0.0,0.0,24%
CUST0191836,DECLINED,INSAGFFICIENT_NET_DISPOSABLE_INCOME,3.8267462858951e-07,4.701210519579216e-06,0.008046414676757957,0.0,0.0,0.0,0.0,0.0,0.0,24%
CUST0191853,DECLINED,INSAGFFICIENT_NET_DISPOSABLE_INCOME,3.8267462858951e-07,4.701210519579216e-06,0.008046414676757957,0.0,0.0,0.0,0.0,0.0,0.0,24%
CUST0191933,DECLINED,INSAGFFICIENT_NET_DISPOSABLE_INCOME,3.8267462858951e-07,4.701210519579216e-06,0.008046414676757957,0.0,0.0,0.0,0.0,0.0,0.0,24%
CUST0191962,DECLINED,INSAGFFICIENT_NET_DISPOSABLE_INCOME,3.8267462858951e-07,4.701210519579216e-06,0.008046414676757957,0.0,0.0,0.0,0.0,0.0,0.0,24%
CUST0192229,DECLINED,INSAGFFICIENT_NET_DISPOSABLE_INCOME,3.8267462858951e-07,4.701210519579216e-06,0.008046414676757957,0.0,0.0,0.0,0.0,0.0,0.0,24%
CUST0192315,DECLINED,INSAGFFICIENT_NET_DISPOSABLE_INCOME,3.8267462858951e-07,4.701210519579216e-06,0.008046414676757957,0.0,0.0,0.0,0.0,0.0,0.0,24%
CUST0192440,DECLINED,INSAGFFICIENT_NET_DISPOSABLE_INCOME,3.8267462858951e-07,4.701210519579216e-06,0.008046414676757957,0.0,0.0,0.0,0.0,0.0,0.0,24%
CUST0192504,DECLINED,INSAGFFICIENT_NET_DISPOSABLE_INCOME,3.8267462858951e-07,4.701210519579216e-06,0.008046414676757957,0.0,0.0,0.0,0.0,0.0,0.0,24%
CUST0192552,DECLINED,INSAGFFICIENT_NET_DISPOSABLE_INCOME,3.8267462858951e-07,4.701210519579216e-06,0.008046414676757957,0.0,0.0,0.0,0.0,0.0,0.0,24%
CUST0192631,DECLINED,INSAGFFICIENT_NET_DISPOSABLE_INCOME,3.8267462858951e-07,4.701210519579216e-06,0.008046414676757957,0.0,0.0,0.0,0.0,0.0,0.0,24%
CUST0192637,DECLINED,INSAGFFICIENT_NET_DISPOSABLE_INCOME,3.8267462858951e-07,4.701210519579216e-06,0.008046414676757957,0.0,0.0,0.0,0.0,0.0,0.0,24%
CUST0192797,DECLINED,INSAGFFICIENT_NET_DISPOSABLE_INCOME,3.8267462858951e-07,4.701210519579216e-06,0.008046414676757957,0.0,0.0,0.0,0.0,0.0,0.0,24%
CUST0192953,DECLINED,INSAGFFICIENT_NET_DISPOSABLE_INCOME,3.8267462858951e-07,4.701210519579216e-06,0.008046414676757957,0.0,0.0,0.0,0.0,0.0,0.0,24%
CUST0192999,DECLINED,INSAGFFICIENT_NET_DISPOSABLE_INCOME,3.8267462858951e-07,4.701210519579216e-06,0.008046414676757957,0.0,0.0,0.0,0.0,0.0,0.0,24%
CUST0193094,DECLINED,INSAGFFICIENT_NET_DISPOSABLE_INCOME,3.8267462858951e-07,4.701210519579216e-06,0.008046414676757957,0.0,0.0,0.0,0.0,0.0,0.0,24%
CUST0193167,DECLINED,INSAGFFICIENT_NET_DISPOSABLE_INCOME,3.8267462858951e-07,4.701210519579216e-06,0.008046414676757957,0.0,0.0,0.0,0.0,0.0,0.0,24%
CUST0193175,DECLINED,INSAGFFICIENT_NET_DISPOSABLE_INCOME,3.8267462858951e-07,4.701210519579216e-06,0.008046414676757957,0.0,0.0,0.0,0.0,0.0,0.0,24%
CUST0193185,DECLINED,INSAGFFICIENT_NET_DISPOSABLE_INCOME,3.8267462858951e-07,4.701210519579216e-06,0.008046414676757957,0.0,0.0,0.0,0.0,0.0,0.0,24%
CUST0193248,DECLINED,INSAGFFICIENT_NET_DISPOSABLE_INCOME,4798.016269714094,5066.623380126526,18322.558072072745,0.0,0.0,0.0,0.0,0.0,0.0,24%
CUST0193313,DECLINED,INSAGFFICIENT_NET_DISPOSABLE_INCOME,3902.8171110397566,20106.97126991227,36163.55800138149,0.0,0.0,0.0,0.0,0.0,0.0,24%
CUST0193476,DECLINED,INSAGFFICIENT_NET_DISPOSABLE_INCOME,3.8267462858951e-07,4.701210519579216e-06,0.008046414676757957,0.0,0.0,0.0,0.0,0.0,0.0,24%
CUST0193549,DECLINED,INSAGFFICIENT_NET_DISPOSABLE_INCOME,3902.8171110397566,20106.97126991227,36163.55800138149,0.0,0.0,0.0,0.0,0.0,0.0,24%
CUST0193604,DECLINED,INSAGFFICIENT_NET_DISPOSABLE_INCOME,3.8267462858951e-07,4.701210519579216e-06,0.008046414676757957,0.0,0.0,0.0,0.0,0.0,0.0,24%
CUST0193707,DECLINED,INSAGFFICIENT_NET_DISPOSABLE_INCOME,3.8267462858951e-07,4.701210519579216e-06,0.008046414676757957,0.0,0.0,0.0,0.0,0.0,0.0,24%
CUST0193886,DECLINED,INSAGFFICIENT_NET_DISPOSABLE_INCOME,3.8267462858951e-07,4.701210519579216e-06,0.008046414676757957,0.0,0.0,0.0,0.0,0.0,0.0,24%
CUST0193929,DECLINED,INSAGFFICIENT_NET_DISPOSABLE_INCOME,3.8267462858951e-07,4.701210519579216e-06,0.008046414676757957,0.0,0.0,0.0,0.0,0.0,0.0,24%
CUST0194030,DECLINED,INSAGFFICIENT_NET_DISPOSABLE_INCOME,5327.336972066835,5451.024132643926,12504.810285218024,0.0,0.0,0.0,0.0,0.0,0.0,24%
CUST0194110,DECLINED,INSAGFFICIENT_NET_DISPOSABLE_INCOME,3.8267462858951e-07,4.701210519579216e-06,0.008046414676757957,0.0,0.0,0.0,0.0,0.0,0.0,24%
CUST0194254,DECLINED,INSAGFFICIENT_NET_DISPOSABLE_INCOME,3.8267462858951e-07,4.701210519579216e-06,0.008046414676757957,0.0,0.0,0.0,0.0,0.0,0.0,24%
CUST0194256,DECLINED,INSAGFFICIENT_NET_DISPOSABLE_INCOME,5762.78865570401,6034.219306557428,13268.528092681645,0.0,0.0,0.0,0.0,0.0,0.0,24%
CUST0194274,DECLINED,INSAGFFICIENT_NET_DISPOSABLE_INCOME,3.8267462858951e-07,4.701210519579216e-06,0.008046414676757957,0.0,0.0,0.0,0.0,0.0,0.0,24%
CUST0194381,DECLINED,INSAGFFICIENT_NET_DISPOSABLE_INCOME,3.8267462858951e-07,4.701210519579216e-06,0.008046414676757957,0.0,0.0,0.0,0.0,0.0,0.0,24%
CUST0194389,DECLINED,INSAGFFICIENT_NET_DISPOSABLE_INCOME,3.8267462858951e-07,4.701210519579216e-06,0.008046414676757957,0.0,0.0,0.0,0.0,0.0,0.0,24%
CUST0194396,DECLINED,INSAGFFICIENT_NET_DISPOSABLE_INCOME,3.8267462858951e-07,4.701210519579216e-06,0.008046414676757957,0.0,0.0,0.0,0.0,0.0,0.0,24%
CUST0194452,DECLINED,INSAGFFICIENT_NET_DISPOSABLE_INCOME,6652.021285473065,7494.535805730316,18695.66455889354,0.0,0.0,0.0,0.0,0.0,0.0,24%
CUST0194526,DECLINED,INSAGFFICIENT_NET_DISPOSABLE_INCOME,3.8267462858951e-07,4.701210519579216e-06,0.008046414676757957,0.0,0.0,0.0,0.0,0.0,0.0,24%
CUST0194546,DECLINED,INSAGFFICIENT_NET_DISPOSABLE_INCOME,3.8267462858951e-07,4.701210519579216e-06,0.008046414676757957,0.0,0.0,0.0,0.0,0.0,0.0,24%
CUST0194552,DECLINED,INSAGFFICIENT_NET_DISPOSABLE_INCOME,5729.655079429942,5848.394606053865,13554.478180661237,0.0,0.0,0.0,0.0,0.0,0.0,24%
CUST0194660,DECLINED,INSAGFFICIENT_NET_DISPOSABLE_INCOME,3.8267462858951e-07,4.701210519579216e-06,0.008046414676757957,0.0,0.0,0.0,0.0,0.0,0.0,24%
CUST0194676,DECLINED,INSAGFFICIENT_NET_DISPOSABLE_INCOME,3.8267462858951e-07,4.701210519579216e-06,0.008046414676757957,0.0,0.0,0.0,0.0,0.0,0.0,24%
CUST0194829,DECLINED,INSAGFFICIENT_NET_DISPOSABLE_INCOME,3.8267462858951e-07,4.701210519579216e-06,0.008046414676757957,0.0,0.0,0.0,0.0,0.0,0.0,24%
CUST0194831,DECLINED,INSAGFFICIENT_NET_DISPOSABLE_INCOME,3.8267462858951e-07,4.701210519579216e-06,0.008046414676757957,0.0,0.0,0.0,0.0,0.0,0.0,24%
CUST0194963,DECLINED,INSAGFFICIENT_NET_DISPOSABLE_INCOME,3.8267462858951e-07,4.701210519579216e-06,0.008046414676757957,0.0,0.0,0.0,0.0,0.0,0.0,24%
CUST0195050,DECLINED,INSAGFFICIENT_NET_DISPOSABLE_INCOME,3.8267462858951e-07,4.701210519579216e-06,0.008046414676757957,0.0,0.0,0.0,0.0,0.0,0.0,24%
CUST0195117,DECLINED,INSAGFFICIENT_NET_DISPOSABLE_INCOME,5316.969222014428,5372.629007523423,13347.613963953361,0.0,0.0,0.0,0.0,0.0,0.0,24%
CUST0195123,DECLINED,INSAGFFICIENT_NET_DISPOSABLE_INCOME,3.8267462858951e-07,4.701210519579216e-06,0.008046414676757957,0.0,0.0,0.0,0.0,0.0,0.0,24%
CUST0195158,DECLINED,INSAGFFICIENT_NET_DISPOSABLE_INCOME,3.8267462858951e-07,4.701210519579216e-06,0.008046414676757957,0.0,0.0,0.0,0.0,0.0,0.0,24%
CUST0195195,DECLINED,INSAGFFICIENT_NET_DISPOSABLE_INCOME,3.8267462858951e-07,4.701210519579216e-06,0.008046414676757957,0.0,0.0,0.0,0.0,0.0,0.0,24%
CUST0195198,DECLINED,INSAGFFICIENT_NET_DISPOSABLE_INCOME,3.8267462858951e-07,4.701210519579216e-06,0.008046414676757957,0.0,0.0,0.0,0.0,0.0,0.0,24%
CUST0195202,DECLINED,INSAGFFICIENT_NET_DISPOSABLE_INCOME,3.8267462858951e-07,4.701210519579216e-06,0.008046414676757957,0.0,0.0,0.0,0.0,0.0,0.0,24%
CUST0195219,DECLINED,INSAGFFICIENT_NET_DISPOSABLE_INCOME,3.8267462858951e-07,4.701210519579216e-06,0.008046414676757957,0.0,0.0,0.0,0.0,0.0,0.0,24%
CUST0195280,DECLINED,INSAGFFICIENT_NET_DISPOSABLE_INCOME,3.8267462858951e-07,4.701210519579216e-06,0.008046414676757957,0.0,0.0,0.0,0.0,0.0,0.0,24%
CUST0195328,DECLINED,INSAGFFICIENT_NET_DISPOSABLE_INCOME,3.8267462858951e-07,4.701210519579216e-06,0.008046414676757957,0.0,0.0,0.0,0.0,0.0,0.0,24%
CUST0195354,DECLINED,INSAGFFICIENT_NET_DISPOSABLE_INCOME,3.8267462858951e-07,4.701210519579216e-06,0.008046414676757957,0.0,0.0,0.0,0.0,0.0,0.0,24%
CUST0195361,DECLINED,INSAGFFICIENT_NET_DISPOSABLE_INCOME,3.8267462858951e-07,4.701210519579216e-06,0.008046414676757957,0.0,0.0,0.0,0.0,0.0,0.0,24%
CUST0195384,DECLINED,INSAGFFICIENT_NET_DISPOSABLE_INCOME,3.8267462858951e-07,4.701210519579216e-06,0.008046414676757957,0.0,0.0,0.0,0.0,0.0,0.0,24%
CUST0195422,DECLINED,INSAGFFICIENT_NET_DISPOSABLE_INCOME,3.8267462858951e-07,4.701210519579216e-06,0.008046414676757957,0.0,0.0,0.0,0.0,0.0,0.0,24%
CUST0195477,DECLINED,INSAGFFICIENT_NET_DISPOSABLE_INCOME,3.8267462858951e-07,4.701210519579216e-06,0.008046414676757957,0.0,0.0,0.0,0.0,0.0,0.0,24%
CUST0195501,DECLINED,INSAGFFICIENT_NET_DISPOSABLE_INCOME,3.8267462858951e-07,4.701210519579216e-06,0.008046414676757957,0.0,0.0,0.0,0.0,0.0,0.0,24%
CUST0195561,DECLINED,INSAGFFICIENT_NET_DISPOSABLE_INCOME,3.8267462858951e-07,4.701210519579216e-06,0.008046414676757957,0.0,0.0,0.0,0.0,0.0,0.0,24%
CUST0195565,DECLINED,INSAGFFICIENT_NET_DISPOSABLE_INCOME,3.8267462858951e-07,4.701210519579216e-06,0.008046414676757957,0.0,0.0,0.0,0.0,0.0,0.0,24%
CUST0195608,DECLINED,INSAGFFICIENT_NET_DISPOSABLE_INCOME,3.8267462858951e-07,4.701210519579216e-06,0.008046414676757957,0.0,0.0,0.0,0.0,0.0,0.0,24%
CUST0195652,DECLINED,INSAGFFICIENT_NET_DISPOSABLE_INCOME,3.8267462858951e-07,4.701210519579216e-06,0.008046414676757957,0.0,0.0,0.0,0.0,0.0,0.0,24%
CUST0195740,DECLINED,INSAGFFICIENT_NET_DISPOSABLE_INCOME,3902.8171110397566,20106.97126991227,36163.55800138149,0.0,0.0,0.0,0.0,0.0,0.0,24%
CUST0195802,DECLINED,INSAGFFICIENT_NET_DISPOSABLE_INCOME,3.8267462858951e-07,4.701210519579216e-06,0.008046414676757957,0.0,0.0,0.0,0.0,0.0,0.0,24%
CUST0195804,DECLINED,INSAGFFICIENT_NET_DISPOSABLE_INCOME,3.8267462858951e-07,4.701210519579216e-06,0.008046414676757957,0.0,0.0,0.0,0.0,0.0,0.0,24%
CUST0195815,DECLINED,INSAGFFICIENT_NET_DISPOSABLE_INCOME,3.8267462858951e-07,4.701210519579216e-06,0.008046414676757957,0.0,0.0,0.0,0.0,0.0,0.0,24%
CUST0195971,DECLINED,INSAGFFICIENT_NET_DISPOSABLE_INCOME,3.8267462858951e-07,4.701210519579216e-06,0.008046414676757957,0.0,0.0,0.0,0.0,0.0,0.0,24%
CUST0196025,DECLINED,INSAGFFICIENT_NET_DISPOSABLE_INCOME,3.8267462858951e-07,4.701210519579216e-06,0.008046414676757957,0.0,0.0,0.0,0.0,0.0,0.0,24%
CUST0196081,DECLINED,INSAGFFICIENT_NET_DISPOSABLE_INCOME,3.8267462858951e-07,4.701210519579216e-06,0.008046414676757957,0.0,0.0,0.0,0.0,0.0,0.0,24%
CUST0196092,DECLINED,INSAGFFICIENT_NET_DISPOSABLE_INCOME,3.8267462858951e-07,4.701210519579216e-06,0.008046414676757957,0.0,0.0,0.0,0.0,0.0,0.0,24%
CUST0196128,DECLINED,INSAGFFICIENT_NET_DISPOSABLE_INCOME,3.8267462858951e-07,4.701210519579216e-06,0.008046414676757957,0.0,0.0,0.0,0.0,0.0,0.0,24%
CUST0196267,DECLINED,INSAGFFICIENT_NET_DISPOSABLE_INCOME,3.8267462858951e-07,4.701210519579216e-06,0.008046414676757957,0.0,0.0,0.0,0.0,0.0,0.0,24%
CUST0196288,DECLINED,INSAGFFICIENT_NET_DISPOSABLE_INCOME,3.8267462858951e-07,4.701210519579216e-06,0.008046414676757957,0.0,0.0,0.0,0.0,0.0,0.0,24%
CUST0196401,DECLINED,INSAGFFICIENT_NET_DISPOSABLE_INCOME,3.8267462858951e-07,4.701210519579216e-06,0.008046414676757957,0.0,0.0,0.0,0.0,0.0,0.0,24%
CUST0196549,DECLINED,INSAGFFICIENT_NET_DISPOSABLE_INCOME,3.8267462858951e-07,4.701210519579216e-06,0.008046414676757957,0.0,0.0,0.0,0.0,0.0,0.0,24%
CUST0196647,DECLINED,INSAGFFICIENT_NET_DISPOSABLE_INCOME,3.8267462858951e-07,4.701210519579216e-06,0.008046414676757957,0.0,0.0,0.0,0.0,0.0,0.0,24%
CUST0196737,DECLINED,INSAGFFICIENT_NET_DISPOSABLE_INCOME,5090.087176258842,5384.758584104972,18360.47755816085,0.0,0.0,0.0,0.0,0.0,0.0,24%
CUST0196755,DECLINED,INSAGFFICIENT_NET_DISPOSABLE_INCOME,3.8267462858951e-07,4.701210519579216e-06,0.008046414676757957,0.0,0.0,0.0,0.0,0.0,0.0,24%
CUST0196764,DECLINED,INSAGFFICIENT_NET_DISPOSABLE_INCOME,3.8267462858951e-07,4.701210519579216e-06,0.008046414676757957,0.0,0.0,0.0,0.0,0.0,0.0,24%
CUST0196794,DECLINED,INSAGFFICIENT_NET_DISPOSABLE_INCOME,3.8267462858951e-07,4.701210519579216e-06,0.008046414676757957,0.0,0.0,0.0,0.0,0.0,0.0,24%
CUST0196811,DECLINED,INSAGFFICIENT_NET_DISPOSABLE_INCOME,3.8267462858951e-07,4.701210519579216e-06,0.008046414676757957,0.0,0.0,0.0,0.0,0.0,0.0,24%
CUST0196877,DECLINED,INSAGFFICIENT_NET_DISPOSABLE_INCOME,3.8267462858951e-07,4.701210519579216e-06,0.008046414676757957,0.0,0.0,0.0,0.0,0.0,0.0,24%
CUST0196895,DECLINED,INSAGFFICIENT_NET_DISPOSABLE_INCOME,3.8267462858951e-07,4.701210519579216e-06,0.008046414676757957,0.0,0.0,0.0,0.0,0.0,0.0,24%
CUST0196943,DECLINED,INSAGFFICIENT_NET_DISPOSABLE_INCOME,3.8267462858951e-07,4.701210519579216e-06,0.008046414676757957,0.0,0.0,0.0,0.0,0.0,0.0,24%
CUST0196954,DECLINED,INSAGFFICIENT_NET_DISPOSABLE_INCOME,3.8267462858951e-07,4.701210519579216e-06,0.008046414676757957,0.0,0.0,0.0,0.0,0.0,0.0,24%
CUST0196982,DECLINED,INSAGFFICIENT_NET_DISPOSABLE_INCOME,3.8267462858951e-07,4.701210519579216e-06,0.008046414676757957,0.0,0.0,0.0,0.0,0.0,0.0,24%
CUST0197203,DECLINED,INSAGFFICIENT_NET_DISPOSABLE_INCOME,3.8267462858951e-07,4.701210519579216e-06,0.008046414676757957,0.0,0.0,0.0,0.0,0.0,0.0,24%
CUST0197333,DECLINED,INSAGFFICIENT_NET_DISPOSABLE_INCOME,3.8267462858951e-07,4.701210519579216e-06,0.008046414676757957,0.0,0.0,0.0,0.0,0.0,0.0,24%
CUST0197404,DECLINED,INSAGFFICIENT_NET_DISPOSABLE_INCOME,3.8267462858951e-07,4.701210519579216e-06,0.008046414676757957,0.0,0.0,0.0,0.0,0.0,0.0,24%
CUST0197428,DECLINED,INSAGFFICIENT_NET_DISPOSABLE_INCOME,3.8267462858951e-07,4.701210519579216e-06,0.008046414676757957,0.0,0.0,0.0,0.0,0.0,0.0,24%
CUST0197431,DECLINED,INSAGFFICIENT_NET_DISPOSABLE_INCOME,3.8267462858951e-07,4.701210519579216e-06,0.008046414676757957,0.0,0.0,0.0,0.0,0.0,0.0,24%
CUST0197439,DECLINED,INSAGFFICIENT_NET_DISPOSABLE_INCOME,3.8267462858951e-07,4.701210519579216e-06,0.008046414676757957,0.0,0.0,0.0,0.0,0.0,0.0,24%
CUST0197467,DECLINED,INSAGFFICIENT_NET_DISPOSABLE_INCOME,5251.046725195198,5739.90286842783,18874.41393558609,0.0,0.0,0.0,0.0,0.0,0.0,24%
CUST0197482,DECLINED,INSAGFFICIENT_NET_DISPOSABLE_INCOME,3.8267462858951e-07,4.701210519579216e-06,0.008046414676757957,0.0,0.0,0.0,0.0,0.0,0.0,24%
CUST0197516,DECLINED,INSAGFFICIENT_NET_DISPOSABLE_INCOME,3.8267462858951e-07,4.701210519579216e-06,0.008046414676757957,0.0,0.0,0.0,0.0,0.0,0.0,24%
CUST0197537,DECLINED,INSAGFFICIENT_NET_DISPOSABLE_INCOME,3.8267462858951e-07,4.701210519579216e-06,0.008046414676757957,0.0,0.0,0.0,0.0,0.0,0.0,24%
CUST0197568,DECLINED,INSAGFFICIENT_NET_DISPOSABLE_INCOME,3.8267462858951e-07,4.701210519579216e-06,0.008046414676757957,0.0,0.0,0.0,0.0,0.0,0.0,24%
CUST0197580,DECLINED,INSAGFFICIENT_NET_DISPOSABLE_INCOME,3.8267462858951e-07,4.701210519579216e-06,0.008046414676757957,0.0,0.0,0.0,0.0,0.0,0.0,24%
CUST0197679,DECLINED,INSAGFFICIENT_NET_DISPOSABLE_INCOME,3.8267462858951e-07,4.701210519579216e-06,0.008046414676757957,0.0,0.0,0.0,0.0,0.0,0.0,24%
CUST0197720,DECLINED,INSAGFFICIENT_NET_DISPOSABLE_INCOME,3.8267462858951e-07,4.701210519579216e-06,0.008046414676757957,0.0,0.0,0.0,0.0,0.0,0.0,24%
CUST0197738,DECLINED,INSAGFFICIENT_NET_DISPOSABLE_INCOME,3.8267462858951e-07,4.701210519579216e-06,0.008046414676757957,0.0,0.0,0.0,0.0,0.0,0.0,24%
CUST0197790,DECLINED,INSAGFFICIENT_NET_DISPOSABLE_INCOME,3.8267462858951e-07,4.701210519579216e-06,0.008046414676757957,0.0,0.0,0.0,0.0,0.0,0.0,24%
CUST0197846,DECLINED,INSAGFFICIENT_NET_DISPOSABLE_INCOME,3.8267462858951e-07,4.701210519579216e-06,0.008046414676757957,0.0,0.0,0.0,0.0,0.0,0.0,24%
CUST0197898,DECLINED,INSAGFFICIENT_NET_DISPOSABLE_INCOME,3.8267462858951e-07,4.701210519579216e-06,0.008046414676757957,0.0,0.0,0.0,0.0,0.0,0.0,24%
CUST0197900,DECLINED,INSAGFFICIENT_NET_DISPOSABLE_INCOME,3.8267462858951e-07,4.701210519579216e-06,0.008046414676757957,0.0,0.0,0.0,0.0,0.0,0.0,24%
CUST0197907,DECLINED,INSAGFFICIENT_NET_DISPOSABLE_INCOME,3.8267462858951e-07,4.701210519579216e-06,0.008046414676757957,0.0,0.0,0.0,0.0,0.0,0.0,24%
CUST0197933,DECLINED,INSAGFFICIENT_NET_DISPOSABLE_INCOME,3.8267462858951e-07,4.701210519579216e-06,0.008046414676757957,0.0,0.0,0.0,0.0,0.0,0.0,24%
CUST0198056,DECLINED,INSAGFFICIENT_NET_DISPOSABLE_INCOME,3.8267462858951e-07,4.701210519579216e-06,0.008046414676757957,0.0,0.0,0.0,0.0,0.0,0.0,24%
CUST0198141,DECLINED,INSAGFFICIENT_NET_DISPOSABLE_INCOME,3.8267462858951e-07,4.701210519579216e-06,0.008046414676757957,0.0,0.0,0.0,0.0,0.0,0.0,24%
CUST0198144,DECLINED,INSAGFFICIENT_NET_DISPOSABLE_INCOME,3.8267462858951e-07,4.701210519579216e-06,0.008046414676757957,0.0,0.0,0.0,0.0,0.0,0.0,24%
CUST0198302,DECLINED,INSAGFFICIENT_NET_DISPOSABLE_INCOME,3.8267462858951e-07,4.701210519579216e-06,0.008046414676757957,0.0,0.0,0.0,0.0,0.0,0.0,24%
CUST0198307,DECLINED,INSAGFFICIENT_NET_DISPOSABLE_INCOME,3.8267462858951e-07,4.701210519579216e-06,0.008046414676757957,0.0,0.0,0.0,0.0,0.0,0.0,24%
CUST0198331,DECLINED,INSAGFFICIENT_NET_DISPOSABLE_INCOME,3.8267462858951e-07,4.701210519579216e-06,0.008046414676757957,0.0,0.0,0.0,0.0,0.0,0.0,24%
CUST0198349,DECLINED,INSAGFFICIENT_NET_DISPOSABLE_INCOME,5546.226815637734,6060.734678441268,18822.680834748993,0.0,0.0,0.0,0.0,0.0,0.0,24%
CUST0198431,DECLINED,INSAGFFICIENT_NET_DISPOSABLE_INCOME,3.8267462858951e-07,4.701210519579216e-06,0.008046414676757957,0.0,0.0,0.0,0.0,0.0,0.0,24%
CUST0198509,DECLINED,INSAGFFICIENT_NET_DISPOSABLE_INCOME,3.8267462858951e-07,4.701210519579216e-06,0.008046414676757957,0.0,0.0,0.0,0.0,0.0,0.0,24%
CUST0198543,DECLINED,INSAGFFICIENT_NET_DISPOSABLE_INCOME,3.8267462858951e-07,4.701210519579216e-06,0.008046414676757957,0.0,0.0,0.0,0.0,0.0,0.0,24%
CUST0198558,DECLINED,INSAGFFICIENT_NET_DISPOSABLE_INCOME,3.8267462858951e-07,4.701210519579216e-06,0.008046414676757957,0.0,0.0,0.0,0.0,0.0,0.0,24%
CUST0198632,DECLINED,INSAGFFICIENT_NET_DISPOSABLE_INCOME,3.8267462858951e-07,4.701210519579216e-06,0.008046414676757957,0.0,0.0,0.0,0.0,0.0,0.0,24%
CUST0198719,DECLINED,INSAGFFICIENT_NET_DISPOSABLE_INCOME,3.8267462858951e-07,4.701210519579216e-06,0.008046414676757957,0.0,0.0,0.0,0.0,0.0,0.0,24%
CUST0198787,DECLINED,INSAGFFICIENT_NET_DISPOSABLE_INCOME,3.8267462858951e-07,4.701210519579216e-06,0.008046414676757957,0.0,0.0,0.0,0.0,0.0,0.0,24%
CUST0198910,DECLINED,INSAGFFICIENT_NET_DISPOSABLE_INCOME,3.8267462858951e-07,4.701210519579216e-06,0.008046414676757957,0.0,0.0,0.0,0.0,0.0,0.0,24%
CUST0198918,DECLINED,INSAGFFICIENT_NET_DISPOSABLE_INCOME,3.8267462858951e-07,4.701210519579216e-06,0.008046414676757957,0.0,0.0,0.0,0.0,0.0,0.0,24%
CUST0199030,DECLINED,INSAGFFICIENT_NET_DISPOSABLE_INCOME,3.8267462858951e-07,4.701210519579216e-06,0.008046414676757957,0.0,0.0,0.0,0.0,0.0,0.0,24%
CUST0199190,DECLINED,INSAGFFICIENT_NET_DISPOSABLE_INCOME,3.8267462858951e-07,4.701210519579216e-06,0.008046414676757957,0.0,0.0,0.0,0.0,0.0,0.0,24%
CUST0199289,DECLINED,INSAGFFICIENT_NET_DISPOSABLE_INCOME,3.8267462858951e-07,4.701210519579216e-06,0.008046414676757957,0.0,0.0,0.0,0.0,0.0,0.0,24%
CUST0199419,DECLINED,INSAGFFICIENT_NET_DISPOSABLE_INCOME,3.8267462858951e-07,4.701210519579216e-06,0.008046414676757957,0.0,0.0,0.0,0.0,0.0,0.0,24%
CUST0199422,DECLINED,INSAGFFICIENT_NET_DISPOSABLE_INCOME,3.8267462858951e-07,4.701210519579216e-06,0.008046414676757957,0.0,0.0,0.0,0.0,0.0,0.0,24%
CUST0199465,DECLINED,INSAGFFICIENT_NET_DISPOSABLE_INCOME,3.8267462858951e-07,4.701210519579216e-06,0.008046414676757957,0.0,0.0,0.0,0.0,0.0,0.0,24%
CUST0199543,DECLINED,INSAGFFICIENT_NET_DISPOSABLE_INCOME,3.8267462858951e-07,4.701210519579216e-06,0.008046414676757957,0.0,0.0,0.0,0.0,0.0,0.0,24%
CUST0199644,DECLINED,INSAGFFICIENT_NET_DISPOSABLE_INCOME,3.8267462858951e-07,4.701210519579216e-06,0.008046414676757957,0.0,0.0,0.0,0.0,0.0,0.0,24%
CUST0199842,DECLINED,INSAGFFICIENT_NET_DISPOSABLE_INCOME,3.8267462858951e-07,4.701210519579216e-06,0.008046414676757957,0.0,0.0,0.0,0.0,0.0,0.0,24%
CUST0200234,DECLINED,INSAGFFICIENT_NET_DISPOSABLE_INCOME,5347.929334250239,5453.5157643013745,13476.575527570032,0.0,0.0,0.0,0.0,0.0,0.0,24%
CUST0200236,DECLINED,INSAGFFICIENT_NET_DISPOSABLE_INCOME,3.8267462858951e-07,4.701210519579216e-06,0.008046414676757957,0.0,0.0,0.0,0.0,0.0,0.0,24%
CUST0200368,DECLINED,INSAGFFICIENT_NET_DISPOSABLE_INCOME,3.8267462858951e-07,4.701210519579216e-06,0.008046414676757957,0.0,0.0,0.0,0.0,0.0,0.0,24%
CUST0200371,DECLINED,INSAGFFICIENT_NET_DISPOSABLE_INCOME,5585.782062073187,5796.264298340257,12705.243836963438,0.0,0.0,0.0,0.0,0.0,0.0,24%
CUST0200423,DECLINED,INSAGFFICIENT_NET_DISPOSABLE_INCOME,3.8267462858951e-07,4.701210519579216e-06,0.008046414676757957,0.0,0.0,0.0,0.0,0.0,0.0,24%
CUST0200487,DECLINED,INSAGFFICIENT_NET_DISPOSABLE_INCOME,3.8267462858951e-07,4.701210519579216e-06,0.008046414676757957,0.0,0.0,0.0,0.0,0.0,0.0,24%
CUST0200506,DECLINED,INSAGFFICIENT_NET_DISPOSABLE_INCOME,3.8267462858951e-07,4.701210519579216e-06,0.008046414676757957,0.0,0.0,0.0,0.0,0.0,0.0,24%
CUST0200526,DECLINED,INSAGFFICIENT_NET_DISPOSABLE_INCOME,3.8267462858951e-07,4.701210519579216e-06,0.008046414676757957,0.0,0.0,0.0,0.0,0.0,0.0,24%
CUST0200603,DECLINED,INSAGFFICIENT_NET_DISPOSABLE_INCOME,3.8267462858951e-07,4.701210519579216e-06,0.008046414676757957,0.0,0.0,0.0,0.0,0.0,0.0,24%
CUST0200607,DECLINED,INSAGFFICIENT_NET_DISPOSABLE_INCOME,3.8267462858951e-07,4.701210519579216e-06,0.008046414676757957,0.0,0.0,0.0,0.0,0.0,0.0,24%
CUST0200689,DECLINED,INSAGFFICIENT_NET_DISPOSABLE_INCOME,3.8267462858951e-07,4.701210519579216e-06,0.008046414676757957,0.0,0.0,0.0,0.0,0.0,0.0,24%
CUST0200692,DECLINED,INSAGFFICIENT_NET_DISPOSABLE_INCOME,3.8267462858951e-07,4.701210519579216e-06,0.008046414676757957,0.0,0.0,0.0,0.0,0.0,0.0,24%
CUST0200734,DECLINED,INSAGFFICIENT_NET_DISPOSABLE_INCOME,3.8267462858951e-07,4.701210519579216e-06,0.008046414676757957,0.0,0.0,0.0,0.0,0.0,0.0,24%
CUST0200777,DECLINED,INSAGFFICIENT_NET_DISPOSABLE_INCOME,3.8267462858951e-07,4.701210519579216e-06,0.008046414676757957,0.0,0.0,0.0,0.0,0.0,0.0,24%
CUST0200817,DECLINED,INSAGFFICIENT_NET_DISPOSABLE_INCOME,6516.981430402084,10934.514010294748,15818.25291075471,0.0,0.0,0.0,0.0,0.0,0.0,24%
CUST0200917,DECLINED,INSAGFFICIENT_NET_DISPOSABLE_INCOME,3.8267462858951e-07,4.701210519579216e-06,0.008046414676757957,0.0,0.0,0.0,0.0,0.0,0.0,24%
CUST0200926,DECLINED,INSAGFFICIENT_NET_DISPOSABLE_INCOME,3.8267462858951e-07,4.701210519579216e-06,0.008046414676757957,0.0,0.0,0.0,0.0,0.0,0.0,24%
CUST0200969,DECLINED,INSAGFFICIENT_NET_DISPOSABLE_INCOME,3.8267462858951e-07,4.701210519579216e-06,0.008046414676757957,0.0,0.0,0.0,0.0,0.0,0.0,24%
CUST0201020,DECLINED,INSAGFFICIENT_NET_DISPOSABLE_INCOME,3.8267462858951e-07,4.701210519579216e-06,0.008046414676757957,0.0,0.0,0.0,0.0,0.0,0.0,24%
CUST0201025,DECLINED,INSAGFFICIENT_NET_DISPOSABLE_INCOME,3.8267462858951e-07,4.701210519579216e-06,0.008046414676757957,0.0,0.0,0.0,0.0,0.0,0.0,24%
CUST0201114,DECLINED,INSAGFFICIENT_NET_DISPOSABLE_INCOME,3.8267462858951e-07,4.701210519579216e-06,0.008046414676757957,0.0,0.0,0.0,0.0,0.0,0.0,24%
CUST0201158,DECLINED,INSAGFFICIENT_NET_DISPOSABLE_INCOME,3.8267462858951e-07,4.701210519579216e-06,0.008046414676757957,0.0,0.0,0.0,0.0,0.0,0.0,24%
CUST0201278,DECLINED,INSAGFFICIENT_NET_DISPOSABLE_INCOME,3.8267462858951e-07,4.701210519579216e-06,0.008046414676757957,0.0,0.0,0.0,0.0,0.0,0.0,24%
CUST0201341,DECLINED,INSAGFFICIENT_NET_DISPOSABLE_INCOME,3.8267462858951e-07,4.701210519579216e-06,0.008046414676757957,0.0,0.0,0.0,0.0,0.0,0.0,24%
CUST0201469,DECLINED,INSAGFFICIENT_NET_DISPOSABLE_INCOME,3.8267462858951e-07,4.701210519579216e-06,0.008046414676757957,0.0,0.0,0.0,0.0,0.0,0.0,24%
CUST0201516,DECLINED,INSAGFFICIENT_NET_DISPOSABLE_INCOME,3.8267462858951e-07,4.701210519579216e-06,0.008046414676757957,0.0,0.0,0.0,0.0,0.0,0.0,24%
CUST0201728,DECLINED,INSAGFFICIENT_NET_DISPOSABLE_INCOME,3.8267462858951e-07,4.701210519579216e-06,0.008046414676757957,0.0,0.0,0.0,0.0,0.0,0.0,24%
CUST0201742,DECLINED,INSAGFFICIENT_NET_DISPOSABLE_INCOME,6495.626740396821,8286.367633499705,14307.817653444898,0.0,0.0,0.0,0.0,0.0,0.0,24%
CUST0201755,DECLINED,INSAGFFICIENT_NET_DISPOSABLE_INCOME,3.8267462858951e-07,4.701210519579216e-06,0.008046414676757957,0.0,0.0,0.0,0.0,0.0,0.0,24%
CUST0201769,DECLINED,INSAGFFICIENT_NET_DISPOSABLE_INCOME,6496.151032956467,8419.791331507418,15257.658476970442,0.0,0.0,0.0,0.0,0.0,0.0,24%
CUST0201826,DECLINED,INSAGFFICIENT_NET_DISPOSABLE_INCOME,3.8267462858951e-07,4.701210519579216e-06,0.008046414676757957,0.0,0.0,0.0,0.0,0.0,0.0,24%
CUST0201858,DECLINED,INSAGFFICIENT_NET_DISPOSABLE_INCOME,3.8267462858951e-07,4.701210519579216e-06,0.008046414676757957,0.0,0.0,0.0,0.0,0.0,0.0,24%
CUST0201884,DECLINED,INSAGFFICIENT_NET_DISPOSABLE_INCOME,3.8267462858951e-07,4.701210519579216e-06,0.008046414676757957,0.0,0.0,0.0,0.0,0.0,0.0,24%
CUST0201927,DECLINED,INSAGFFICIENT_NET_DISPOSABLE_INCOME,3.8267462858951e-07,4.701210519579216e-06,0.008046414676757957,0.0,0.0,0.0,0.0,0.0,0.0,24%
CUST0201946,DECLINED,INSAGFFICIENT_NET_DISPOSABLE_INCOME,6417.382763221531,6755.139360262548,18156.63911402742,0.0,0.0,0.0,0.0,0.0,0.0,24%
CUST0202044,DECLINED,INSAGFFICIENT_NET_DISPOSABLE_INCOME,3.8267462858951e-07,4.701210519579216e-06,0.008046414676757957,0.0,0.0,0.0,0.0,0.0,0.0,24%
CUST0202187,DECLINED,INSAGFFICIENT_NET_DISPOSABLE_INCOME,3.8267462858951e-07,4.701210519579216e-06,0.008046414676757957,0.0,0.0,0.0,0.0,0.0,0.0,24%
CUST0202196,DECLINED,INSAGFFICIENT_NET_DISPOSABLE_INCOME,3.8267462858951e-07,4.701210519579216e-06,0.008046414676757957,0.0,0.0,0.0,0.0,0.0,0.0,24%
CUST0202211,DECLINED,INSAGFFICIENT_NET_DISPOSABLE_INCOME,3.8267462858951e-07,4.701210519579216e-06,0.008046414676757957,0.0,0.0,0.0,0.0,0.0,0.0,24%
CUST0202384,DECLINED,INSAGFFICIENT_NET_DISPOSABLE_INCOME,3.8267462858951e-07,4.701210519579216e-06,0.008046414676757957,0.0,0.0,0.0,0.0,0.0,0.0,24%
CUST0202536,DECLINED,INSAGFFICIENT_NET_DISPOSABLE_INCOME,3.8267462858951e-07,4.701210519579216e-06,0.008046414676757957,0.0,0.0,0.0,0.0,0.0,0.0,24%
CUST0202635,DECLINED,INSAGFFICIENT_NET_DISPOSABLE_INCOME,6447.879495938466,6744.631455425023,18156.63911402742,0.0,0.0,0.0,0.0,0.0,0.0,24%
CUST0202778,DECLINED,INSAGFFICIENT_NET_DISPOSABLE_INCOME,3.8267462858951e-07,4.701210519579216e-06,0.008046414676757957,0.0,0.0,0.0,0.0,0.0,0.0,24%
CUST0202797,DECLINED,INSAGFFICIENT_NET_DISPOSABLE_INCOME,3.8267462858951e-07,4.701210519579216e-06,0.008046414676757957,0.0,0.0,0.0,0.0,0.0,0.0,24%
CUST0202809,DECLINED,INSAGFFICIENT_NET_DISPOSABLE_INCOME,3.8267462858951e-07,4.701210519579216e-06,0.008046414676757957,0.0,0.0,0.0,0.0,0.0,0.0,24%
CUST0202848,DECLINED,INSAGFFICIENT_NET_DISPOSABLE_INCOME,6261.72704765542,6305.834212342152,18740.220629369203,0.0,0.0,0.0,0.0,0.0,0.0,24%
CUST0202856,DECLINED,INSAGFFICIENT_NET_DISPOSABLE_INCOME,3.8267462858951e-07,4.701210519579216e-06,0.008046414676757957,0.0,0.0,0.0,0.0,0.0,0.0,24%
CUST0202897,DECLINED,INSAGFFICIENT_NET_DISPOSABLE_INCOME,3.8267462858951e-07,4.701210519579216e-06,0.008046414676757957,0.0,0.0,0.0,0.0,0.0,0.0,24%
CUST0202914,DECLINED,INSAGFFICIENT_NET_DISPOSABLE_INCOME,3.8267462858951e-07,4.701210519579216e-06,0.008046414676757957,0.0,0.0,0.0,0.0,0.0,0.0,24%
CUST0202952,DECLINED,INSAGFFICIENT_NET_DISPOSABLE_INCOME,3.8267462858951e-07,4.701210519579216e-06,0.008046414676757957,0.0,0.0,0.0,0.0,0.0,0.0,24%
CUST0202958,DECLINED,INSAGFFICIENT_NET_DISPOSABLE_INCOME,3.8267462858951e-07,4.701210519579216e-06,0.008046414676757957,0.0,0.0,0.0,0.0,0.0,0.0,24%
CUST0202964,DECLINED,INSAGFFICIENT_NET_DISPOSABLE_INCOME,5992.68241705242,6877.0888237797935,13331.196782682884,0.0,0.0,0.0,0.0,0.0,0.0,24%
CUST0202972,DECLINED,INSAGFFICIENT_NET_DISPOSABLE_INCOME,3.8267462858951e-07,4.701210519579216e-06,0.008046414676757957,0.0,0.0,0.0,0.0,0.0,0.0,24%
CUST0203101,DECLINED,INSAGFFICIENT_NET_DISPOSABLE_INCOME,3.8267462858951e-07,4.701210519579216e-06,0.008046414676757957,0.0,0.0,0.0,0.0,0.0,0.0,24%
CUST0203148,DECLINED,INSAGFFICIENT_NET_DISPOSABLE_INCOME,3.8267462858951e-07,4.701210519579216e-06,0.008046414676757957,0.0,0.0,0.0,0.0,0.0,0.0,24%
CUST0203176,DECLINED,INSAGFFICIENT_NET_DISPOSABLE_INCOME,3.8267462858951e-07,4.701210519579216e-06,0.008046414676757957,0.0,0.0,0.0,0.0,0.0,0.0,24%
CUST0203200,DECLINED,INSAGFFICIENT_NET_DISPOSABLE_INCOME,5470.344058187764,5942.197391074464,12363.536989682325,0.0,0.0,0.0,0.0,0.0,0.0,24%
CUST0203203,DECLINED,INSAGFFICIENT_NET_DISPOSABLE_INCOME,3.8267462858951e-07,4.701210519579216e-06,0.008046414676757957,0.0,0.0,0.0,0.0,0.0,0.0,24%
CUST0203234,DECLINED,INSAGFFICIENT_NET_DISPOSABLE_INCOME,3.8267462858951e-07,4.701210519579216e-06,0.008046414676757957,0.0,0.0,0.0,0.0,0.0,0.0,24%
CUST0203236,DECLINED,INSAGFFICIENT_NET_DISPOSABLE_INCOME,3.8267462858951e-07,4.701210519579216e-06,0.008046414676757957,0.0,0.0,0.0,0.0,0.0,0.0,24%
CUST0203237,DECLINED,INSAGFFICIENT_NET_DISPOSABLE_INCOME,3.8267462858951e-07,4.701210519579216e-06,0.008046414676757957,0.0,0.0,0.0,0.0,0.0,0.0,24%
CUST0203241,DECLINED,INSAGFFICIENT_NET_DISPOSABLE_INCOME,3.8267462858951e-07,4.701210519579216e-06,0.008046414676757957,0.0,0.0,0.0,0.0,0.0,0.0,24%
CUST0203293,DECLINED,INSAGFFICIENT_NET_DISPOSABLE_INCOME,3.8267462858951e-07,4.701210519579216e-06,0.008046414676757957,0.0,0.0,0.0,0.0,0.0,0.0,24%
CUST0203312,DECLINED,INSAGFFICIENT_NET_DISPOSABLE_INCOME,6346.925270608657,7984.214216993691,14761.347537861822,0.0,0.0,0.0,0.0,0.0,0.0,24%
CUST0203396,DECLINED,INSAGFFICIENT_NET_DISPOSABLE_INCOME,3.8267462858951e-07,4.701210519579216e-06,0.008046414676757957,0.0,0.0,0.0,0.0,0.0,0.0,24%
CUST0203476,DECLINED,INSAGFFICIENT_NET_DISPOSABLE_INCOME,3.8267462858951e-07,4.701210519579216e-06,0.008046414676757957,0.0,0.0,0.0,0.0,0.0,0.0,24%
CUST0203555,DECLINED,INSAGFFICIENT_NET_DISPOSABLE_INCOME,6575.797523890826,7097.659833420939,18889.634156727454,0.0,0.0,0.0,0.0,0.0,0.0,24%
CUST0203564,DECLINED,INSAGFFICIENT_NET_DISPOSABLE_INCOME,3.8267462858951e-07,4.701210519579216e-06,0.008046414676757957,0.0,0.0,0.0,0.0,0.0,0.0,24%
CUST0203641,DECLINED,INSAGFFICIENT_NET_DISPOSABLE_INCOME,3.8267462858951e-07,4.701210519579216e-06,0.008046414676757957,0.0,0.0,0.0,0.0,0.0,0.0,24%
CUST0203694,DECLINED,INSAGFFICIENT_NET_DISPOSABLE_INCOME,4748.4900401298355,5093.953590667486,11603.145217717332,0.0,0.0,0.0,0.0,0.0,0.0,24%
CUST0203706,DECLINED,INSAGFFICIENT_NET_DISPOSABLE_INCOME,3.8267462858951e-07,4.701210519579216e-06,0.008046414676757957,0.0,0.0,0.0,0.0,0.0,0.0,24%
CUST0203764,DECLINED,INSAGFFICIENT_NET_DISPOSABLE_INCOME,3.8267462858951e-07,4.701210519579216e-06,0.008046414676757957,0.0,0.0,0.0,0.0,0.0,0.0,24%
CUST0203770,DECLINED,INSAGFFICIENT_NET_DISPOSABLE_INCOME,3.8267462858951e-07,4.701210519579216e-06,0.008046414676757957,0.0,0.0,0.0,0.0,0.0,0.0,24%
CUST0203843,DECLINED,INSAGFFICIENT_NET_DISPOSABLE_INCOME,3.8267462858951e-07,4.701210519579216e-06,0.008046414676757957,0.0,0.0,0.0,0.0,0.0,0.0,24%
CUST0203920,DECLINED,INSAGFFICIENT_NET_DISPOSABLE_INCOME,3.8267462858951e-07,4.701210519579216e-06,0.008046414676757957,0.0,0.0,0.0,0.0,0.0,0.0,24%
CUST0203954,DECLINED,INSAGFFICIENT_NET_DISPOSABLE_INCOME,3.8267462858951e-07,4.701210519579216e-06,0.008046414676757957,0.0,0.0,0.0,0.0,0.0,0.0,24%
CUST0203997,DECLINED,INSAGFFICIENT_NET_DISPOSABLE_INCOME,6001.375229306301,6998.340113045739,13878.022107466726,0.0,0.0,0.0,0.0,0.0,0.0,24%
CUST0204176,DECLINED,INSAGFFICIENT_NET_DISPOSABLE_INCOME,3.8267462858951e-07,4.701210519579216e-06,0.008046414676757957,0.0,0.0,0.0,0.0,0.0,0.0,24%
CUST0204271,DECLINED,INSAGFFICIENT_NET_DISPOSABLE_INCOME,3.8267462858951e-07,4.701210519579216e-06,0.008046414676757957,0.0,0.0,0.0,0.0,0.0,0.0,24%
CUST0204335,DECLINED,INSAGFFICIENT_NET_DISPOSABLE_INCOME,3.8267462858951e-07,4.701210519579216e-06,0.008046414676757957,0.0,0.0,0.0,0.0,0.0,0.0,24%
CUST0204449,DECLINED,INSAGFFICIENT_NET_DISPOSABLE_INCOME,3.8267462858951e-07,4.701210519579216e-06,0.008046414676757957,0.0,0.0,0.0,0.0,0.0,0.0,24%
CUST0204539,DECLINED,INSAGFFICIENT_NET_DISPOSABLE_INCOME,3.8267462858951e-07,4.701210519579216e-06,0.008046414676757957,0.0,0.0,0.0,0.0,0.0,0.0,24%
CUST0204613,DECLINED,INSAGFFICIENT_NET_DISPOSABLE_INCOME,3.8267462858951e-07,4.701210519579216e-06,0.008046414676757957,0.0,0.0,0.0,0.0,0.0,0.0,24%
CUST0204620,DECLINED,INSAGFFICIENT_NET_DISPOSABLE_INCOME,3.8267462858951e-07,4.701210519579216e-06,0.008046414676757957,0.0,0.0,0.0,0.0,0.0,0.0,24%
CUST0204703,DECLINED,INSAGFFICIENT_NET_DISPOSABLE_INCOME,3.8267462858951e-07,4.701210519579216e-06,0.008046414676757957,0.0,0.0,0.0,0.0,0.0,0.0,24%
CUST0204736,DECLINED,INSAGFFICIENT_NET_DISPOSABLE_INCOME,3.8267462858951e-07,4.701210519579216e-06,0.008046414676757957,0.0,0.0,0.0,0.0,0.0,0.0,24%
CUST0204752,DECLINED,INSAGFFICIENT_NET_DISPOSABLE_INCOME,3.8267462858951e-07,4.701210519579216e-06,0.008046414676757957,0.0,0.0,0.0,0.0,0.0,0.0,24%
CUST0204797,DECLINED,INSAGFFICIENT_NET_DISPOSABLE_INCOME,3.8267462858951e-07,4.701210519579216e-06,0.008046414676757957,0.0,0.0,0.0,0.0,0.0,0.0,24%
CUST0204799,DECLINED,INSAGFFICIENT_NET_DISPOSABLE_INCOME,3.8267462858951e-07,4.701210519579216e-06,0.008046414676757957,0.0,0.0,0.0,0.0,0.0,0.0,24%
CUST0204834,DECLINED,INSAGFFICIENT_NET_DISPOSABLE_INCOME,3.8267462858951e-07,4.701210519579216e-06,0.008046414676757957,0.0,0.0,0.0,0.0,0.0,0.0,24%
CUST0204897,DECLINED,INSAGFFICIENT_NET_DISPOSABLE_INCOME,3.8267462858951e-07,4.701210519579216e-06,0.008046414676757957,0.0,0.0,0.0,0.0,0.0,0.0,24%
CUST0204954,DECLINED,INSAGFFICIENT_NET_DISPOSABLE_INCOME,3.8267462858951e-07,4.701210519579216e-06,0.008046414676757957,0.0,0.0,0.0,0.0,0.0,0.0,24%
CUST0204956,DECLINED,INSAGFFICIENT_NET_DISPOSABLE_INCOME,3.8267462858951e-07,4.701210519579216e-06,0.008046414676757957,0.0,0.0,0.0,0.0,0.0,0.0,24%
CUST0204957,DECLINED,INSAGFFICIENT_NET_DISPOSABLE_INCOME,4093.9892013086087,4385.6836037544745,18144.099091416552,0.0,0.0,0.0,0.0,0.0,0.0,24%
CUST0205042,DECLINED,INSAGFFICIENT_NET_DISPOSABLE_INCOME,6458.355510882944,7853.090144454201,14192.007114007296,0.0,0.0,0.0,0.0,0.0,0.0,24%
CUST0205258,DECLINED,INSAGFFICIENT_NET_DISPOSABLE_INCOME,3.8267462858951e-07,4.701210519579216e-06,0.008046414676757957,0.0,0.0,0.0,0.0,0.0,0.0,24%
CUST0205294,DECLINED,INSAGFFICIENT_NET_DISPOSABLE_INCOME,6460.419508990394,6676.654985689752,17981.448968937468,0.0,0.0,0.0,0.0,0.0,0.0,24%
CUST0205424,DECLINED,INSAGFFICIENT_NET_DISPOSABLE_INCOME,3.8267462858951e-07,4.701210519579216e-06,0.008046414676757957,0.0,0.0,0.0,0.0,0.0,0.0,24%
CUST0205549,DECLINED,INSAGFFICIENT_NET_DISPOSABLE_INCOME,3.8267462858951e-07,4.701210519579216e-06,0.008046414676757957,0.0,0.0,0.0,0.0,0.0,0.0,24%
CUST0205677,DECLINED,INSAGFFICIENT_NET_DISPOSABLE_INCOME,3.8267462858951e-07,4.701210519579216e-06,0.008046414676757957,0.0,0.0,0.0,0.0,0.0,0.0,24%
CUST0205680,DECLINED,INSAGFFICIENT_NET_DISPOSABLE_INCOME,3.8267462858951e-07,4.701210519579216e-06,0.008046414676757957,0.0,0.0,0.0,0.0,0.0,0.0,24%
CUST0205681,DECLINED,INSAGFFICIENT_NET_DISPOSABLE_INCOME,3.8267462858951e-07,4.701210519579216e-06,0.008046414676757957,0.0,0.0,0.0,0.0,0.0,0.0,24%
CUST0205705,DECLINED,INSAGFFICIENT_NET_DISPOSABLE_INCOME,3.8267462858951e-07,4.701210519579216e-06,0.008046414676757957,0.0,0.0,0.0,0.0,0.0,0.0,24%
CUST0205759,DECLINED,INSAGFFICIENT_NET_DISPOSABLE_INCOME,3.8267462858951e-07,4.701210519579216e-06,0.008046414676757957,0.0,0.0,0.0,0.0,0.0,0.0,24%
CUST0205777,DECLINED,INSAGFFICIENT_NET_DISPOSABLE_INCOME,3.8267462858951e-07,4.701210519579216e-06,0.008046414676757957,0.0,0.0,0.0,0.0,0.0,0.0,24%
CUST0205810,DECLINED,INSAGFFICIENT_NET_DISPOSABLE_INCOME,3.8267462858951e-07,4.701210519579216e-06,0.008046414676757957,0.0,0.0,0.0,0.0,0.0,0.0,24%
CUST0205823,DECLINED,INSAGFFICIENT_NET_DISPOSABLE_INCOME,3.8267462858951e-07,4.701210519579216e-06,0.008046414676757957,0.0,0.0,0.0,0.0,0.0,0.0,24%
CUST0205827,DECLINED,INSAGFFICIENT_NET_DISPOSABLE_INCOME,3.8267462858951e-07,4.701210519579216e-06,0.008046414676757957,0.0,0.0,0.0,0.0,0.0,0.0,24%
CUST0205887,DECLINED,INSAGFFICIENT_NET_DISPOSABLE_INCOME,3.8267462858951e-07,4.701210519579216e-06,0.008046414676757957,0.0,0.0,0.0,0.0,0.0,0.0,24%
CUST0205896,DECLINED,INSAGFFICIENT_NET_DISPOSABLE_INCOME,3.8267462858951e-07,4.701210519579216e-06,0.008046414676757957,0.0,0.0,0.0,0.0,0.0,0.0,24%
CUST0205911,DECLINED,INSAGFFICIENT_NET_DISPOSABLE_INCOME,3.8267462858951e-07,4.701210519579216e-06,0.008046414676757957,0.0,0.0,0.0,0.0,0.0,0.0,24%
CUST0205949,DECLINED,INSAGFFICIENT_NET_DISPOSABLE_INCOME,3.8267462858951e-07,4.701210519579216e-06,0.008046414676757957,0.0,0.0,0.0,0.0,0.0,0.0,24%
CUST0205980,DECLINED,INSAGFFICIENT_NET_DISPOSABLE_INCOME,3.8267462858951e-07,4.701210519579216e-06,0.008046414676757957,0.0,0.0,0.0,0.0,0.0,0.0,24%
CUST0206087,DECLINED,INSAGFFICIENT_NET_DISPOSABLE_INCOME,3.8267462858951e-07,4.701210519579216e-06,0.008046414676757957,0.0,0.0,0.0,0.0,0.0,0.0,24%
CUST0206133,DECLINED,INSAGFFICIENT_NET_DISPOSABLE_INCOME,3.8267462858951e-07,4.701210519579216e-06,0.008046414676757957,0.0,0.0,0.0,0.0,0.0,0.0,24%
CUST0206154,DECLINED,INSAGFFICIENT_NET_DISPOSABLE_INCOME,3.8267462858951e-07,4.701210519579216e-06,0.008046414676757957,0.0,0.0,0.0,0.0,0.0,0.0,24%
CUST0206171,DECLINED,INSAGFFICIENT_NET_DISPOSABLE_INCOME,3.8267462858951e-07,4.701210519579216e-06,0.008046414676757957,0.0,0.0,0.0,0.0,0.0,0.0,24%
CUST0206206,DECLINED,INSAGFFICIENT_NET_DISPOSABLE_INCOME,3.8267462858951e-07,4.701210519579216e-06,0.008046414676757957,0.0,0.0,0.0,0.0,0.0,0.0,24%
CUST0206299,DECLINED,INSAGFFICIENT_NET_DISPOSABLE_INCOME,6225.552004788217,6998.340479076543,21815.33824498273,0.0,0.0,0.0,0.0,0.0,0.0,24%
CUST0206376,DECLINED,INSAGFFICIENT_NET_DISPOSABLE_INCOME,3.8267462858951e-07,4.701210519579216e-06,0.008046414676757957,0.0,0.0,0.0,0.0,0.0,0.0,24%
CUST0206432,DECLINED,INSAGFFICIENT_NET_DISPOSABLE_INCOME,3.8267462858951e-07,4.701210519579216e-06,0.008046414676757957,0.0,0.0,0.0,0.0,0.0,0.0,24%
CUST0206629,DECLINED,INSAGFFICIENT_NET_DISPOSABLE_INCOME,3.8267462858951e-07,4.701210519579216e-06,0.008046414676757957,0.0,0.0,0.0,0.0,0.0,0.0,24%
CUST0206701,DECLINED,INSAGFFICIENT_NET_DISPOSABLE_INCOME,3.8267462858951e-07,4.701210519579216e-06,0.008046414676757957,0.0,0.0,0.0,0.0,0.0,0.0,24%
CUST0206723,DECLINED,INSAGFFICIENT_NET_DISPOSABLE_INCOME,3.8267462858951e-07,4.701210519579216e-06,0.008046414676757957,0.0,0.0,0.0,0.0,0.0,0.0,24%
CUST0206752,DECLINED,INSAGFFICIENT_NET_DISPOSABLE_INCOME,3.8267462858951e-07,4.701210519579216e-06,0.008046414676757957,0.0,0.0,0.0,0.0,0.0,0.0,24%
CUST0206766,DECLINED,INSAGFFICIENT_NET_DISPOSABLE_INCOME,3.8267462858951e-07,4.701210519579216e-06,0.008046414676757957,0.0,0.0,0.0,0.0,0.0,0.0,24%
CUST0206830,DECLINED,INSAGFFICIENT_NET_DISPOSABLE_INCOME,3.8267462858951e-07,4.701210519579216e-06,0.008046414676757957,0.0,0.0,0.0,0.0,0.0,0.0,24%
CUST0206865,DECLINED,INSAGFFICIENT_NET_DISPOSABLE_INCOME,3.8267462858951e-07,4.701210519579216e-06,0.008046414676757957,0.0,0.0,0.0,0.0,0.0,0.0,24%
CUST0206988,DECLINED,INSAGFFICIENT_NET_DISPOSABLE_INCOME,3.8267462858951e-07,4.701210519579216e-06,0.008046414676757957,0.0,0.0,0.0,0.0,0.0,0.0,24%
CUST0207055,DECLINED,INSAGFFICIENT_NET_DISPOSABLE_INCOME,3.8267462858951e-07,4.701210519579216e-06,0.008046414676757957,0.0,0.0,0.0,0.0,0.0,0.0,24%
CUST0207067,DECLINED,INSAGFFICIENT_NET_DISPOSABLE_INCOME,3.8267462858951e-07,4.701210519579216e-06,0.008046414676757957,0.0,0.0,0.0,0.0,0.0,0.0,24%
CUST0207091,DECLINED,INSAGFFICIENT_NET_DISPOSABLE_INCOME,3902.8171110397566,20106.97126991227,36163.55800138149,0.0,0.0,0.0,0.0,0.0,0.0,24%
CUST0207130,DECLINED,INSAGFFICIENT_NET_DISPOSABLE_INCOME,3.8267462858951e-07,4.701210519579216e-06,0.008046414676757957,0.0,0.0,0.0,0.0,0.0,0.0,24%
CUST0207152,DECLINED,INSAGFFICIENT_NET_DISPOSABLE_INCOME,3.8267462858951e-07,4.701210519579216e-06,0.008046414676757957,0.0,0.0,0.0,0.0,0.0,0.0,24%
CUST0207174,DECLINED,INSAGFFICIENT_NET_DISPOSABLE_INCOME,3.8267462858951e-07,4.701210519579216e-06,0.008046414676757957,0.0,0.0,0.0,0.0,0.0,0.0,24%
CUST0207182,DECLINED,INSAGFFICIENT_NET_DISPOSABLE_INCOME,3.8267462858951e-07,4.701210519579216e-06,0.008046414676757957,0.0,0.0,0.0,0.0,0.0,0.0,24%
CUST0207326,DECLINED,INSAGFFICIENT_NET_DISPOSABLE_INCOME,3.8267462858951e-07,4.701210519579216e-06,0.008046414676757957,0.0,0.0,0.0,0.0,0.0,0.0,24%
CUST0207344,DECLINED,INSAGFFICIENT_NET_DISPOSABLE_INCOME,3.8267462858951e-07,4.701210519579216e-06,0.008046414676757957,0.0,0.0,0.0,0.0,0.0,0.0,24%
CUST0207360,DECLINED,INSAGFFICIENT_NET_DISPOSABLE_INCOME,3.8267462858951e-07,4.701210519579216e-06,0.008046414676757957,0.0,0.0,0.0,0.0,0.0,0.0,24%
CUST0207394,DECLINED,INSAGFFICIENT_NET_DISPOSABLE_INCOME,3.8267462858951e-07,4.701210519579216e-06,0.008046414676757957,0.0,0.0,0.0,0.0,0.0,0.0,24%
CUST0207406,DECLINED,INSAGFFICIENT_NET_DISPOSABLE_INCOME,3.8267462858951e-07,4.701210519579216e-06,0.008046414676757957,0.0,0.0,0.0,0.0,0.0,0.0,24%
CUST0207424,DECLINED,INSAGFFICIENT_NET_DISPOSABLE_INCOME,3.8267462858951e-07,4.701210519579216e-06,0.008046414676757957,0.0,0.0,0.0,0.0,0.0,0.0,24%
CUST0207432,DECLINED,INSAGFFICIENT_NET_DISPOSABLE_INCOME,4354.281506431088,4518.372649482721,18768.62141142325,0.0,0.0,0.0,0.0,0.0,0.0,24%
CUST0207454,DECLINED,INSAGFFICIENT_NET_DISPOSABLE_INCOME,3.8267462858951e-07,4.701210519579216e-06,0.008046414676757957,0.0,0.0,0.0,0.0,0.0,0.0,24%
CUST0207478,DECLINED,INSAGFFICIENT_NET_DISPOSABLE_INCOME,5589.317642349893,5615.851571851231,22439.724723061077,0.0,0.0,0.0,0.0,0.0,0.0,24%
CUST0207510,DECLINED,INSAGFFICIENT_NET_DISPOSABLE_INCOME,3.8267462858951e-07,4.701210519579216e-06,0.008046414676757957,0.0,0.0,0.0,0.0,0.0,0.0,24%
CUST0207528,DECLINED,INSAGFFICIENT_NET_DISPOSABLE_INCOME,3.8267462858951e-07,4.701210519579216e-06,0.008046414676757957,0.0,0.0,0.0,0.0,0.0,0.0,24%
CUST0207646,DECLINED,INSAGFFICIENT_NET_DISPOSABLE_INCOME,3.8267462858951e-07,4.701210519579216e-06,0.008046414676757957,0.0,0.0,0.0,0.0,0.0,0.0,24%
CUST0207713,DECLINED,INSAGFFICIENT_NET_DISPOSABLE_INCOME,3.8267462858951e-07,4.701210519579216e-06,0.008046414676757957,0.0,0.0,0.0,0.0,0.0,0.0,24%
CUST0207798,DECLINED,INSAGFFICIENT_NET_DISPOSABLE_INCOME,3.8267462858951e-07,4.701210519579216e-06,0.008046414676757957,0.0,0.0,0.0,0.0,0.0,0.0,24%
CUST0207803,DECLINED,INSAGFFICIENT_NET_DISPOSABLE_INCOME,3.8267462858951e-07,4.701210519579216e-06,0.008046414676757957,0.0,0.0,0.0,0.0,0.0,0.0,24%
CUST0207828,DECLINED,INSAGFFICIENT_NET_DISPOSABLE_INCOME,3.8267462858951e-07,4.701210519579216e-06,0.008046414676757957,0.0,0.0,0.0,0.0,0.0,0.0,24%
CUST0207839,DECLINED,INSAGFFICIENT_NET_DISPOSABLE_INCOME,3.8267462858951e-07,4.701210519579216e-06,0.008046414676757957,0.0,0.0,0.0,0.0,0.0,0.0,24%
CUST0208040,DECLINED,INSAGFFICIENT_NET_DISPOSABLE_INCOME,3.8267462858951e-07,4.701210519579216e-06,0.008046414676757957,0.0,0.0,0.0,0.0,0.0,0.0,24%
CUST0208100,DECLINED,INSAGFFICIENT_NET_DISPOSABLE_INCOME,3.8267462858951e-07,4.701210519579216e-06,0.008046414676757957,0.0,0.0,0.0,0.0,0.0,0.0,24%
CUST0208305,DECLINED,INSAGFFICIENT_NET_DISPOSABLE_INCOME,3.8267462858951e-07,4.701210519579216e-06,0.008046414676757957,0.0,0.0,0.0,0.0,0.0,0.0,24%
CUST0208310,DECLINED,INSAGFFICIENT_NET_DISPOSABLE_INCOME,3.8267462858951e-07,4.701210519579216e-06,0.008046414676757957,0.0,0.0,0.0,0.0,0.0,0.0,24%
CUST0208384,DECLINED,INSAGFFICIENT_NET_DISPOSABLE_INCOME,3.8267462858951e-07,4.701210519579216e-06,0.008046414676757957,0.0,0.0,0.0,0.0,0.0,0.0,24%
CUST0208387,DECLINED,INSAGFFICIENT_NET_DISPOSABLE_INCOME,3.8267462858951e-07,4.701210519579216e-06,0.008046414676757957,0.0,0.0,0.0,0.0,0.0,0.0,24%
CUST0208405,DECLINED,INSAGFFICIENT_NET_DISPOSABLE_INCOME,3.8267462858951e-07,4.701210519579216e-06,0.008046414676757957,0.0,0.0,0.0,0.0,0.0,0.0,24%
CUST0208421,DECLINED,INSAGFFICIENT_NET_DISPOSABLE_INCOME,3.8267462858951e-07,4.701210519579216e-06,0.008046414676757957,0.0,0.0,0.0,0.0,0.0,0.0,24%
CUST0208427,DECLINED,INSAGFFICIENT_NET_DISPOSABLE_INCOME,3.8267462858951e-07,4.701210519579216e-06,0.008046414676757957,0.0,0.0,0.0,0.0,0.0,0.0,24%
CUST0208459,DECLINED,INSAGFFICIENT_NET_DISPOSABLE_INCOME,3.8267462858951e-07,4.701210519579216e-06,0.008046414676757957,0.0,0.0,0.0,0.0,0.0,0.0,24%
CUST0208537,DECLINED,INSAGFFICIENT_NET_DISPOSABLE_INCOME,6387.493894871122,7001.563793991644,16848.660094694787,0.0,0.0,0.0,0.0,0.0,0.0,24%
CUST0208616,DECLINED,INSAGFFICIENT_NET_DISPOSABLE_INCOME,3.8267462858951e-07,4.701210519579216e-06,0.008046414676757957,0.0,0.0,0.0,0.0,0.0,0.0,24%
CUST0208709,DECLINED,INSAGFFICIENT_NET_DISPOSABLE_INCOME,3.8267462858951e-07,4.701210519579216e-06,0.008046414676757957,0.0,0.0,0.0,0.0,0.0,0.0,24%
CUST0208740,DECLINED,INSAGFFICIENT_NET_DISPOSABLE_INCOME,3.8267462858951e-07,4.701210519579216e-06,0.008046414676757957,0.0,0.0,0.0,0.0,0.0,0.0,24%
CUST0208826,DECLINED,INSAGFFICIENT_NET_DISPOSABLE_INCOME,3.8267462858951e-07,4.701210519579216e-06,0.008046414676757957,0.0,0.0,0.0,0.0,0.0,0.0,24%
CUST0208940,DECLINED,INSAGFFICIENT_NET_DISPOSABLE_INCOME,3.8267462858951e-07,4.701210519579216e-06,0.008046414676757957,0.0,0.0,0.0,0.0,0.0,0.0,24%
CUST0208968,DECLINED,INSAGFFICIENT_NET_DISPOSABLE_INCOME,5521.483231796183,5573.190029877108,21780.974090441206,0.0,0.0,0.0,0.0,0.0,0.0,24%
CUST0209004,DECLINED,INSAGFFICIENT_NET_DISPOSABLE_INCOME,3.8267462858951e-07,4.701210519579216e-06,0.008046414676757957,0.0,0.0,0.0,0.0,0.0,0.0,24%
CUST0209012,DECLINED,INSAGFFICIENT_NET_DISPOSABLE_INCOME,6510.003590907364,10802.975859053638,15818.25291075471,0.0,0.0,0.0,0.0,0.0,0.0,24%
CUST0209039,DECLINED,INSAGFFICIENT_NET_DISPOSABLE_INCOME,3.8267462858951e-07,4.701210519579216e-06,0.008046414676757957,0.0,0.0,0.0,0.0,0.0,0.0,24%
CUST0209078,DECLINED,INSAGFFICIENT_NET_DISPOSABLE_INCOME,3.8267462858951e-07,4.701210519579216e-06,0.008046414676757957,0.0,0.0,0.0,0.0,0.0,0.0,24%
CUST0209149,DECLINED,INSAGFFICIENT_NET_DISPOSABLE_INCOME,5226.223435345587,5595.248923017828,18387.03915206679,0.0,0.0,0.0,0.0,0.0,0.0,24%
CUST0209243,DECLINED,INSAGFFICIENT_NET_DISPOSABLE_INCOME,3.8267462858951e-07,4.701210519579216e-06,0.008046414676757957,0.0,0.0,0.0,0.0,0.0,0.0,24%
CUST0209300,DECLINED,INSAGFFICIENT_NET_DISPOSABLE_INCOME,3.8267462858951e-07,4.701210519579216e-06,0.008046414676757957,0.0,0.0,0.0,0.0,0.0,0.0,24%
CUST0209332,DECLINED,INSAGFFICIENT_NET_DISPOSABLE_INCOME,3.8267462858951e-07,4.701210519579216e-06,0.008046414676757957,0.0,0.0,0.0,0.0,0.0,0.0,24%
CUST0209338,DECLINED,INSAGFFICIENT_NET_DISPOSABLE_INCOME,6543.526466587132,7110.358637116299,17967.11194247164,0.0,0.0,0.0,0.0,0.0,0.0,24%
CUST0209349,DECLINED,INSAGFFICIENT_NET_DISPOSABLE_INCOME,3.8267462858951e-07,4.701210519579216e-06,0.008046414676757957,0.0,0.0,0.0,0.0,0.0,0.0,24%
CUST0209475,DECLINED,INSAGFFICIENT_NET_DISPOSABLE_INCOME,3.8267462858951e-07,4.701210519579216e-06,0.008046414676757957,0.0,0.0,0.0,0.0,0.0,0.0,24%
CUST0209553,DECLINED,INSAGFFICIENT_NET_DISPOSABLE_INCOME,3.8267462858951e-07,4.701210519579216e-06,0.008046414676757957,0.0,0.0,0.0,0.0,0.0,0.0,24%
CUST0209565,DECLINED,INSAGFFICIENT_NET_DISPOSABLE_INCOME,3.8267462858951e-07,4.701210519579216e-06,0.008046414676757957,0.0,0.0,0.0,0.0,0.0,0.0,24%
CUST0209603,DECLINED,INSAGFFICIENT_NET_DISPOSABLE_INCOME,3.8267462858951e-07,4.701210519579216e-06,0.008046414676757957,0.0,0.0,0.0,0.0,0.0,0.0,24%
CUST0209635,DECLINED,INSAGFFICIENT_NET_DISPOSABLE_INCOME,3.8267462858951e-07,4.701210519579216e-06,0.008046414676757957,0.0,0.0,0.0,0.0,0.0,0.0,24%
CUST0209638,DECLINED,INSAGFFICIENT_NET_DISPOSABLE_INCOME,3.8267462858951e-07,4.701210519579216e-06,0.008046414676757957,0.0,0.0,0.0,0.0,0.0,0.0,24%
CUST0209656,DECLINED,INSAGFFICIENT_NET_DISPOSABLE_INCOME,3.8267462858951e-07,4.701210519579216e-06,0.008046414676757957,0.0,0.0,0.0,0.0,0.0,0.0,24%
CUST0209781,DECLINED,INSAGFFICIENT_NET_DISPOSABLE_INCOME,3.8267462858951e-07,4.701210519579216e-06,0.008046414676757957,0.0,0.0,0.0,0.0,0.0,0.0,24%
CUST0209809,DECLINED,INSAGFFICIENT_NET_DISPOSABLE_INCOME,3.8267462858951e-07,4.701210519579216e-06,0.008046414676757957,0.0,0.0,0.0,0.0,0.0,0.0,24%
CUST0209863,DECLINED,INSAGFFICIENT_NET_DISPOSABLE_INCOME,3.8267462858951e-07,4.701210519579216e-06,0.008046414676757957,0.0,0.0,0.0,0.0,0.0,0.0,24%
CUST0209946,DECLINED,INSAGFFICIENT_NET_DISPOSABLE_INCOME,3.8267462858951e-07,4.701210519579216e-06,0.008046414676757957,0.0,0.0,0.0,0.0,0.0,0.0,24%
CUST0210128,DECLINED,INSAGFFICIENT_NET_DISPOSABLE_INCOME,3.8267462858951e-07,4.701210519579216e-06,0.008046414676757957,0.0,0.0,0.0,0.0,0.0,0.0,24%
CUST0210129,DECLINED,INSAGFFICIENT_NET_DISPOSABLE_INCOME,3.8267462858951e-07,4.701210519579216e-06,0.008046414676757957,0.0,0.0,0.0,0.0,0.0,0.0,24%
CUST0210168,DECLINED,INSAGFFICIENT_NET_DISPOSABLE_INCOME,3.8267462858951e-07,4.701210519579216e-06,0.008046414676757957,0.0,0.0,0.0,0.0,0.0,0.0,24%
CUST0210176,DECLINED,INSAGFFICIENT_NET_DISPOSABLE_INCOME,3.8267462858951e-07,4.701210519579216e-06,0.008046414676757957,0.0,0.0,0.0,0.0,0.0,0.0,24%
CUST0210197,DECLINED,INSAGFFICIENT_NET_DISPOSABLE_INCOME,3.8267462858951e-07,4.701210519579216e-06,0.008046414676757957,0.0,0.0,0.0,0.0,0.0,0.0,24%
CUST0210228,DECLINED,INSAGFFICIENT_NET_DISPOSABLE_INCOME,3.8267462858951e-07,4.701210519579216e-06,0.008046414676757957,0.0,0.0,0.0,0.0,0.0,0.0,24%
CUST0210230,DECLINED,INSAGFFICIENT_NET_DISPOSABLE_INCOME,3.8267462858951e-07,4.701210519579216e-06,0.008046414676757957,0.0,0.0,0.0,0.0,0.0,0.0,24%
CUST0210318,DECLINED,INSAGFFICIENT_NET_DISPOSABLE_INCOME,3.8267462858951e-07,4.701210519579216e-06,0.008046414676757957,0.0,0.0,0.0,0.0,0.0,0.0,24%
CUST0210372,DECLINED,INSAGFFICIENT_NET_DISPOSABLE_INCOME,6495.626740396821,8595.727927164831,14936.202441458596,0.0,0.0,0.0,0.0,0.0,0.0,24%
CUST0210429,DECLINED,INSAGFFICIENT_NET_DISPOSABLE_INCOME,3.8267462858951e-07,4.701210519579216e-06,0.008046414676757957,0.0,0.0,0.0,0.0,0.0,0.0,24%
CUST0210456,DECLINED,INSAGFFICIENT_NET_DISPOSABLE_INCOME,3.8267462858951e-07,4.701210519579216e-06,0.008046414676757957,0.0,0.0,0.0,0.0,0.0,0.0,24%
CUST0210484,DECLINED,INSAGFFICIENT_NET_DISPOSABLE_INCOME,3.8267462858951e-07,4.701210519579216e-06,0.008046414676757957,0.0,0.0,0.0,0.0,0.0,0.0,24%
CUST0210505,DECLINED,INSAGFFICIENT_NET_DISPOSABLE_INCOME,3.8267462858951e-07,4.701210519579216e-06,0.008046414676757957,0.0,0.0,0.0,0.0,0.0,0.0,24%
CUST0210563,DECLINED,INSAGFFICIENT_NET_DISPOSABLE_INCOME,3.8267462858951e-07,4.701210519579216e-06,0.008046414676757957,0.0,0.0,0.0,0.0,0.0,0.0,24%
CUST0210691,DECLINED,INSAGFFICIENT_NET_DISPOSABLE_INCOME,3.8267462858951e-07,4.701210519579216e-06,0.008046414676757957,0.0,0.0,0.0,0.0,0.0,0.0,24%
CUST0210816,DECLINED,INSAGFFICIENT_NET_DISPOSABLE_INCOME,3.8267462858951e-07,4.701210519579216e-06,0.008046414676757957,0.0,0.0,0.0,0.0,0.0,0.0,24%
CUST0210856,DECLINED,INSAGFFICIENT_NET_DISPOSABLE_INCOME,3.8267462858951e-07,4.701210519579216e-06,0.008046414676757957,0.0,0.0,0.0,0.0,0.0,0.0,24%
CUST0210888,DECLINED,INSAGFFICIENT_NET_DISPOSABLE_INCOME,3.8267462858951e-07,4.701210519579216e-06,0.008046414676757957,0.0,0.0,0.0,0.0,0.0,0.0,24%
CUST0210906,DECLINED,INSAGFFICIENT_NET_DISPOSABLE_INCOME,3.8267462858951e-07,4.701210519579216e-06,0.008046414676757957,0.0,0.0,0.0,0.0,0.0,0.0,24%
CUST0210926,DECLINED,INSAGFFICIENT_NET_DISPOSABLE_INCOME,3.8267462858951e-07,4.701210519579216e-06,0.008046414676757957,0.0,0.0,0.0,0.0,0.0,0.0,24%
CUST0210943,DECLINED,INSAGFFICIENT_NET_DISPOSABLE_INCOME,3.8267462858951e-07,4.701210519579216e-06,0.008046414676757957,0.0,0.0,0.0,0.0,0.0,0.0,24%
CUST0210946,DECLINED,INSAGFFICIENT_NET_DISPOSABLE_INCOME,3.8267462858951e-07,4.701210519579216e-06,0.008046414676757957,0.0,0.0,0.0,0.0,0.0,0.0,24%
CUST0210971,DECLINED,INSAGFFICIENT_NET_DISPOSABLE_INCOME,3.8267462858951e-07,4.701210519579216e-06,0.008046414676757957,0.0,0.0,0.0,0.0,0.0,0.0,24%
CUST0211011,DECLINED,INSAGFFICIENT_NET_DISPOSABLE_INCOME,3.8267462858951e-07,4.701210519579216e-06,0.008046414676757957,0.0,0.0,0.0,0.0,0.0,0.0,24%
CUST0211023,DECLINED,INSAGFFICIENT_NET_DISPOSABLE_INCOME,3.8267462858951e-07,4.701210519579216e-06,0.008046414676757957,0.0,0.0,0.0,0.0,0.0,0.0,24%
CUST0211210,DECLINED,INSAGFFICIENT_NET_DISPOSABLE_INCOME,3.8267462858951e-07,4.701210519579216e-06,0.008046414676757957,0.0,0.0,0.0,0.0,0.0,0.0,24%
CUST0211243,DECLINED,INSAGFFICIENT_NET_DISPOSABLE_INCOME,3.8267462858951e-07,4.701210519579216e-06,0.008046414676757957,0.0,0.0,0.0,0.0,0.0,0.0,24%
CUST0211304,DECLINED,INSAGFFICIENT_NET_DISPOSABLE_INCOME,3.8267462858951e-07,4.701210519579216e-06,0.008046414676757957,0.0,0.0,0.0,0.0,0.0,0.0,24%
CUST0211352,DECLINED,INSAGFFICIENT_NET_DISPOSABLE_INCOME,5427.331858333159,5817.062212706788,18446.916303747006,0.0,0.0,0.0,0.0,0.0,0.0,24%
CUST0211359,DECLINED,INSAGFFICIENT_NET_DISPOSABLE_INCOME,3.8267462858951e-07,4.701210519579216e-06,0.008046414676757957,0.0,0.0,0.0,0.0,0.0,0.0,24%
CUST0211369,DECLINED,INSAGFFICIENT_NET_DISPOSABLE_INCOME,3.8267462858951e-07,4.701210519579216e-06,0.008046414676757957,0.0,0.0,0.0,0.0,0.0,0.0,24%
CUST0211461,DECLINED,INSAGFFICIENT_NET_DISPOSABLE_INCOME,3.8267462858951e-07,4.701210519579216e-06,0.008046414676757957,0.0,0.0,0.0,0.0,0.0,0.0,24%
CUST0211527,DECLINED,INSAGFFICIENT_NET_DISPOSABLE_INCOME,3.8267462858951e-07,4.701210519579216e-06,0.008046414676757957,0.0,0.0,0.0,0.0,0.0,0.0,24%
CUST0211604,DECLINED,INSAGFFICIENT_NET_DISPOSABLE_INCOME,3.8267462858951e-07,4.701210519579216e-06,0.008046414676757957,0.0,0.0,0.0,0.0,0.0,0.0,24%
CUST0211717,DECLINED,INSAGFFICIENT_NET_DISPOSABLE_INCOME,3.8267462858951e-07,4.701210519579216e-06,0.008046414676757957,0.0,0.0,0.0,0.0,0.0,0.0,24%
CUST0211867,DECLINED,INSAGFFICIENT_NET_DISPOSABLE_INCOME,3.8267462858951e-07,4.701210519579216e-06,0.008046414676757957,0.0,0.0,0.0,0.0,0.0,0.0,24%
CUST0211873,DECLINED,INSAGFFICIENT_NET_DISPOSABLE_INCOME,3.8267462858951e-07,4.701210519579216e-06,0.008046414676757957,0.0,0.0,0.0,0.0,0.0,0.0,24%
CUST0211885,DECLINED,INSAGFFICIENT_NET_DISPOSABLE_INCOME,3.8267462858951e-07,4.701210519579216e-06,0.008046414676757957,0.0,0.0,0.0,0.0,0.0,0.0,24%
CUST0211931,DECLINED,INSAGFFICIENT_NET_DISPOSABLE_INCOME,3.8267462858951e-07,4.701210519579216e-06,0.008046414676757957,0.0,0.0,0.0,0.0,0.0,0.0,24%
CUST0211971,DECLINED,INSAGFFICIENT_NET_DISPOSABLE_INCOME,3.8267462858951e-07,4.701210519579216e-06,0.008046414676757957,0.0,0.0,0.0,0.0,0.0,0.0,24%
CUST0212099,DECLINED,INSAGFFICIENT_NET_DISPOSABLE_INCOME,3.8267462858951e-07,4.701210519579216e-06,0.008046414676757957,0.0,0.0,0.0,0.0,0.0,0.0,24%
CUST0212256,DECLINED,INSAGFFICIENT_NET_DISPOSABLE_INCOME,3.8267462858951e-07,4.701210519579216e-06,0.008046414676757957,0.0,0.0,0.0,0.0,0.0,0.0,24%
CUST0212265,DECLINED,INSAGFFICIENT_NET_DISPOSABLE_INCOME,3.8267462858951e-07,4.701210519579216e-06,0.008046414676757957,0.0,0.0,0.0,0.0,0.0,0.0,24%
CUST0212267,DECLINED,INSAGFFICIENT_NET_DISPOSABLE_INCOME,3.8267462858951e-07,4.701210519579216e-06,0.008046414676757957,0.0,0.0,0.0,0.0,0.0,0.0,24%
CUST0212313,DECLINED,INSAGFFICIENT_NET_DISPOSABLE_INCOME,3.8267462858951e-07,4.701210519579216e-06,0.008046414676757957,0.0,0.0,0.0,0.0,0.0,0.0,24%
CUST0212325,DECLINED,INSAGFFICIENT_NET_DISPOSABLE_INCOME,3.8267462858951e-07,4.701210519579216e-06,0.008046414676757957,0.0,0.0,0.0,0.0,0.0,0.0,24%
CUST0212573,DECLINED,INSAGFFICIENT_NET_DISPOSABLE_INCOME,3.8267462858951e-07,4.701210519579216e-06,0.008046414676757957,0.0,0.0,0.0,0.0,0.0,0.0,24%
CUST0212721,DECLINED,INSAGFFICIENT_NET_DISPOSABLE_INCOME,3.8267462858951e-07,4.701210519579216e-06,0.008046414676757957,0.0,0.0,0.0,0.0,0.0,0.0,24%
CUST0212754,DECLINED,INSAGFFICIENT_NET_DISPOSABLE_INCOME,3.8267462858951e-07,4.701210519579216e-06,0.008046414676757957,0.0,0.0,0.0,0.0,0.0,0.0,24%
CUST0212787,DECLINED,INSAGFFICIENT_NET_DISPOSABLE_INCOME,5334.819630736912,5875.705503841787,19085.32907063656,0.0,0.0,0.0,0.0,0.0,0.0,24%
CUST0212799,DECLINED,INSAGFFICIENT_NET_DISPOSABLE_INCOME,3.8267462858951e-07,4.701210519579216e-06,0.008046414676757957,0.0,0.0,0.0,0.0,0.0,0.0,24%
CUST0212807,DECLINED,INSAGFFICIENT_NET_DISPOSABLE_INCOME,3.8267462858951e-07,4.701210519579216e-06,0.008046414676757957,0.0,0.0,0.0,0.0,0.0,0.0,24%
CUST0212846,DECLINED,INSAGFFICIENT_NET_DISPOSABLE_INCOME,3.8267462858951e-07,4.701210519579216e-06,0.008046414676757957,0.0,0.0,0.0,0.0,0.0,0.0,24%
CUST0212871,DECLINED,INSAGFFICIENT_NET_DISPOSABLE_INCOME,3.8267462858951e-07,4.701210519579216e-06,0.008046414676757957,0.0,0.0,0.0,0.0,0.0,0.0,24%
CUST0212906,DECLINED,INSAGFFICIENT_NET_DISPOSABLE_INCOME,3.8267462858951e-07,4.701210519579216e-06,0.008046414676757957,0.0,0.0,0.0,0.0,0.0,0.0,24%
CUST0212907,DECLINED,INSAGFFICIENT_NET_DISPOSABLE_INCOME,3.8267462858951e-07,4.701210519579216e-06,0.008046414676757957,0.0,0.0,0.0,0.0,0.0,0.0,24%
CUST0212953,DECLINED,INSAGFFICIENT_NET_DISPOSABLE_INCOME,3.8267462858951e-07,4.701210519579216e-06,0.008046414676757957,0.0,0.0,0.0,0.0,0.0,0.0,24%
CUST0212963,DECLINED,INSAGFFICIENT_NET_DISPOSABLE_INCOME,3.8267462858951e-07,4.701210519579216e-06,0.008046414676757957,0.0,0.0,0.0,0.0,0.0,0.0,24%
CUST0213065,DECLINED,INSAGFFICIENT_NET_DISPOSABLE_INCOME,3.8267462858951e-07,4.701210519579216e-06,0.008046414676757957,0.0,0.0,0.0,0.0,0.0,0.0,24%
CUST0213179,DECLINED,INSAGFFICIENT_NET_DISPOSABLE_INCOME,5918.467964986894,6328.53501015726,13331.196782682884,0.0,0.0,0.0,0.0,0.0,0.0,24%
CUST0213226,DECLINED,INSAGFFICIENT_NET_DISPOSABLE_INCOME,3.8267462858951e-07,4.701210519579216e-06,0.008046414676757957,0.0,0.0,0.0,0.0,0.0,0.0,24%
CUST0213279,DECLINED,INSAGFFICIENT_NET_DISPOSABLE_INCOME,3.8267462858951e-07,4.701210519579216e-06,0.008046414676757957,0.0,0.0,0.0,0.0,0.0,0.0,24%
CUST0213390,DECLINED,INSAGFFICIENT_NET_DISPOSABLE_INCOME,3902.8171110397566,20106.97126991227,36163.55800138149,0.0,0.0,0.0,0.0,0.0,0.0,24%
CUST0213401,DECLINED,INSAGFFICIENT_NET_DISPOSABLE_INCOME,3.8267462858951e-07,4.701210519579216e-06,0.008046414676757957,0.0,0.0,0.0,0.0,0.0,0.0,24%
CUST0213416,DECLINED,INSAGFFICIENT_NET_DISPOSABLE_INCOME,4536.413794289678,5043.522918965755,13187.21877763821,0.0,0.0,0.0,0.0,0.0,0.0,24%
CUST0213459,DECLINED,INSAGFFICIENT_NET_DISPOSABLE_INCOME,3.8267462858951e-07,4.701210519579216e-06,0.008046414676757957,0.0,0.0,0.0,0.0,0.0,0.0,24%
CUST0213559,DECLINED,INSAGFFICIENT_NET_DISPOSABLE_INCOME,3.8267462858951e-07,4.701210519579216e-06,0.008046414676757957,0.0,0.0,0.0,0.0,0.0,0.0,24%
CUST0213588,DECLINED,INSAGFFICIENT_NET_DISPOSABLE_INCOME,6495.626740396821,8183.620173593804,14307.817653444898,0.0,0.0,0.0,0.0,0.0,0.0,24%
CUST0213646,DECLINED,INSAGFFICIENT_NET_DISPOSABLE_INCOME,3.8267462858951e-07,4.701210519579216e-06,0.008046414676757957,0.0,0.0,0.0,0.0,0.0,0.0,24%
CUST0213754,DECLINED,INSAGFFICIENT_NET_DISPOSABLE_INCOME,3.8267462858951e-07,4.701210519579216e-06,0.008046414676757957,0.0,0.0,0.0,0.0,0.0,0.0,24%
CUST0213833,DECLINED,INSAGFFICIENT_NET_DISPOSABLE_INCOME,3.8267462858951e-07,4.701210519579216e-06,0.008046414676757957,0.0,0.0,0.0,0.0,0.0,0.0,24%
CUST0213849,DECLINED,INSAGFFICIENT_NET_DISPOSABLE_INCOME,3.8267462858951e-07,4.701210519579216e-06,0.008046414676757957,0.0,0.0,0.0,0.0,0.0,0.0,24%
CUST0213880,DECLINED,INSAGFFICIENT_NET_DISPOSABLE_INCOME,3.8267462858951e-07,4.701210519579216e-06,0.008046414676757957,0.0,0.0,0.0,0.0,0.0,0.0,24%
CUST0213894,DECLINED,INSAGFFICIENT_NET_DISPOSABLE_INCOME,3.8267462858951e-07,4.701210519579216e-06,0.008046414676757957,0.0,0.0,0.0,0.0,0.0,0.0,24%
CUST0213915,DECLINED,INSAGFFICIENT_NET_DISPOSABLE_INCOME,4741.518383650614,5011.941217067065,11871.40965178947,0.0,0.0,0.0,0.0,0.0,0.0,24%
CUST0213921,DECLINED,INSAGFFICIENT_NET_DISPOSABLE_INCOME,3.8267462858951e-07,4.701210519579216e-06,0.008046414676757957,0.0,0.0,0.0,0.0,0.0,0.0,24%
CUST0213969,DECLINED,INSAGFFICIENT_NET_DISPOSABLE_INCOME,3.8267462858951e-07,4.701210519579216e-06,0.008046414676757957,0.0,0.0,0.0,0.0,0.0,0.0,24%
CUST0214061,DECLINED,INSAGFFICIENT_NET_DISPOSABLE_INCOME,4066.8399151488447,4584.628966456048,18678.215405265648,0.0,0.0,0.0,0.0,0.0,0.0,24%
CUST0214162,DECLINED,INSAGFFICIENT_NET_DISPOSABLE_INCOME,3.8267462858951e-07,4.701210519579216e-06,0.008046414676757957,0.0,0.0,0.0,0.0,0.0,0.0,24%
CUST0214190,DECLINED,INSAGFFICIENT_NET_DISPOSABLE_INCOME,3.8267462858951e-07,4.701210519579216e-06,0.008046414676757957,0.0,0.0,0.0,0.0,0.0,0.0,24%
CUST0214279,DECLINED,INSAGFFICIENT_NET_DISPOSABLE_INCOME,3.8267462858951e-07,4.701210519579216e-06,0.008046414676757957,0.0,0.0,0.0,0.0,0.0,0.0,24%
CUST0214314,DECLINED,INSAGFFICIENT_NET_DISPOSABLE_INCOME,3.8267462858951e-07,4.701210519579216e-06,0.008046414676757957,0.0,0.0,0.0,0.0,0.0,0.0,24%
CUST0214360,DECLINED,INSAGFFICIENT_NET_DISPOSABLE_INCOME,3.8267462858951e-07,4.701210519579216e-06,0.008046414676757957,0.0,0.0,0.0,0.0,0.0,0.0,24%
CUST0214361,DECLINED,INSAGFFICIENT_NET_DISPOSABLE_INCOME,3.8267462858951e-07,4.701210519579216e-06,0.008046414676757957,0.0,0.0,0.0,0.0,0.0,0.0,24%
CUST0214518,DECLINED,INSAGFFICIENT_NET_DISPOSABLE_INCOME,3.8267462858951e-07,4.701210519579216e-06,0.008046414676757957,0.0,0.0,0.0,0.0,0.0,0.0,24%
CUST0214527,DECLINED,INSAGFFICIENT_NET_DISPOSABLE_INCOME,3.8267462858951e-07,4.701210519579216e-06,0.008046414676757957,0.0,0.0,0.0,0.0,0.0,0.0,24%
CUST0214598,DECLINED,INSAGFFICIENT_NET_DISPOSABLE_INCOME,6301.448051735271,6668.60829347345,18688.798829859392,0.0,0.0,0.0,0.0,0.0,0.0,24%
CUST0214653,DECLINED,INSAGFFICIENT_NET_DISPOSABLE_INCOME,6349.161045845124,9387.040543289042,15755.584220753482,0.0,0.0,0.0,0.0,0.0,0.0,24%
CUST0214751,DECLINED,INSAGFFICIENT_NET_DISPOSABLE_INCOME,6316.6318805895,7620.8598715064345,14129.33842400606,0.0,0.0,0.0,0.0,0.0,0.0,24%
CUST0214838,DECLINED,INSAGFFICIENT_NET_DISPOSABLE_INCOME,4052.8234200017478,4733.243691132556,11158.118575104592,0.0,0.0,0.0,0.0,0.0,0.0,24%
CUST0214853,DECLINED,INSAGFFICIENT_NET_DISPOSABLE_INCOME,3.8267462858951e-07,4.701210519579216e-06,0.008046414676757957,0.0,0.0,0.0,0.0,0.0,0.0,24%
CUST0214856,DECLINED,INSAGFFICIENT_NET_DISPOSABLE_INCOME,3.8267462858951e-07,4.701210519579216e-06,0.008046414676757957,0.0,0.0,0.0,0.0,0.0,0.0,24%
CUST0214876,DECLINED,INSAGFFICIENT_NET_DISPOSABLE_INCOME,3.8267462858951e-07,4.701210519579216e-06,0.008046414676757957,0.0,0.0,0.0,0.0,0.0,0.0,24%
CUST0214878,DECLINED,INSAGFFICIENT_NET_DISPOSABLE_INCOME,3.8267462858951e-07,4.701210519579216e-06,0.008046414676757957,0.0,0.0,0.0,0.0,0.0,0.0,24%
CUST0214970,DECLINED,INSAGFFICIENT_NET_DISPOSABLE_INCOME,3.8267462858951e-07,4.701210519579216e-06,0.008046414676757957,0.0,0.0,0.0,0.0,0.0,0.0,24%
CUST0215044,DECLINED,INSAGFFICIENT_NET_DISPOSABLE_INCOME,3.8267462858951e-07,4.701210519579216e-06,0.008046414676757957,0.0,0.0,0.0,0.0,0.0,0.0,24%
CUST0215054,DECLINED,INSAGFFICIENT_NET_DISPOSABLE_INCOME,3.8267462858951e-07,4.701210519579216e-06,0.008046414676757957,0.0,0.0,0.0,0.0,0.0,0.0,24%
CUST0215176,DECLINED,INSAGFFICIENT_NET_DISPOSABLE_INCOME,3.8267462858951e-07,4.701210519579216e-06,0.008046414676757957,0.0,0.0,0.0,0.0,0.0,0.0,24%
CUST0215189,DECLINED,INSAGFFICIENT_NET_DISPOSABLE_INCOME,3.8267462858951e-07,4.701210519579216e-06,0.008046414676757957,0.0,0.0,0.0,0.0,0.0,0.0,24%
CUST0215242,DECLINED,INSAGFFICIENT_NET_DISPOSABLE_INCOME,3.8267462858951e-07,4.701210519579216e-06,0.008046414676757957,0.0,0.0,0.0,0.0,0.0,0.0,24%
CUST0215252,DECLINED,INSAGFFICIENT_NET_DISPOSABLE_INCOME,3.8267462858951e-07,4.701210519579216e-06,0.008046414676757957,0.0,0.0,0.0,0.0,0.0,0.0,24%
CUST0215257,DECLINED,INSAGFFICIENT_NET_DISPOSABLE_INCOME,3.8267462858951e-07,4.701210519579216e-06,0.008046414676757957,0.0,0.0,0.0,0.0,0.0,0.0,24%
CUST0215412,DECLINED,INSAGFFICIENT_NET_DISPOSABLE_INCOME,3.8267462858951e-07,4.701210519579216e-06,0.008046414676757957,0.0,0.0,0.0,0.0,0.0,0.0,24%
CUST0215478,DECLINED,INSAGFFICIENT_NET_DISPOSABLE_INCOME,3902.8171110397566,20106.97126991227,36163.55800138149,0.0,0.0,0.0,0.0,0.0,0.0,24%
CUST0215491,DECLINED,INSAGFFICIENT_NET_DISPOSABLE_INCOME,3.8267462858951e-07,4.701210519579216e-06,0.008046414676757957,0.0,0.0,0.0,0.0,0.0,0.0,24%
CUST0215533,DECLINED,INSAGFFICIENT_NET_DISPOSABLE_INCOME,3.8267462858951e-07,4.701210519579216e-06,0.008046414676757957,0.0,0.0,0.0,0.0,0.0,0.0,24%
CUST0215540,DECLINED,INSAGFFICIENT_NET_DISPOSABLE_INCOME,3.8267462858951e-07,4.701210519579216e-06,0.008046414676757957,0.0,0.0,0.0,0.0,0.0,0.0,24%
CUST0215572,DECLINED,INSAGFFICIENT_NET_DISPOSABLE_INCOME,3.8267462858951e-07,4.701210519579216e-06,0.008046414676757957,0.0,0.0,0.0,0.0,0.0,0.0,24%
CUST0215579,DECLINED,INSAGFFICIENT_NET_DISPOSABLE_INCOME,3.8267462858951e-07,4.701210519579216e-06,0.008046414676757957,0.0,0.0,0.0,0.0,0.0,0.0,24%
CUST0215608,DECLINED,INSAGFFICIENT_NET_DISPOSABLE_INCOME,3.8267462858951e-07,4.701210519579216e-06,0.008046414676757957,0.0,0.0,0.0,0.0,0.0,0.0,24%
CUST0215636,DECLINED,INSAGFFICIENT_NET_DISPOSABLE_INCOME,3.8267462858951e-07,4.701210519579216e-06,0.008046414676757957,0.0,0.0,0.0,0.0,0.0,0.0,24%
CUST0215791,DECLINED,INSAGFFICIENT_NET_DISPOSABLE_INCOME,3.8267462858951e-07,4.701210519579216e-06,0.008046414676757957,0.0,0.0,0.0,0.0,0.0,0.0,24%
CUST0215823,DECLINED,INSAGFFICIENT_NET_DISPOSABLE_INCOME,6541.404471746563,6812.384629033307,18795.051880916973,0.0,0.0,0.0,0.0,0.0,0.0,24%
CUST0215911,DECLINED,INSAGFFICIENT_NET_DISPOSABLE_INCOME,6496.151032956467,9537.446090935744,15818.25291075471,0.0,0.0,0.0,0.0,0.0,0.0,24%
CUST0215913,DECLINED,INSAGFFICIENT_NET_DISPOSABLE_INCOME,3.8267462858951e-07,4.701210519579216e-06,0.008046414676757957,0.0,0.0,0.0,0.0,0.0,0.0,24%
CUST0215918,DECLINED,INSAGFFICIENT_NET_DISPOSABLE_INCOME,3.8267462858951e-07,4.701210519579216e-06,0.008046414676757957,0.0,0.0,0.0,0.0,0.0,0.0,24%
CUST0215922,DECLINED,INSAGFFICIENT_NET_DISPOSABLE_INCOME,3.8267462858951e-07,4.701210519579216e-06,0.008046414676757957,0.0,0.0,0.0,0.0,0.0,0.0,24%
CUST0215995,DECLINED,INSAGFFICIENT_NET_DISPOSABLE_INCOME,3.8267462858951e-07,4.701210519579216e-06,0.008046414676757957,0.0,0.0,0.0,0.0,0.0,0.0,24%
CUST0216080,DECLINED,INSAGFFICIENT_NET_DISPOSABLE_INCOME,6413.826074070554,6711.293687874572,18156.63911402742,0.0,0.0,0.0,0.0,0.0,0.0,24%
CUST0216171,DECLINED,INSAGFFICIENT_NET_DISPOSABLE_INCOME,3.8267462858951e-07,4.701210519579216e-06,0.008046414676757957,0.0,0.0,0.0,0.0,0.0,0.0,24%
CUST0216221,DECLINED,INSAGFFICIENT_NET_DISPOSABLE_INCOME,3.8267462858951e-07,4.701210519579216e-06,0.008046414676757957,0.0,0.0,0.0,0.0,0.0,0.0,24%
CUST0216255,DECLINED,INSAGFFICIENT_NET_DISPOSABLE_INCOME,3.8267462858951e-07,4.701210519579216e-06,0.008046414676757957,0.0,0.0,0.0,0.0,0.0,0.0,24%
CUST0216267,DECLINED,INSAGFFICIENT_NET_DISPOSABLE_INCOME,3.8267462858951e-07,4.701210519579216e-06,0.008046414676757957,0.0,0.0,0.0,0.0,0.0,0.0,24%
CUST0216382,DECLINED,INSAGFFICIENT_NET_DISPOSABLE_INCOME,3.8267462858951e-07,4.701210519579216e-06,0.008046414676757957,0.0,0.0,0.0,0.0,0.0,0.0,24%
CUST0216392,DECLINED,INSAGFFICIENT_NET_DISPOSABLE_INCOME,3.8267462858951e-07,4.701210519579216e-06,0.008046414676757957,0.0,0.0,0.0,0.0,0.0,0.0,24%
CUST0216407,DECLINED,INSAGFFICIENT_NET_DISPOSABLE_INCOME,3.8267462858951e-07,4.701210519579216e-06,0.008046414676757957,0.0,0.0,0.0,0.0,0.0,0.0,24%
CUST0216472,DECLINED,INSAGFFICIENT_NET_DISPOSABLE_INCOME,3.8267462858951e-07,4.701210519579216e-06,0.008046414676757957,0.0,0.0,0.0,0.0,0.0,0.0,24%
CUST0216505,DECLINED,INSAGFFICIENT_NET_DISPOSABLE_INCOME,3.8267462858951e-07,4.701210519579216e-06,0.008046414676757957,0.0,0.0,0.0,0.0,0.0,0.0,24%
CUST0216529,DECLINED,INSAGFFICIENT_NET_DISPOSABLE_INCOME,3.8267462858951e-07,4.701210519579216e-06,0.008046414676757957,0.0,0.0,0.0,0.0,0.0,0.0,24%
CUST0216543,DECLINED,INSAGFFICIENT_NET_DISPOSABLE_INCOME,3.8267462858951e-07,4.701210519579216e-06,0.008046414676757957,0.0,0.0,0.0,0.0,0.0,0.0,24%
CUST0216563,DECLINED,INSAGFFICIENT_NET_DISPOSABLE_INCOME,3.8267462858951e-07,4.701210519579216e-06,0.008046414676757957,0.0,0.0,0.0,0.0,0.0,0.0,24%
CUST0216571,DECLINED,INSAGFFICIENT_NET_DISPOSABLE_INCOME,3.8267462858951e-07,4.701210519579216e-06,0.008046414676757957,0.0,0.0,0.0,0.0,0.0,0.0,24%
CUST0216583,DECLINED,INSAGFFICIENT_NET_DISPOSABLE_INCOME,3.8267462858951e-07,4.701210519579216e-06,0.008046414676757957,0.0,0.0,0.0,0.0,0.0,0.0,24%
CUST0216743,DECLINED,INSAGFFICIENT_NET_DISPOSABLE_INCOME,3.8267462858951e-07,4.701210519579216e-06,0.008046414676757957,0.0,0.0,0.0,0.0,0.0,0.0,24%
CUST0216870,DECLINED,INSAGFFICIENT_NET_DISPOSABLE_INCOME,3.8267462858951e-07,4.701210519579216e-06,0.008046414676757957,0.0,0.0,0.0,0.0,0.0,0.0,24%
CUST0216899,DECLINED,INSAGFFICIENT_NET_DISPOSABLE_INCOME,3.8267462858951e-07,4.701210519579216e-06,0.008046414676757957,0.0,0.0,0.0,0.0,0.0,0.0,24%
CUST0216927,DECLINED,INSAGFFICIENT_NET_DISPOSABLE_INCOME,3.8267462858951e-07,4.701210519579216e-06,0.008046414676757957,0.0,0.0,0.0,0.0,0.0,0.0,24%
CUST0216970,DECLINED,INSAGFFICIENT_NET_DISPOSABLE_INCOME,3.8267462858951e-07,4.701210519579216e-06,0.008046414676757957,0.0,0.0,0.0,0.0,0.0,0.0,24%
CUST0216983,DECLINED,INSAGFFICIENT_NET_DISPOSABLE_INCOME,3902.8171110397566,20106.97126991227,36163.55800138149,0.0,0.0,0.0,0.0,0.0,0.0,24%
CUST0216993,DECLINED,INSAGFFICIENT_NET_DISPOSABLE_INCOME,3.8267462858951e-07,4.701210519579216e-06,0.008046414676757957,0.0,0.0,0.0,0.0,0.0,0.0,24%
CUST0217038,DECLINED,INSAGFFICIENT_NET_DISPOSABLE_INCOME,3.8267462858951e-07,4.701210519579216e-06,0.008046414676757957,0.0,0.0,0.0,0.0,0.0,0.0,24%
CUST0217245,DECLINED,INSAGFFICIENT_NET_DISPOSABLE_INCOME,3.8267462858951e-07,4.701210519579216e-06,0.008046414676757957,0.0,0.0,0.0,0.0,0.0,0.0,24%
CUST0217285,DECLINED,INSAGFFICIENT_NET_DISPOSABLE_INCOME,3.8267462858951e-07,4.701210519579216e-06,0.008046414676757957,0.0,0.0,0.0,0.0,0.0,0.0,24%
CUST0217361,DECLINED,INSAGFFICIENT_NET_DISPOSABLE_INCOME,3.8267462858951e-07,4.701210519579216e-06,0.008046414676757957,0.0,0.0,0.0,0.0,0.0,0.0,24%
CUST0217408,DECLINED,INSAGFFICIENT_NET_DISPOSABLE_INCOME,3.8267462858951e-07,4.701210519579216e-06,0.008046414676757957,0.0,0.0,0.0,0.0,0.0,0.0,24%
CUST0217514,DECLINED,INSAGFFICIENT_NET_DISPOSABLE_INCOME,3.8267462858951e-07,4.701210519579216e-06,0.008046414676757957,0.0,0.0,0.0,0.0,0.0,0.0,24%
CUST0217531,DECLINED,INSAGFFICIENT_NET_DISPOSABLE_INCOME,3.8267462858951e-07,4.701210519579216e-06,0.008046414676757957,0.0,0.0,0.0,0.0,0.0,0.0,24%
CUST0217572,DECLINED,INSAGFFICIENT_NET_DISPOSABLE_INCOME,3.8267462858951e-07,4.701210519579216e-06,0.008046414676757957,0.0,0.0,0.0,0.0,0.0,0.0,24%
CUST0217588,DECLINED,INSAGFFICIENT_NET_DISPOSABLE_INCOME,3.8267462858951e-07,4.701210519579216e-06,0.008046414676757957,0.0,0.0,0.0,0.0,0.0,0.0,24%
CUST0217599,DECLINED,INSAGFFICIENT_NET_DISPOSABLE_INCOME,3902.8171110397566,20106.97126991227,36163.55800138149,0.0,0.0,0.0,0.0,0.0,0.0,24%
CUST0217622,DECLINED,INSAGFFICIENT_NET_DISPOSABLE_INCOME,3.8267462858951e-07,4.701210519579216e-06,0.008046414676757957,0.0,0.0,0.0,0.0,0.0,0.0,24%
CUST0217769,DECLINED,INSAGFFICIENT_NET_DISPOSABLE_INCOME,3.8267462858951e-07,4.701210519579216e-06,0.008046414676757957,0.0,0.0,0.0,0.0,0.0,0.0,24%
CUST0217825,DECLINED,INSAGFFICIENT_NET_DISPOSABLE_INCOME,3.8267462858951e-07,4.701210519579216e-06,0.008046414676757957,0.0,0.0,0.0,0.0,0.0,0.0,24%
CUST0217848,DECLINED,INSAGFFICIENT_NET_DISPOSABLE_INCOME,3.8267462858951e-07,4.701210519579216e-06,0.008046414676757957,0.0,0.0,0.0,0.0,0.0,0.0,24%
CUST0217900,DECLINED,INSAGFFICIENT_NET_DISPOSABLE_INCOME,3.8267462858951e-07,4.701210519579216e-06,0.008046414676757957,0.0,0.0,0.0,0.0,0.0,0.0,24%
CUST0217929,DECLINED,INSAGFFICIENT_NET_DISPOSABLE_INCOME,3.8267462858951e-07,4.701210519579216e-06,0.008046414676757957,0.0,0.0,0.0,0.0,0.0,0.0,24%
CUST0217935,DECLINED,INSAGFFICIENT_NET_DISPOSABLE_INCOME,3.8267462858951e-07,4.701210519579216e-06,0.008046414676757957,0.0,0.0,0.0,0.0,0.0,0.0,24%
CUST0217959,DECLINED,INSAGFFICIENT_NET_DISPOSABLE_INCOME,3.8267462858951e-07,4.701210519579216e-06,0.008046414676757957,0.0,0.0,0.0,0.0,0.0,0.0,24%
CUST0217986,DECLINED,INSAGFFICIENT_NET_DISPOSABLE_INCOME,3.8267462858951e-07,4.701210519579216e-06,0.008046414676757957,0.0,0.0,0.0,0.0,0.0,0.0,24%
CUST0218054,DECLINED,INSAGFFICIENT_NET_DISPOSABLE_INCOME,5167.039008606042,5298.212835992571,12228.976755455466,0.0,0.0,0.0,0.0,0.0,0.0,24%
CUST0218105,DECLINED,INSAGFFICIENT_NET_DISPOSABLE_INCOME,3.8267462858951e-07,4.701210519579216e-06,0.008046414676757957,0.0,0.0,0.0,0.0,0.0,0.0,24%
CUST0218135,DECLINED,INSAGFFICIENT_NET_DISPOSABLE_INCOME,3.8267462858951e-07,4.701210519579216e-06,0.008046414676757957,0.0,0.0,0.0,0.0,0.0,0.0,24%
CUST0218200,DECLINED,INSAGFFICIENT_NET_DISPOSABLE_INCOME,3.8267462858951e-07,4.701210519579216e-06,0.008046414676757957,0.0,0.0,0.0,0.0,0.0,0.0,24%
CUST0218247,DECLINED,INSAGFFICIENT_NET_DISPOSABLE_INCOME,3.8267462858951e-07,4.701210519579216e-06,0.008046414676757957,0.0,0.0,0.0,0.0,0.0,0.0,24%
CUST0218252,DECLINED,INSAGFFICIENT_NET_DISPOSABLE_INCOME,4477.461573194712,4814.3271960110005,11540.476527716097,0.0,0.0,0.0,0.0,0.0,0.0,24%
CUST0218354,DECLINED,INSAGFFICIENT_NET_DISPOSABLE_INCOME,3.8267462858951e-07,4.701210519579216e-06,0.008046414676757957,0.0,0.0,0.0,0.0,0.0,0.0,24%
CUST0218362,DECLINED,INSAGFFICIENT_NET_DISPOSABLE_INCOME,3.8267462858951e-07,4.701210519579216e-06,0.008046414676757957,0.0,0.0,0.0,0.0,0.0,0.0,24%
CUST0218383,DECLINED,INSAGFFICIENT_NET_DISPOSABLE_INCOME,3.8267462858951e-07,4.701210519579216e-06,0.008046414676757957,0.0,0.0,0.0,0.0,0.0,0.0,24%
CUST0218434,DECLINED,INSAGFFICIENT_NET_DISPOSABLE_INCOME,3.8267462858951e-07,4.701210519579216e-06,0.008046414676757957,0.0,0.0,0.0,0.0,0.0,0.0,24%
CUST0218439,DECLINED,INSAGFFICIENT_NET_DISPOSABLE_INCOME,3.8267462858951e-07,4.701210519579216e-06,0.008046414676757957,0.0,0.0,0.0,0.0,0.0,0.0,24%
CUST0218463,DECLINED,INSAGFFICIENT_NET_DISPOSABLE_INCOME,3.8267462858951e-07,4.701210519579216e-06,0.008046414676757957,0.0,0.0,0.0,0.0,0.0,0.0,24%
CUST0218544,DECLINED,INSAGFFICIENT_NET_DISPOSABLE_INCOME,3.8267462858951e-07,4.701210519579216e-06,0.008046414676757957,0.0,0.0,0.0,0.0,0.0,0.0,24%
CUST0218585,DECLINED,INSAGFFICIENT_NET_DISPOSABLE_INCOME,3.8267462858951e-07,4.701210519579216e-06,0.008046414676757957,0.0,0.0,0.0,0.0,0.0,0.0,24%
CUST0218589,DECLINED,INSAGFFICIENT_NET_DISPOSABLE_INCOME,3.8267462858951e-07,4.701210519579216e-06,0.008046414676757957,0.0,0.0,0.0,0.0,0.0,0.0,24%
CUST0218617,DECLINED,INSAGFFICIENT_NET_DISPOSABLE_INCOME,3.8267462858951e-07,4.701210519579216e-06,0.008046414676757957,0.0,0.0,0.0,0.0,0.0,0.0,24%
CUST0218621,DECLINED,INSAGFFICIENT_NET_DISPOSABLE_INCOME,3.8267462858951e-07,4.701210519579216e-06,0.008046414676757957,0.0,0.0,0.0,0.0,0.0,0.0,24%
CUST0218688,DECLINED,INSAGFFICIENT_NET_DISPOSABLE_INCOME,3.8267462858951e-07,4.701210519579216e-06,0.008046414676757957,0.0,0.0,0.0,0.0,0.0,0.0,24%
CUST0218722,DECLINED,INSAGFFICIENT_NET_DISPOSABLE_INCOME,3.8267462858951e-07,4.701210519579216e-06,0.008046414676757957,0.0,0.0,0.0,0.0,0.0,0.0,24%
CUST0218724,DECLINED,INSAGFFICIENT_NET_DISPOSABLE_INCOME,3.8267462858951e-07,4.701210519579216e-06,0.008046414676757957,0.0,0.0,0.0,0.0,0.0,0.0,24%
CUST0218757,DECLINED,INSAGFFICIENT_NET_DISPOSABLE_INCOME,3.8267462858951e-07,4.701210519579216e-06,0.008046414676757957,0.0,0.0,0.0,0.0,0.0,0.0,24%
CUST0218763,DECLINED,INSAGFFICIENT_NET_DISPOSABLE_INCOME,5642.701758058727,5857.789126169138,11920.27734345853,0.0,0.0,0.0,0.0,0.0,0.0,24%
CUST0218880,DECLINED,INSAGFFICIENT_NET_DISPOSABLE_INCOME,3.8267462858951e-07,4.701210519579216e-06,0.008046414676757957,0.0,0.0,0.0,0.0,0.0,0.0,24%
CUST0218980,DECLINED,INSAGFFICIENT_NET_DISPOSABLE_INCOME,3.8267462858951e-07,4.701210519579216e-06,0.008046414676757957,0.0,0.0,0.0,0.0,0.0,0.0,24%
CUST0218996,DECLINED,INSAGFFICIENT_NET_DISPOSABLE_INCOME,3.8267462858951e-07,4.701210519579216e-06,0.008046414676757957,0.0,0.0,0.0,0.0,0.0,0.0,24%
CUST0219123,DECLINED,INSAGFFICIENT_NET_DISPOSABLE_INCOME,3.8267462858951e-07,4.701210519579216e-06,0.008046414676757957,0.0,0.0,0.0,0.0,0.0,0.0,24%
CUST0219158,DECLINED,INSAGFFICIENT_NET_DISPOSABLE_INCOME,6446.725301688626,6773.428667798566,13983.619501986157,0.0,0.0,0.0,0.0,0.0,0.0,24%
CUST0219215,DECLINED,INSAGFFICIENT_NET_DISPOSABLE_INCOME,3.8267462858951e-07,4.701210519579216e-06,0.008046414676757957,0.0,0.0,0.0,0.0,0.0,0.0,24%
CUST0219322,DECLINED,INSAGFFICIENT_NET_DISPOSABLE_INCOME,3.8267462858951e-07,4.701210519579216e-06,0.008046414676757957,0.0,0.0,0.0,0.0,0.0,0.0,24%
CUST0219379,DECLINED,INSAGFFICIENT_NET_DISPOSABLE_INCOME,3.8267462858951e-07,4.701210519579216e-06,0.008046414676757957,0.0,0.0,0.0,0.0,0.0,0.0,24%
CUST0219566,DECLINED,INSAGFFICIENT_NET_DISPOSABLE_INCOME,3.8267462858951e-07,4.701210519579216e-06,0.008046414676757957,0.0,0.0,0.0,0.0,0.0,0.0,24%
CUST0219644,DECLINED,INSAGFFICIENT_NET_DISPOSABLE_INCOME,3.8267462858951e-07,4.701210519579216e-06,0.008046414676757957,0.0,0.0,0.0,0.0,0.0,0.0,24%
CUST0219673,DECLINED,INSAGFFICIENT_NET_DISPOSABLE_INCOME,3.8267462858951e-07,4.701210519579216e-06,0.008046414676757957,0.0,0.0,0.0,0.0,0.0,0.0,24%
CUST0219828,DECLINED,INSAGFFICIENT_NET_DISPOSABLE_INCOME,3.8267462858951e-07,4.701210519579216e-06,0.008046414676757957,0.0,0.0,0.0,0.0,0.0,0.0,24%
CUST0219960,DECLINED,INSAGFFICIENT_NET_DISPOSABLE_INCOME,3.8267462858951e-07,4.701210519579216e-06,0.008046414676757957,0.0,0.0,0.0,0.0,0.0,0.0,24%
CUST0220026,DECLINED,INSAGFFICIENT_NET_DISPOSABLE_INCOME,3.8267462858951e-07,4.701210519579216e-06,0.008046414676757957,0.0,0.0,0.0,0.0,0.0,0.0,24%
CUST0220037,DECLINED,INSAGFFICIENT_NET_DISPOSABLE_INCOME,3.8267462858951e-07,4.701210519579216e-06,0.008046414676757957,0.0,0.0,0.0,0.0,0.0,0.0,24%
CUST0220050,DECLINED,INSAGFFICIENT_NET_DISPOSABLE_INCOME,3.8267462858951e-07,4.701210519579216e-06,0.008046414676757957,0.0,0.0,0.0,0.0,0.0,0.0,24%
CUST0220203,DECLINED,INSAGFFICIENT_NET_DISPOSABLE_INCOME,3.8267462858951e-07,4.701210519579216e-06,0.008046414676757957,0.0,0.0,0.0,0.0,0.0,0.0,24%
CUST0220261,DECLINED,INSAGFFICIENT_NET_DISPOSABLE_INCOME,3.8267462858951e-07,4.701210519579216e-06,0.008046414676757957,0.0,0.0,0.0,0.0,0.0,0.0,24%
CUST0220290,DECLINED,INSAGFFICIENT_NET_DISPOSABLE_INCOME,3.8267462858951e-07,4.701210519579216e-06,0.008046414676757957,0.0,0.0,0.0,0.0,0.0,0.0,24%
CUST0220313,DECLINED,INSAGFFICIENT_NET_DISPOSABLE_INCOME,3902.8171110397566,20106.97126991227,36163.55800138149,0.0,0.0,0.0,0.0,0.0,0.0,24%
CUST0220375,DECLINED,INSAGFFICIENT_NET_DISPOSABLE_INCOME,3.8267462858951e-07,4.701210519579216e-06,0.008046414676757957,0.0,0.0,0.0,0.0,0.0,0.0,24%
CUST0220393,DECLINED,INSAGFFICIENT_NET_DISPOSABLE_INCOME,3.8267462858951e-07,4.701210519579216e-06,0.008046414676757957,0.0,0.0,0.0,0.0,0.0,0.0,24%
CUST0220406,DECLINED,INSAGFFICIENT_NET_DISPOSABLE_INCOME,3.8267462858951e-07,4.701210519579216e-06,0.008046414676757957,0.0,0.0,0.0,0.0,0.0,0.0,24%
CUST0220414,DECLINED,INSAGFFICIENT_NET_DISPOSABLE_INCOME,3.8267462858951e-07,4.701210519579216e-06,0.008046414676757957,0.0,0.0,0.0,0.0,0.0,0.0,24%
CUST0220434,DECLINED,INSAGFFICIENT_NET_DISPOSABLE_INCOME,3.8267462858951e-07,4.701210519579216e-06,0.008046414676757957,0.0,0.0,0.0,0.0,0.0,0.0,24%
CUST0220453,DECLINED,INSAGFFICIENT_NET_DISPOSABLE_INCOME,3.8267462858951e-07,4.701210519579216e-06,0.008046414676757957,0.0,0.0,0.0,0.0,0.0,0.0,24%
CUST0220501,DECLINED,INSAGFFICIENT_NET_DISPOSABLE_INCOME,3.8267462858951e-07,4.701210519579216e-06,0.008046414676757957,0.0,0.0,0.0,0.0,0.0,0.0,24%
CUST0220513,DECLINED,INSAGFFICIENT_NET_DISPOSABLE_INCOME,3.8267462858951e-07,4.701210519579216e-06,0.008046414676757957,0.0,0.0,0.0,0.0,0.0,0.0,24%
CUST0220574,DECLINED,INSAGFFICIENT_NET_DISPOSABLE_INCOME,3.8267462858951e-07,4.701210519579216e-06,0.008046414676757957,0.0,0.0,0.0,0.0,0.0,0.0,24%
CUST0220602,DECLINED,INSAGFFICIENT_NET_DISPOSABLE_INCOME,3.8267462858951e-07,4.701210519579216e-06,0.008046414676757957,0.0,0.0,0.0,0.0,0.0,0.0,24%
CUST0220938,DECLINED,INSAGFFICIENT_NET_DISPOSABLE_INCOME,3.8267462858951e-07,4.701210519579216e-06,0.008046414676757957,0.0,0.0,0.0,0.0,0.0,0.0,24%
CUST0220940,DECLINED,INSAGFFICIENT_NET_DISPOSABLE_INCOME,5827.5092156146275,6384.143020441363,17215.943024731037,0.0,0.0,0.0,0.0,0.0,0.0,24%
CUST0220984,DECLINED,INSAGFFICIENT_NET_DISPOSABLE_INCOME,3.8267462858951e-07,4.701210519579216e-06,0.008046414676757957,0.0,0.0,0.0,0.0,0.0,0.0,24%
CUST0221003,DECLINED,INSAGFFICIENT_NET_DISPOSABLE_INCOME,3.8267462858951e-07,4.701210519579216e-06,0.008046414676757957,0.0,0.0,0.0,0.0,0.0,0.0,24%
CUST0221072,DECLINED,INSAGFFICIENT_NET_DISPOSABLE_INCOME,3.8267462858951e-07,4.701210519579216e-06,0.008046414676757957,0.0,0.0,0.0,0.0,0.0,0.0,24%
CUST0221115,DECLINED,INSAGFFICIENT_NET_DISPOSABLE_INCOME,3.8267462858951e-07,4.701210519579216e-06,0.008046414676757957,0.0,0.0,0.0,0.0,0.0,0.0,24%
CUST0221235,DECLINED,INSAGFFICIENT_NET_DISPOSABLE_INCOME,3.8267462858951e-07,4.701210519579216e-06,0.008046414676757957,0.0,0.0,0.0,0.0,0.0,0.0,24%
CUST0221299,DECLINED,INSAGFFICIENT_NET_DISPOSABLE_INCOME,3.8267462858951e-07,4.701210519579216e-06,0.008046414676757957,0.0,0.0,0.0,0.0,0.0,0.0,24%
CUST0221342,DECLINED,INSAGFFICIENT_NET_DISPOSABLE_INCOME,3.8267462858951e-07,4.701210519579216e-06,0.008046414676757957,0.0,0.0,0.0,0.0,0.0,0.0,24%
CUST0221411,DECLINED,INSAGFFICIENT_NET_DISPOSABLE_INCOME,3.8267462858951e-07,4.701210519579216e-06,0.008046414676757957,0.0,0.0,0.0,0.0,0.0,0.0,24%
CUST0221420,DECLINED,INSAGFFICIENT_NET_DISPOSABLE_INCOME,3902.8171110397566,20106.97126991227,36163.55800138149,0.0,0.0,0.0,0.0,0.0,0.0,24%
CUST0221459,DECLINED,INSAGFFICIENT_NET_DISPOSABLE_INCOME,3.8267462858951e-07,4.701210519579216e-06,0.008046414676757957,0.0,0.0,0.0,0.0,0.0,0.0,24%
CUST0221522,DECLINED,INSAGFFICIENT_NET_DISPOSABLE_INCOME,3.8267462858951e-07,4.701210519579216e-06,0.008046414676757957,0.0,0.0,0.0,0.0,0.0,0.0,24%
CUST0221584,DECLINED,INSAGFFICIENT_NET_DISPOSABLE_INCOME,3.8267462858951e-07,4.701210519579216e-06,0.008046414676757957,0.0,0.0,0.0,0.0,0.0,0.0,24%
CUST0221670,DECLINED,INSAGFFICIENT_NET_DISPOSABLE_INCOME,3902.8171110397566,20106.97126991227,36163.55800138149,0.0,0.0,0.0,0.0,0.0,0.0,24%
CUST0221694,DECLINED,INSAGFFICIENT_NET_DISPOSABLE_INCOME,3.8267462858951e-07,4.701210519579216e-06,0.008046414676757957,0.0,0.0,0.0,0.0,0.0,0.0,24%
CUST0221785,DECLINED,INSAGFFICIENT_NET_DISPOSABLE_INCOME,3.8267462858951e-07,4.701210519579216e-06,0.008046414676757957,0.0,0.0,0.0,0.0,0.0,0.0,24%
CUST0221837,DECLINED,INSAGFFICIENT_NET_DISPOSABLE_INCOME,3.8267462858951e-07,4.701210519579216e-06,0.008046414676757957,0.0,0.0,0.0,0.0,0.0,0.0,24%
CUST0221853,DECLINED,INSAGFFICIENT_NET_DISPOSABLE_INCOME,3906.1143631719046,4448.814146410435,19243.815912529728,0.0,0.0,0.0,0.0,0.0,0.0,24%
CUST0221876,DECLINED,INSAGFFICIENT_NET_DISPOSABLE_INCOME,3.8267462858951e-07,4.701210519579216e-06,0.008046414676757957,0.0,0.0,0.0,0.0,0.0,0.0,24%
CUST0221885,DECLINED,INSAGFFICIENT_NET_DISPOSABLE_INCOME,3.8267462858951e-07,4.701210519579216e-06,0.008046414676757957,0.0,0.0,0.0,0.0,0.0,0.0,24%
CUST0221939,DECLINED,INSAGFFICIENT_NET_DISPOSABLE_INCOME,3.8267462858951e-07,4.701210519579216e-06,0.008046414676757957,0.0,0.0,0.0,0.0,0.0,0.0,24%
CUST0221971,DECLINED,INSAGFFICIENT_NET_DISPOSABLE_INCOME,3.8267462858951e-07,4.701210519579216e-06,0.008046414676757957,0.0,0.0,0.0,0.0,0.0,0.0,24%
CUST0222017,DECLINED,INSAGFFICIENT_NET_DISPOSABLE_INCOME,3.8267462858951e-07,4.701210519579216e-06,0.008046414676757957,0.0,0.0,0.0,0.0,0.0,0.0,24%
CUST0222063,DECLINED,INSAGFFICIENT_NET_DISPOSABLE_INCOME,3.8267462858951e-07,4.701210519579216e-06,0.008046414676757957,0.0,0.0,0.0,0.0,0.0,0.0,24%
CUST0222067,DECLINED,INSAGFFICIENT_NET_DISPOSABLE_INCOME,3.8267462858951e-07,4.701210519579216e-06,0.008046414676757957,0.0,0.0,0.0,0.0,0.0,0.0,24%
CUST0222165,DECLINED,INSAGFFICIENT_NET_DISPOSABLE_INCOME,3.8267462858951e-07,4.701210519579216e-06,0.008046414676757957,0.0,0.0,0.0,0.0,0.0,0.0,24%
CUST0222246,DECLINED,INSAGFFICIENT_NET_DISPOSABLE_INCOME,3.8267462858951e-07,4.701210519579216e-06,0.008046414676757957,0.0,0.0,0.0,0.0,0.0,0.0,24%
CUST0222320,DECLINED,INSAGFFICIENT_NET_DISPOSABLE_INCOME,3902.8171110397566,20106.97126991227,36163.55800138149,0.0,0.0,0.0,0.0,0.0,0.0,24%
CUST0222423,DECLINED,INSAGFFICIENT_NET_DISPOSABLE_INCOME,3.8267462858951e-07,4.701210519579216e-06,0.008046414676757957,0.0,0.0,0.0,0.0,0.0,0.0,24%
CUST0222501,DECLINED,INSAGFFICIENT_NET_DISPOSABLE_INCOME,3.8267462858951e-07,4.701210519579216e-06,0.008046414676757957,0.0,0.0,0.0,0.0,0.0,0.0,24%
CUST0222514,DECLINED,INSAGFFICIENT_NET_DISPOSABLE_INCOME,5444.058431779743,5708.867787858844,12642.575146962203,0.0,0.0,0.0,0.0,0.0,0.0,24%
CUST0222566,DECLINED,INSAGFFICIENT_NET_DISPOSABLE_INCOME,3.8267462858951e-07,4.701210519579216e-06,0.008046414676757957,0.0,0.0,0.0,0.0,0.0,0.0,24%
CUST0222678,DECLINED,INSAGFFICIENT_NET_DISPOSABLE_INCOME,3902.8171110397566,20106.97126991227,36163.55800138149,0.0,0.0,0.0,0.0,0.0,0.0,24%
CUST0222740,DECLINED,INSAGFFICIENT_NET_DISPOSABLE_INCOME,3.8267462858951e-07,4.701210519579216e-06,0.008046414676757957,0.0,0.0,0.0,0.0,0.0,0.0,24%
CUST0222932,DECLINED,INSAGFFICIENT_NET_DISPOSABLE_INCOME,3902.8171110397566,20106.97126991227,36163.55800138149,0.0,0.0,0.0,0.0,0.0,0.0,24%
CUST0222957,DECLINED,INSAGFFICIENT_NET_DISPOSABLE_INCOME,3.8267462858951e-07,4.701210519579216e-06,0.008046414676757957,0.0,0.0,0.0,0.0,0.0,0.0,24%
CUST0222960,DECLINED,INSAGFFICIENT_NET_DISPOSABLE_INCOME,3902.8171110397566,20106.97126991227,36163.55800138149,0.0,0.0,0.0,0.0,0.0,0.0,24%
CUST0223053,DECLINED,INSAGFFICIENT_NET_DISPOSABLE_INCOME,3.8267462858951e-07,4.701210519579216e-06,0.008046414676757957,0.0,0.0,0.0,0.0,0.0,0.0,24%
CUST0223097,DECLINED,INSAGFFICIENT_NET_DISPOSABLE_INCOME,3.8267462858951e-07,4.701210519579216e-06,0.008046414676757957,0.0,0.0,0.0,0.0,0.0,0.0,24%
CUST0223127,DECLINED,INSAGFFICIENT_NET_DISPOSABLE_INCOME,3.8267462858951e-07,4.701210519579216e-06,0.008046414676757957,0.0,0.0,0.0,0.0,0.0,0.0,24%
CUST0223160,DECLINED,INSAGFFICIENT_NET_DISPOSABLE_INCOME,3.8267462858951e-07,4.701210519579216e-06,0.008046414676757957,0.0,0.0,0.0,0.0,0.0,0.0,24%
CUST0223212,DECLINED,INSAGFFICIENT_NET_DISPOSABLE_INCOME,3.8267462858951e-07,4.701210519579216e-06,0.008046414676757957,0.0,0.0,0.0,0.0,0.0,0.0,24%
CUST0223240,DECLINED,INSAGFFICIENT_NET_DISPOSABLE_INCOME,3.8267462858951e-07,4.701210519579216e-06,0.008046414676757957,0.0,0.0,0.0,0.0,0.0,0.0,24%
CUST0223245,DECLINED,INSAGFFICIENT_NET_DISPOSABLE_INCOME,3.8267462858951e-07,4.701210519579216e-06,0.008046414676757957,0.0,0.0,0.0,0.0,0.0,0.0,24%
CUST0223358,DECLINED,INSAGFFICIENT_NET_DISPOSABLE_INCOME,5811.3709706631325,6497.455305534371,13331.196782682884,0.0,0.0,0.0,0.0,0.0,0.0,24%
CUST0223426,DECLINED,INSAGFFICIENT_NET_DISPOSABLE_INCOME,3.8267462858951e-07,4.701210519579216e-06,0.008046414676757957,0.0,0.0,0.0,0.0,0.0,0.0,24%
CUST0223507,DECLINED,INSAGFFICIENT_NET_DISPOSABLE_INCOME,3.8267462858951e-07,4.701210519579216e-06,0.008046414676757957,0.0,0.0,0.0,0.0,0.0,0.0,24%
CUST0223516,DECLINED,INSAGFFICIENT_NET_DISPOSABLE_INCOME,3.8267462858951e-07,4.701210519579216e-06,0.008046414676757957,0.0,0.0,0.0,0.0,0.0,0.0,24%
CUST0223528,DECLINED,INSAGFFICIENT_NET_DISPOSABLE_INCOME,3.8267462858951e-07,4.701210519579216e-06,0.008046414676757957,0.0,0.0,0.0,0.0,0.0,0.0,24%
CUST0223593,DECLINED,INSAGFFICIENT_NET_DISPOSABLE_INCOME,3.8267462858951e-07,4.701210519579216e-06,0.008046414676757957,0.0,0.0,0.0,0.0,0.0,0.0,24%
CUST0223624,DECLINED,INSAGFFICIENT_NET_DISPOSABLE_INCOME,3.8267462858951e-07,4.701210519579216e-06,0.008046414676757957,0.0,0.0,0.0,0.0,0.0,0.0,24%
CUST0223669,DECLINED,INSAGFFICIENT_NET_DISPOSABLE_INCOME,3.8267462858951e-07,4.701210519579216e-06,0.008046414676757957,0.0,0.0,0.0,0.0,0.0,0.0,24%
CUST0223756,DECLINED,INSAGFFICIENT_NET_DISPOSABLE_INCOME,3902.8171110397566,20106.97126991227,36163.55800138149,0.0,0.0,0.0,0.0,0.0,0.0,24%
CUST0223779,DECLINED,INSAGFFICIENT_NET_DISPOSABLE_INCOME,3.8267462858951e-07,4.701210519579216e-06,0.008046414676757957,0.0,0.0,0.0,0.0,0.0,0.0,24%
CUST0223806,DECLINED,INSAGFFICIENT_NET_DISPOSABLE_INCOME,3.8267462858951e-07,4.701210519579216e-06,0.008046414676757957,0.0,0.0,0.0,0.0,0.0,0.0,24%
CUST0223838,DECLINED,INSAGFFICIENT_NET_DISPOSABLE_INCOME,3.8267462858951e-07,4.701210519579216e-06,0.008046414676757957,0.0,0.0,0.0,0.0,0.0,0.0,24%
CUST0223850,DECLINED,INSAGFFICIENT_NET_DISPOSABLE_INCOME,3.8267462858951e-07,4.701210519579216e-06,0.008046414676757957,0.0,0.0,0.0,0.0,0.0,0.0,24%
CUST0223892,DECLINED,INSAGFFICIENT_NET_DISPOSABLE_INCOME,3.8267462858951e-07,4.701210519579216e-06,0.008046414676757957,0.0,0.0,0.0,0.0,0.0,0.0,24%
CUST0223895,DECLINED,INSAGFFICIENT_NET_DISPOSABLE_INCOME,3.8267462858951e-07,4.701210519579216e-06,0.008046414676757957,0.0,0.0,0.0,0.0,0.0,0.0,24%
CUST0224048,DECLINED,INSAGFFICIENT_NET_DISPOSABLE_INCOME,3.8267462858951e-07,4.701210519579216e-06,0.008046414676757957,0.0,0.0,0.0,0.0,0.0,0.0,24%
CUST0224114,DECLINED,INSAGFFICIENT_NET_DISPOSABLE_INCOME,3.8267462858951e-07,4.701210519579216e-06,0.008046414676757957,0.0,0.0,0.0,0.0,0.0,0.0,24%
CUST0224117,DECLINED,INSAGFFICIENT_NET_DISPOSABLE_INCOME,3.8267462858951e-07,4.701210519579216e-06,0.008046414676757957,0.0,0.0,0.0,0.0,0.0,0.0,24%
CUST0224141,DECLINED,INSAGFFICIENT_NET_DISPOSABLE_INCOME,3.8267462858951e-07,4.701210519579216e-06,0.008046414676757957,0.0,0.0,0.0,0.0,0.0,0.0,24%
CUST0224175,DECLINED,INSAGFFICIENT_NET_DISPOSABLE_INCOME,3.8267462858951e-07,4.701210519579216e-06,0.008046414676757957,0.0,0.0,0.0,0.0,0.0,0.0,24%
CUST0224256,DECLINED,INSAGFFICIENT_NET_DISPOSABLE_INCOME,3.8267462858951e-07,4.701210519579216e-06,0.008046414676757957,0.0,0.0,0.0,0.0,0.0,0.0,24%
CUST0224260,DECLINED,INSAGFFICIENT_NET_DISPOSABLE_INCOME,3.8267462858951e-07,4.701210519579216e-06,0.008046414676757957,0.0,0.0,0.0,0.0,0.0,0.0,24%
CUST0224375,DECLINED,INSAGFFICIENT_NET_DISPOSABLE_INCOME,4415.424546745488,4658.693722385928,18872.910040674884,0.0,0.0,0.0,0.0,0.0,0.0,24%
CUST0224400,DECLINED,INSAGFFICIENT_NET_DISPOSABLE_INCOME,3.8267462858951e-07,4.701210519579216e-06,0.008046414676757957,0.0,0.0,0.0,0.0,0.0,0.0,24%
CUST0224415,DECLINED,INSAGFFICIENT_NET_DISPOSABLE_INCOME,3.8267462858951e-07,4.701210519579216e-06,0.008046414676757957,0.0,0.0,0.0,0.0,0.0,0.0,24%
CUST0224522,DECLINED,INSAGFFICIENT_NET_DISPOSABLE_INCOME,3.8267462858951e-07,4.701210519579216e-06,0.008046414676757957,0.0,0.0,0.0,0.0,0.0,0.0,24%
CUST0224672,DECLINED,INSAGFFICIENT_NET_DISPOSABLE_INCOME,3.8267462858951e-07,4.701210519579216e-06,0.008046414676757957,0.0,0.0,0.0,0.0,0.0,0.0,24%
CUST0224683,DECLINED,INSAGFFICIENT_NET_DISPOSABLE_INCOME,6445.878505367951,7134.63497365228,17328.69917558209,0.0,0.0,0.0,0.0,0.0,0.0,24%
CUST0224766,DECLINED,INSAGFFICIENT_NET_DISPOSABLE_INCOME,3.8267462858951e-07,4.701210519579216e-06,0.008046414676757957,0.0,0.0,0.0,0.0,0.0,0.0,24%
CUST0224799,DECLINED,INSAGFFICIENT_NET_DISPOSABLE_INCOME,3.8267462858951e-07,4.701210519579216e-06,0.008046414676757957,0.0,0.0,0.0,0.0,0.0,0.0,24%
CUST0224861,DECLINED,INSAGFFICIENT_NET_DISPOSABLE_INCOME,3.8267462858951e-07,4.701210519579216e-06,0.008046414676757957,0.0,0.0,0.0,0.0,0.0,0.0,24%
CUST0224882,DECLINED,INSAGFFICIENT_NET_DISPOSABLE_INCOME,3.8267462858951e-07,4.701210519579216e-06,0.008046414676757957,0.0,0.0,0.0,0.0,0.0,0.0,24%
CUST0224989,DECLINED,INSAGFFICIENT_NET_DISPOSABLE_INCOME,3902.8171110397566,20106.97126991227,36163.55800138149,0.0,0.0,0.0,0.0,0.0,0.0,24%
CUST0225004,DECLINED,INSAGFFICIENT_NET_DISPOSABLE_INCOME,3.8267462858951e-07,4.701210519579216e-06,0.008046414676757957,0.0,0.0,0.0,0.0,0.0,0.0,24%
CUST0225019,DECLINED,INSAGFFICIENT_NET_DISPOSABLE_INCOME,3.8267462858951e-07,4.701210519579216e-06,0.008046414676757957,0.0,0.0,0.0,0.0,0.0,0.0,24%
CUST0225031,DECLINED,INSAGFFICIENT_NET_DISPOSABLE_INCOME,3.8267462858951e-07,4.701210519579216e-06,0.008046414676757957,0.0,0.0,0.0,0.0,0.0,0.0,24%
CUST0225032,DECLINED,INSAGFFICIENT_NET_DISPOSABLE_INCOME,3.8267462858951e-07,4.701210519579216e-06,0.008046414676757957,0.0,0.0,0.0,0.0,0.0,0.0,24%
CUST0225165,DECLINED,INSAGFFICIENT_NET_DISPOSABLE_INCOME,3.8267462858951e-07,4.701210519579216e-06,0.008046414676757957,0.0,0.0,0.0,0.0,0.0,0.0,24%
CUST0225418,DECLINED,INSAGFFICIENT_NET_DISPOSABLE_INCOME,3902.8171110397566,20106.97126991227,36163.55800138149,0.0,0.0,0.0,0.0,0.0,0.0,24%
CUST0225477,DECLINED,INSAGFFICIENT_NET_DISPOSABLE_INCOME,3.8267462858951e-07,4.701210519579216e-06,0.008046414676757957,0.0,0.0,0.0,0.0,0.0,0.0,24%
CUST0225507,DECLINED,INSAGFFICIENT_NET_DISPOSABLE_INCOME,5999.660256547139,7010.026039504077,13331.196782682884,0.0,0.0,0.0,0.0,0.0,0.0,24%
CUST0225587,DECLINED,INSAGFFICIENT_NET_DISPOSABLE_INCOME,3.8267462858951e-07,4.701210519579216e-06,0.008046414676757957,0.0,0.0,0.0,0.0,0.0,0.0,24%
CUST0225625,DECLINED,INSAGFFICIENT_NET_DISPOSABLE_INCOME,3.8267462858951e-07,4.701210519579216e-06,0.008046414676757957,0.0,0.0,0.0,0.0,0.0,0.0,24%
CUST0225708,DECLINED,INSAGFFICIENT_NET_DISPOSABLE_INCOME,3.8267462858951e-07,4.701210519579216e-06,0.008046414676757957,0.0,0.0,0.0,0.0,0.0,0.0,24%
CUST0225751,DECLINED,INSAGFFICIENT_NET_DISPOSABLE_INCOME,6497.862515633288,9903.363498028652,15818.25291075471,0.0,0.0,0.0,0.0,0.0,0.0,24%
CUST0225756,DECLINED,INSAGFFICIENT_NET_DISPOSABLE_INCOME,3.8267462858951e-07,4.701210519579216e-06,0.008046414676757957,0.0,0.0,0.0,0.0,0.0,0.0,24%
CUST0225775,DECLINED,INSAGFFICIENT_NET_DISPOSABLE_INCOME,3.8267462858951e-07,4.701210519579216e-06,0.008046414676757957,0.0,0.0,0.0,0.0,0.0,0.0,24%
CUST0225783,DECLINED,INSAGFFICIENT_NET_DISPOSABLE_INCOME,3.8267462858951e-07,4.701210519579216e-06,0.008046414676757957,0.0,0.0,0.0,0.0,0.0,0.0,24%
CUST0225803,DECLINED,INSAGFFICIENT_NET_DISPOSABLE_INCOME,3.8267462858951e-07,4.701210519579216e-06,0.008046414676757957,0.0,0.0,0.0,0.0,0.0,0.0,24%
CUST0225834,DECLINED,INSAGFFICIENT_NET_DISPOSABLE_INCOME,3.8267462858951e-07,4.701210519579216e-06,0.008046414676757957,0.0,0.0,0.0,0.0,0.0,0.0,24%
CUST0225856,DECLINED,INSAGFFICIENT_NET_DISPOSABLE_INCOME,3.8267462858951e-07,4.701210519579216e-06,0.008046414676757957,0.0,0.0,0.0,0.0,0.0,0.0,24%
CUST0225890,DECLINED,INSAGFFICIENT_NET_DISPOSABLE_INCOME,3.8267462858951e-07,4.701210519579216e-06,0.008046414676757957,0.0,0.0,0.0,0.0,0.0,0.0,24%
CUST0225923,DECLINED,INSAGFFICIENT_NET_DISPOSABLE_INCOME,3.8267462858951e-07,4.701210519579216e-06,0.008046414676757957,0.0,0.0,0.0,0.0,0.0,0.0,24%
CUST0225990,DECLINED,INSAGFFICIENT_NET_DISPOSABLE_INCOME,3.8267462858951e-07,4.701210519579216e-06,0.008046414676757957,0.0,0.0,0.0,0.0,0.0,0.0,24%
CUST0225991,DECLINED,INSAGFFICIENT_NET_DISPOSABLE_INCOME,3.8267462858951e-07,4.701210519579216e-06,0.008046414676757957,0.0,0.0,0.0,0.0,0.0,0.0,24%
CUST0225995,DECLINED,INSAGFFICIENT_NET_DISPOSABLE_INCOME,3.8267462858951e-07,4.701210519579216e-06,0.008046414676757957,0.0,0.0,0.0,0.0,0.0,0.0,24%
CUST0226012,DECLINED,INSAGFFICIENT_NET_DISPOSABLE_INCOME,3.8267462858951e-07,4.701210519579216e-06,0.008046414676757957,0.0,0.0,0.0,0.0,0.0,0.0,24%
CUST0226024,DECLINED,INSAGFFICIENT_NET_DISPOSABLE_INCOME,3.8267462858951e-07,4.701210519579216e-06,0.008046414676757957,0.0,0.0,0.0,0.0,0.0,0.0,24%
CUST0226175,DECLINED,INSAGFFICIENT_NET_DISPOSABLE_INCOME,3.8267462858951e-07,4.701210519579216e-06,0.008046414676757957,0.0,0.0,0.0,0.0,0.0,0.0,24%
CUST0226192,DECLINED,INSAGFFICIENT_NET_DISPOSABLE_INCOME,3.8267462858951e-07,4.701210519579216e-06,0.008046414676757957,0.0,0.0,0.0,0.0,0.0,0.0,24%
CUST0226206,DECLINED,INSAGFFICIENT_NET_DISPOSABLE_INCOME,3.8267462858951e-07,4.701210519579216e-06,0.008046414676757957,0.0,0.0,0.0,0.0,0.0,0.0,24%
CUST0226243,DECLINED,INSAGFFICIENT_NET_DISPOSABLE_INCOME,6471.890140265181,7758.835629791017,22318.929353901978,0.0,0.0,0.0,0.0,0.0,0.0,24%
CUST0226262,DECLINED,INSAGFFICIENT_NET_DISPOSABLE_INCOME,3.8267462858951e-07,4.701210519579216e-06,0.008046414676757957,0.0,0.0,0.0,0.0,0.0,0.0,24%
CUST0226264,DECLINED,INSAGFFICIENT_NET_DISPOSABLE_INCOME,3.8267462858951e-07,4.701210519579216e-06,0.008046414676757957,0.0,0.0,0.0,0.0,0.0,0.0,24%
CUST0226265,DECLINED,INSAGFFICIENT_NET_DISPOSABLE_INCOME,3.8267462858951e-07,4.701210519579216e-06,0.008046414676757957,0.0,0.0,0.0,0.0,0.0,0.0,24%
CUST0226360,DECLINED,INSAGFFICIENT_NET_DISPOSABLE_INCOME,3.8267462858951e-07,4.701210519579216e-06,0.008046414676757957,0.0,0.0,0.0,0.0,0.0,0.0,24%
CUST0226367,DECLINED,INSAGFFICIENT_NET_DISPOSABLE_INCOME,3.8267462858951e-07,4.701210519579216e-06,0.008046414676757957,0.0,0.0,0.0,0.0,0.0,0.0,24%
CUST0226386,DECLINED,INSAGFFICIENT_NET_DISPOSABLE_INCOME,3.8267462858951e-07,4.701210519579216e-06,0.008046414676757957,0.0,0.0,0.0,0.0,0.0,0.0,24%
CUST0226412,DECLINED,INSAGFFICIENT_NET_DISPOSABLE_INCOME,5550.92218601467,5813.723982507979,21791.833427146074,0.0,0.0,0.0,0.0,0.0,0.0,24%
CUST0226464,DECLINED,INSAGFFICIENT_NET_DISPOSABLE_INCOME,3.8267462858951e-07,4.701210519579216e-06,0.008046414676757957,0.0,0.0,0.0,0.0,0.0,0.0,24%
CUST0226483,DECLINED,INSAGFFICIENT_NET_DISPOSABLE_INCOME,5200.244025667251,5312.298125969113,14038.313902426447,0.0,0.0,0.0,0.0,0.0,0.0,24%
CUST0226549,DECLINED,INSAGFFICIENT_NET_DISPOSABLE_INCOME,3.8267462858951e-07,4.701210519579216e-06,0.008046414676757957,0.0,0.0,0.0,0.0,0.0,0.0,24%
CUST0226603,DECLINED,INSAGFFICIENT_NET_DISPOSABLE_INCOME,3.8267462858951e-07,4.701210519579216e-06,0.008046414676757957,0.0,0.0,0.0,0.0,0.0,0.0,24%
CUST0226682,DECLINED,INSAGFFICIENT_NET_DISPOSABLE_INCOME,3.8267462858951e-07,4.701210519579216e-06,0.008046414676757957,0.0,0.0,0.0,0.0,0.0,0.0,24%
CUST0226711,DECLINED,INSAGFFICIENT_NET_DISPOSABLE_INCOME,3.8267462858951e-07,4.701210519579216e-06,0.008046414676757957,0.0,0.0,0.0,0.0,0.0,0.0,24%
CUST0226755,DECLINED,INSAGFFICIENT_NET_DISPOSABLE_INCOME,3.8267462858951e-07,4.701210519579216e-06,0.008046414676757957,0.0,0.0,0.0,0.0,0.0,0.0,24%
CUST0226804,DECLINED,INSAGFFICIENT_NET_DISPOSABLE_INCOME,3.8267462858951e-07,4.701210519579216e-06,0.008046414676757957,0.0,0.0,0.0,0.0,0.0,0.0,24%
CUST0226813,DECLINED,INSAGFFICIENT_NET_DISPOSABLE_INCOME,3.8267462858951e-07,4.701210519579216e-06,0.008046414676757957,0.0,0.0,0.0,0.0,0.0,0.0,24%
CUST0226859,DECLINED,INSAGFFICIENT_NET_DISPOSABLE_INCOME,3.8267462858951e-07,4.701210519579216e-06,0.008046414676757957,0.0,0.0,0.0,0.0,0.0,0.0,24%
CUST0226952,DECLINED,INSAGFFICIENT_NET_DISPOSABLE_INCOME,3.8267462858951e-07,4.701210519579216e-06,0.008046414676757957,0.0,0.0,0.0,0.0,0.0,0.0,24%
CUST0226965,DECLINED,INSAGFFICIENT_NET_DISPOSABLE_INCOME,4705.387228100318,5008.161645275124,11235.885814694308,0.0,0.0,0.0,0.0,0.0,0.0,24%
CUST0226995,DECLINED,INSAGFFICIENT_NET_DISPOSABLE_INCOME,3.8267462858951e-07,4.701210519579216e-06,0.008046414676757957,0.0,0.0,0.0,0.0,0.0,0.0,24%
CUST0227113,DECLINED,INSAGFFICIENT_NET_DISPOSABLE_INCOME,3.8267462858951e-07,4.701210519579216e-06,0.008046414676757957,0.0,0.0,0.0,0.0,0.0,0.0,24%
CUST0227116,DECLINED,INSAGFFICIENT_NET_DISPOSABLE_INCOME,3.8267462858951e-07,4.701210519579216e-06,0.008046414676757957,0.0,0.0,0.0,0.0,0.0,0.0,24%
CUST0227268,DECLINED,INSAGFFICIENT_NET_DISPOSABLE_INCOME,3.8267462858951e-07,4.701210519579216e-06,0.008046414676757957,0.0,0.0,0.0,0.0,0.0,0.0,24%
CUST0227276,DECLINED,INSAGFFICIENT_NET_DISPOSABLE_INCOME,3.8267462858951e-07,4.701210519579216e-06,0.008046414676757957,0.0,0.0,0.0,0.0,0.0,0.0,24%
CUST0227436,DECLINED,INSAGFFICIENT_NET_DISPOSABLE_INCOME,3.8267462858951e-07,4.701210519579216e-06,0.008046414676757957,0.0,0.0,0.0,0.0,0.0,0.0,24%
CUST0227502,DECLINED,INSAGFFICIENT_NET_DISPOSABLE_INCOME,3.8267462858951e-07,4.701210519579216e-06,0.008046414676757957,0.0,0.0,0.0,0.0,0.0,0.0,24%
CUST0227634,DECLINED,INSAGFFICIENT_NET_DISPOSABLE_INCOME,3.8267462858951e-07,4.701210519579216e-06,0.008046414676757957,0.0,0.0,0.0,0.0,0.0,0.0,24%
CUST0227734,DECLINED,INSAGFFICIENT_NET_DISPOSABLE_INCOME,3.8267462858951e-07,4.701210519579216e-06,0.008046414676757957,0.0,0.0,0.0,0.0,0.0,0.0,24%
CUST0227739,DECLINED,INSAGFFICIENT_NET_DISPOSABLE_INCOME,3.8267462858951e-07,4.701210519579216e-06,0.008046414676757957,0.0,0.0,0.0,0.0,0.0,0.0,24%
CUST0227765,DECLINED,INSAGFFICIENT_NET_DISPOSABLE_INCOME,3.8267462858951e-07,4.701210519579216e-06,0.008046414676757957,0.0,0.0,0.0,0.0,0.0,0.0,24%
CUST0227767,DECLINED,INSAGFFICIENT_NET_DISPOSABLE_INCOME,3.8267462858951e-07,4.701210519579216e-06,0.008046414676757957,0.0,0.0,0.0,0.0,0.0,0.0,24%
CUST0227785,DECLINED,INSAGFFICIENT_NET_DISPOSABLE_INCOME,3.8267462858951e-07,4.701210519579216e-06,0.008046414676757957,0.0,0.0,0.0,0.0,0.0,0.0,24%
CUST0227842,DECLINED,INSAGFFICIENT_NET_DISPOSABLE_INCOME,3.8267462858951e-07,4.701210519579216e-06,0.008046414676757957,0.0,0.0,0.0,0.0,0.0,0.0,24%
CUST0227857,DECLINED,INSAGFFICIENT_NET_DISPOSABLE_INCOME,3.8267462858951e-07,4.701210519579216e-06,0.008046414676757957,0.0,0.0,0.0,0.0,0.0,0.0,24%
CUST0227863,DECLINED,INSAGFFICIENT_NET_DISPOSABLE_INCOME,3.8267462858951e-07,4.701210519579216e-06,0.008046414676757957,0.0,0.0,0.0,0.0,0.0,0.0,24%
CUST0227864,DECLINED,INSAGFFICIENT_NET_DISPOSABLE_INCOME,3.8267462858951e-07,4.701210519579216e-06,0.008046414676757957,0.0,0.0,0.0,0.0,0.0,0.0,24%
CUST0227868,DECLINED,INSAGFFICIENT_NET_DISPOSABLE_INCOME,3.8267462858951e-07,4.701210519579216e-06,0.008046414676757957,0.0,0.0,0.0,0.0,0.0,0.0,24%
CUST0227871,DECLINED,INSAGFFICIENT_NET_DISPOSABLE_INCOME,3.8267462858951e-07,4.701210519579216e-06,0.008046414676757957,0.0,0.0,0.0,0.0,0.0,0.0,24%
CUST0227893,DECLINED,INSAGFFICIENT_NET_DISPOSABLE_INCOME,3.8267462858951e-07,4.701210519579216e-06,0.008046414676757957,0.0,0.0,0.0,0.0,0.0,0.0,24%
CUST0227898,DECLINED,INSAGFFICIENT_NET_DISPOSABLE_INCOME,3.8267462858951e-07,4.701210519579216e-06,0.008046414676757957,0.0,0.0,0.0,0.0,0.0,0.0,24%
CUST0227932,DECLINED,INSAGFFICIENT_NET_DISPOSABLE_INCOME,3.8267462858951e-07,4.701210519579216e-06,0.008046414676757957,0.0,0.0,0.0,0.0,0.0,0.0,24%
CUST0227955,DECLINED,INSAGFFICIENT_NET_DISPOSABLE_INCOME,3.8267462858951e-07,4.701210519579216e-06,0.008046414676757957,0.0,0.0,0.0,0.0,0.0,0.0,24%
CUST0227980,DECLINED,INSAGFFICIENT_NET_DISPOSABLE_INCOME,3.8267462858951e-07,4.701210519579216e-06,0.008046414676757957,0.0,0.0,0.0,0.0,0.0,0.0,24%
CUST0228029,DECLINED,INSAGFFICIENT_NET_DISPOSABLE_INCOME,3.8267462858951e-07,4.701210519579216e-06,0.008046414676757957,0.0,0.0,0.0,0.0,0.0,0.0,24%
CUST0228090,DECLINED,INSAGFFICIENT_NET_DISPOSABLE_INCOME,3.8267462858951e-07,4.701210519579216e-06,0.008046414676757957,0.0,0.0,0.0,0.0,0.0,0.0,24%
CUST0228095,DECLINED,INSAGFFICIENT_NET_DISPOSABLE_INCOME,3.8267462858951e-07,4.701210519579216e-06,0.008046414676757957,0.0,0.0,0.0,0.0,0.0,0.0,24%
CUST0228126,DECLINED,INSAGFFICIENT_NET_DISPOSABLE_INCOME,3.8267462858951e-07,4.701210519579216e-06,0.008046414676757957,0.0,0.0,0.0,0.0,0.0,0.0,24%
CUST0228152,DECLINED,INSAGFFICIENT_NET_DISPOSABLE_INCOME,3.8267462858951e-07,4.701210519579216e-06,0.008046414676757957,0.0,0.0,0.0,0.0,0.0,0.0,24%
CUST0228347,DECLINED,INSAGFFICIENT_NET_DISPOSABLE_INCOME,3.8267462858951e-07,4.701210519579216e-06,0.008046414676757957,0.0,0.0,0.0,0.0,0.0,0.0,24%
CUST0228411,DECLINED,INSAGFFICIENT_NET_DISPOSABLE_INCOME,3.8267462858951e-07,4.701210519579216e-06,0.008046414676757957,0.0,0.0,0.0,0.0,0.0,0.0,24%
CUST0228415,DECLINED,INSAGFFICIENT_NET_DISPOSABLE_INCOME,3.8267462858951e-07,4.701210519579216e-06,0.008046414676757957,0.0,0.0,0.0,0.0,0.0,0.0,24%
CUST0228487,DECLINED,INSAGFFICIENT_NET_DISPOSABLE_INCOME,3.8267462858951e-07,4.701210519579216e-06,0.008046414676757957,0.0,0.0,0.0,0.0,0.0,0.0,24%
CUST0228505,DECLINED,INSAGFFICIENT_NET_DISPOSABLE_INCOME,2825.959752063002,3928.5519951880897,18800.09778104941,0.0,0.0,0.0,0.0,0.0,0.0,24%
CUST0228559,DECLINED,INSAGFFICIENT_NET_DISPOSABLE_INCOME,3.8267462858951e-07,4.701210519579216e-06,0.008046414676757957,0.0,0.0,0.0,0.0,0.0,0.0,24%
CUST0228562,DECLINED,INSAGFFICIENT_NET_DISPOSABLE_INCOME,3.8267462858951e-07,4.701210519579216e-06,0.008046414676757957,0.0,0.0,0.0,0.0,0.0,0.0,24%
CUST0228568,DECLINED,INSAGFFICIENT_NET_DISPOSABLE_INCOME,6633.587370538686,7365.313384075586,18667.05031575223,0.0,0.0,0.0,0.0,0.0,0.0,24%
CUST0228597,DECLINED,INSAGFFICIENT_NET_DISPOSABLE_INCOME,3.8267462858951e-07,4.701210519579216e-06,0.008046414676757957,0.0,0.0,0.0,0.0,0.0,0.0,24%
CUST0228600,DECLINED,INSAGFFICIENT_NET_DISPOSABLE_INCOME,3.8267462858951e-07,4.701210519579216e-06,0.008046414676757957,0.0,0.0,0.0,0.0,0.0,0.0,24%
CUST0228679,DECLINED,INSAGFFICIENT_NET_DISPOSABLE_INCOME,3.8267462858951e-07,4.701210519579216e-06,0.008046414676757957,0.0,0.0,0.0,0.0,0.0,0.0,24%
CUST0228824,DECLINED,INSAGFFICIENT_NET_DISPOSABLE_INCOME,3.8267462858951e-07,4.701210519579216e-06,0.008046414676757957,0.0,0.0,0.0,0.0,0.0,0.0,24%
CUST0229009,DECLINED,INSAGFFICIENT_NET_DISPOSABLE_INCOME,3.8267462858951e-07,4.701210519579216e-06,0.008046414676757957,0.0,0.0,0.0,0.0,0.0,0.0,24%
CUST0229137,DECLINED,INSAGFFICIENT_NET_DISPOSABLE_INCOME,3.8267462858951e-07,4.701210519579216e-06,0.008046414676757957,0.0,0.0,0.0,0.0,0.0,0.0,24%
CUST0229197,DECLINED,INSAGFFICIENT_NET_DISPOSABLE_INCOME,3.8267462858951e-07,4.701210519579216e-06,0.008046414676757957,0.0,0.0,0.0,0.0,0.0,0.0,24%
CUST0229217,DECLINED,INSAGFFICIENT_NET_DISPOSABLE_INCOME,3.8267462858951e-07,4.701210519579216e-06,0.008046414676757957,0.0,0.0,0.0,0.0,0.0,0.0,24%
CUST0229227,DECLINED,INSAGFFICIENT_NET_DISPOSABLE_INCOME,3.8267462858951e-07,4.701210519579216e-06,0.008046414676757957,0.0,0.0,0.0,0.0,0.0,0.0,24%
CUST0229243,DECLINED,INSAGFFICIENT_NET_DISPOSABLE_INCOME,3.8267462858951e-07,4.701210519579216e-06,0.008046414676757957,0.0,0.0,0.0,0.0,0.0,0.0,24%
CUST0229385,DECLINED,INSAGFFICIENT_NET_DISPOSABLE_INCOME,3.8267462858951e-07,4.701210519579216e-06,0.008046414676757957,0.0,0.0,0.0,0.0,0.0,0.0,24%
CUST0229430,DECLINED,INSAGFFICIENT_NET_DISPOSABLE_INCOME,3.8267462858951e-07,4.701210519579216e-06,0.008046414676757957,0.0,0.0,0.0,0.0,0.0,0.0,24%
CUST0229443,DECLINED,INSAGFFICIENT_NET_DISPOSABLE_INCOME,3.8267462858951e-07,4.701210519579216e-06,0.008046414676757957,0.0,0.0,0.0,0.0,0.0,0.0,24%
CUST0229529,DECLINED,INSAGFFICIENT_NET_DISPOSABLE_INCOME,3.8267462858951e-07,4.701210519579216e-06,0.008046414676757957,0.0,0.0,0.0,0.0,0.0,0.0,24%
CUST0229691,DECLINED,INSAGFFICIENT_NET_DISPOSABLE_INCOME,5918.638228863552,6697.166991352844,13331.196782682884,0.0,0.0,0.0,0.0,0.0,0.0,24%
CUST0229831,DECLINED,INSAGFFICIENT_NET_DISPOSABLE_INCOME,3.8267462858951e-07,4.701210519579216e-06,0.008046414676757957,0.0,0.0,0.0,0.0,0.0,0.0,24%
CUST0229856,DECLINED,INSAGFFICIENT_NET_DISPOSABLE_INCOME,3.8267462858951e-07,4.701210519579216e-06,0.008046414676757957,0.0,0.0,0.0,0.0,0.0,0.0,24%
CUST0229911,DECLINED,INSAGFFICIENT_NET_DISPOSABLE_INCOME,3.8267462858951e-07,4.701210519579216e-06,0.008046414676757957,0.0,0.0,0.0,0.0,0.0,0.0,24%
CUST0229956,DECLINED,INSAGFFICIENT_NET_DISPOSABLE_INCOME,3.8267462858951e-07,4.701210519579216e-06,0.008046414676757957,0.0,0.0,0.0,0.0,0.0,0.0,24%
CUST0229968,DECLINED,INSAGFFICIENT_NET_DISPOSABLE_INCOME,3.8267462858951e-07,4.701210519579216e-06,0.008046414676757957,0.0,0.0,0.0,0.0,0.0,0.0,24%
CUST0230047,DECLINED,INSAGFFICIENT_NET_DISPOSABLE_INCOME,3.8267462858951e-07,4.701210519579216e-06,0.008046414676757957,0.0,0.0,0.0,0.0,0.0,0.0,24%
CUST0230105,DECLINED,INSAGFFICIENT_NET_DISPOSABLE_INCOME,3.8267462858951e-07,4.701210519579216e-06,0.008046414676757957,0.0,0.0,0.0,0.0,0.0,0.0,24%
CUST0230158,DECLINED,INSAGFFICIENT_NET_DISPOSABLE_INCOME,3.8267462858951e-07,4.701210519579216e-06,0.008046414676757957,0.0,0.0,0.0,0.0,0.0,0.0,24%
CUST0230205,DECLINED,INSAGFFICIENT_NET_DISPOSABLE_INCOME,3.8267462858951e-07,4.701210519579216e-06,0.008046414676757957,0.0,0.0,0.0,0.0,0.0,0.0,24%
CUST0230218,DECLINED,INSAGFFICIENT_NET_DISPOSABLE_INCOME,3.8267462858951e-07,4.701210519579216e-06,0.008046414676757957,0.0,0.0,0.0,0.0,0.0,0.0,24%
CUST0230249,DECLINED,INSAGFFICIENT_NET_DISPOSABLE_INCOME,3.8267462858951e-07,4.701210519579216e-06,0.008046414676757957,0.0,0.0,0.0,0.0,0.0,0.0,24%
CUST0230251,DECLINED,INSAGFFICIENT_NET_DISPOSABLE_INCOME,3.8267462858951e-07,4.701210519579216e-06,0.008046414676757957,0.0,0.0,0.0,0.0,0.0,0.0,24%
CUST0230324,DECLINED,INSAGFFICIENT_NET_DISPOSABLE_INCOME,3.8267462858951e-07,4.701210519579216e-06,0.008046414676757957,0.0,0.0,0.0,0.0,0.0,0.0,24%
CUST0230595,DECLINED,INSAGFFICIENT_NET_DISPOSABLE_INCOME,3.8267462858951e-07,4.701210519579216e-06,0.008046414676757957,0.0,0.0,0.0,0.0,0.0,0.0,24%
CUST0230647,DECLINED,INSAGFFICIENT_NET_DISPOSABLE_INCOME,3.8267462858951e-07,4.701210519579216e-06,0.008046414676757957,0.0,0.0,0.0,0.0,0.0,0.0,24%
CUST0230772,DECLINED,INSAGFFICIENT_NET_DISPOSABLE_INCOME,3.8267462858951e-07,4.701210519579216e-06,0.008046414676757957,0.0,0.0,0.0,0.0,0.0,0.0,24%
CUST0230777,DECLINED,INSAGFFICIENT_NET_DISPOSABLE_INCOME,3.8267462858951e-07,4.701210519579216e-06,0.008046414676757957,0.0,0.0,0.0,0.0,0.0,0.0,24%
CUST0230828,DECLINED,INSAGFFICIENT_NET_DISPOSABLE_INCOME,3.8267462858951e-07,4.701210519579216e-06,0.008046414676757957,0.0,0.0,0.0,0.0,0.0,0.0,24%
CUST0230862,DECLINED,INSAGFFICIENT_NET_DISPOSABLE_INCOME,3.8267462858951e-07,4.701210519579216e-06,0.008046414676757957,0.0,0.0,0.0,0.0,0.0,0.0,24%
CUST0230990,DECLINED,INSAGFFICIENT_NET_DISPOSABLE_INCOME,3.8267462858951e-07,4.701210519579216e-06,0.008046414676757957,0.0,0.0,0.0,0.0,0.0,0.0,24%
CUST0231014,DECLINED,INSAGFFICIENT_NET_DISPOSABLE_INCOME,3.8267462858951e-07,4.701210519579216e-06,0.008046414676757957,0.0,0.0,0.0,0.0,0.0,0.0,24%
CUST0231163,DECLINED,INSAGFFICIENT_NET_DISPOSABLE_INCOME,3.8267462858951e-07,4.701210519579216e-06,0.008046414676757957,0.0,0.0,0.0,0.0,0.0,0.0,24%
CUST0231216,DECLINED,INSAGFFICIENT_NET_DISPOSABLE_INCOME,3.8267462858951e-07,4.701210519579216e-06,0.008046414676757957,0.0,0.0,0.0,0.0,0.0,0.0,24%
CUST0231272,DECLINED,INSAGFFICIENT_NET_DISPOSABLE_INCOME,3.8267462858951e-07,4.701210519579216e-06,0.008046414676757957,0.0,0.0,0.0,0.0,0.0,0.0,24%
CUST0231303,DECLINED,INSAGFFICIENT_NET_DISPOSABLE_INCOME,3.8267462858951e-07,4.701210519579216e-06,0.008046414676757957,0.0,0.0,0.0,0.0,0.0,0.0,24%
CUST0231313,DECLINED,INSAGFFICIENT_NET_DISPOSABLE_INCOME,3.8267462858951e-07,4.701210519579216e-06,0.008046414676757957,0.0,0.0,0.0,0.0,0.0,0.0,24%
CUST0231337,DECLINED,INSAGFFICIENT_NET_DISPOSABLE_INCOME,3.8267462858951e-07,4.701210519579216e-06,0.008046414676757957,0.0,0.0,0.0,0.0,0.0,0.0,24%
CUST0231366,DECLINED,INSAGFFICIENT_NET_DISPOSABLE_INCOME,3.8267462858951e-07,4.701210519579216e-06,0.008046414676757957,0.0,0.0,0.0,0.0,0.0,0.0,24%
CUST0231405,DECLINED,INSAGFFICIENT_NET_DISPOSABLE_INCOME,3.8267462858951e-07,4.701210519579216e-06,0.008046414676757957,0.0,0.0,0.0,0.0,0.0,0.0,24%
CUST0231447,DECLINED,INSAGFFICIENT_NET_DISPOSABLE_INCOME,3.8267462858951e-07,4.701210519579216e-06,0.008046414676757957,0.0,0.0,0.0,0.0,0.0,0.0,24%
CUST0231574,DECLINED,INSAGFFICIENT_NET_DISPOSABLE_INCOME,3.8267462858951e-07,4.701210519579216e-06,0.008046414676757957,0.0,0.0,0.0,0.0,0.0,0.0,24%
CUST0231597,DECLINED,INSAGFFICIENT_NET_DISPOSABLE_INCOME,3.8267462858951e-07,4.701210519579216e-06,0.008046414676757957,0.0,0.0,0.0,0.0,0.0,0.0,24%
CUST0231724,DECLINED,INSAGFFICIENT_NET_DISPOSABLE_INCOME,3.8267462858951e-07,4.701210519579216e-06,0.008046414676757957,0.0,0.0,0.0,0.0,0.0,0.0,24%
CUST0231742,DECLINED,INSAGFFICIENT_NET_DISPOSABLE_INCOME,3.8267462858951e-07,4.701210519579216e-06,0.008046414676757957,0.0,0.0,0.0,0.0,0.0,0.0,24%
CUST0231756,DECLINED,INSAGFFICIENT_NET_DISPOSABLE_INCOME,3.8267462858951e-07,4.701210519579216e-06,0.008046414676757957,0.0,0.0,0.0,0.0,0.0,0.0,24%
CUST0231794,DECLINED,INSAGFFICIENT_NET_DISPOSABLE_INCOME,3.8267462858951e-07,4.701210519579216e-06,0.008046414676757957,0.0,0.0,0.0,0.0,0.0,0.0,24%
CUST0231896,DECLINED,INSAGFFICIENT_NET_DISPOSABLE_INCOME,3.8267462858951e-07,4.701210519579216e-06,0.008046414676757957,0.0,0.0,0.0,0.0,0.0,0.0,24%
CUST0231902,DECLINED,INSAGFFICIENT_NET_DISPOSABLE_INCOME,3.8267462858951e-07,4.701210519579216e-06,0.008046414676757957,0.0,0.0,0.0,0.0,0.0,0.0,24%
CUST0232000,DECLINED,INSAGFFICIENT_NET_DISPOSABLE_INCOME,3.8267462858951e-07,4.701210519579216e-06,0.008046414676757957,0.0,0.0,0.0,0.0,0.0,0.0,24%
CUST0232022,DECLINED,INSAGFFICIENT_NET_DISPOSABLE_INCOME,3.8267462858951e-07,4.701210519579216e-06,0.008046414676757957,0.0,0.0,0.0,0.0,0.0,0.0,24%
CUST0232026,DECLINED,INSAGFFICIENT_NET_DISPOSABLE_INCOME,3.8267462858951e-07,4.701210519579216e-06,0.008046414676757957,0.0,0.0,0.0,0.0,0.0,0.0,24%
CUST0232034,DECLINED,INSAGFFICIENT_NET_DISPOSABLE_INCOME,3.8267462858951e-07,4.701210519579216e-06,0.008046414676757957,0.0,0.0,0.0,0.0,0.0,0.0,24%
CUST0232117,DECLINED,INSAGFFICIENT_NET_DISPOSABLE_INCOME,3.8267462858951e-07,4.701210519579216e-06,0.008046414676757957,0.0,0.0,0.0,0.0,0.0,0.0,24%
CUST0232194,DECLINED,INSAGFFICIENT_NET_DISPOSABLE_INCOME,3.8267462858951e-07,4.701210519579216e-06,0.008046414676757957,0.0,0.0,0.0,0.0,0.0,0.0,24%
CUST0232195,DECLINED,INSAGFFICIENT_NET_DISPOSABLE_INCOME,3.8267462858951e-07,4.701210519579216e-06,0.008046414676757957,0.0,0.0,0.0,0.0,0.0,0.0,24%
CUST0232277,DECLINED,INSAGFFICIENT_NET_DISPOSABLE_INCOME,3.8267462858951e-07,4.701210519579216e-06,0.008046414676757957,0.0,0.0,0.0,0.0,0.0,0.0,24%
CUST0232281,DECLINED,INSAGFFICIENT_NET_DISPOSABLE_INCOME,3.8267462858951e-07,4.701210519579216e-06,0.008046414676757957,0.0,0.0,0.0,0.0,0.0,0.0,24%
CUST0232305,DECLINED,INSAGFFICIENT_NET_DISPOSABLE_INCOME,3.8267462858951e-07,4.701210519579216e-06,0.008046414676757957,0.0,0.0,0.0,0.0,0.0,0.0,24%
CUST0232325,DECLINED,INSAGFFICIENT_NET_DISPOSABLE_INCOME,3.8267462858951e-07,4.701210519579216e-06,0.008046414676757957,0.0,0.0,0.0,0.0,0.0,0.0,24%
CUST0232428,DECLINED,INSAGFFICIENT_NET_DISPOSABLE_INCOME,3.8267462858951e-07,4.701210519579216e-06,0.008046414676757957,0.0,0.0,0.0,0.0,0.0,0.0,24%
CUST0232894,DECLINED,INSAGFFICIENT_NET_DISPOSABLE_INCOME,3.8267462858951e-07,4.701210519579216e-06,0.008046414676757957,0.0,0.0,0.0,0.0,0.0,0.0,24%
CUST0232904,DECLINED,INSAGFFICIENT_NET_DISPOSABLE_INCOME,5179.339967493467,5615.668909320813,19375.841857937736,0.0,0.0,0.0,0.0,0.0,0.0,24%
CUST0232923,DECLINED,INSAGFFICIENT_NET_DISPOSABLE_INCOME,3.8267462858951e-07,4.701210519579216e-06,0.008046414676757957,0.0,0.0,0.0,0.0,0.0,0.0,24%
CUST0233024,DECLINED,INSAGFFICIENT_NET_DISPOSABLE_INCOME,3.8267462858951e-07,4.701210519579216e-06,0.008046414676757957,0.0,0.0,0.0,0.0,0.0,0.0,24%
CUST0233114,DECLINED,INSAGFFICIENT_NET_DISPOSABLE_INCOME,3.8267462858951e-07,4.701210519579216e-06,0.008046414676757957,0.0,0.0,0.0,0.0,0.0,0.0,24%
CUST0233142,DECLINED,INSAGFFICIENT_NET_DISPOSABLE_INCOME,3.8267462858951e-07,4.701210519579216e-06,0.008046414676757957,0.0,0.0,0.0,0.0,0.0,0.0,24%
CUST0233274,DECLINED,INSAGFFICIENT_NET_DISPOSABLE_INCOME,3.8267462858951e-07,4.701210519579216e-06,0.008046414676757957,0.0,0.0,0.0,0.0,0.0,0.0,24%
CUST0233284,DECLINED,INSAGFFICIENT_NET_DISPOSABLE_INCOME,3.8267462858951e-07,4.701210519579216e-06,0.008046414676757957,0.0,0.0,0.0,0.0,0.0,0.0,24%
CUST0233371,DECLINED,INSAGFFICIENT_NET_DISPOSABLE_INCOME,3.8267462858951e-07,4.701210519579216e-06,0.008046414676757957,0.0,0.0,0.0,0.0,0.0,0.0,24%
CUST0233511,DECLINED,INSAGFFICIENT_NET_DISPOSABLE_INCOME,3.8267462858951e-07,4.701210519579216e-06,0.008046414676757957,0.0,0.0,0.0,0.0,0.0,0.0,24%
CUST0233515,DECLINED,INSAGFFICIENT_NET_DISPOSABLE_INCOME,3.8267462858951e-07,4.701210519579216e-06,0.008046414676757957,0.0,0.0,0.0,0.0,0.0,0.0,24%
CUST0233655,DECLINED,INSAGFFICIENT_NET_DISPOSABLE_INCOME,3.8267462858951e-07,4.701210519579216e-06,0.008046414676757957,0.0,0.0,0.0,0.0,0.0,0.0,24%
CUST0233758,DECLINED,INSAGFFICIENT_NET_DISPOSABLE_INCOME,3.8267462858951e-07,4.701210519579216e-06,0.008046414676757957,0.0,0.0,0.0,0.0,0.0,0.0,24%
CUST0233760,DECLINED,INSAGFFICIENT_NET_DISPOSABLE_INCOME,3.8267462858951e-07,4.701210519579216e-06,0.008046414676757957,0.0,0.0,0.0,0.0,0.0,0.0,24%
CUST0233765,DECLINED,INSAGFFICIENT_NET_DISPOSABLE_INCOME,3.8267462858951e-07,4.701210519579216e-06,0.008046414676757957,0.0,0.0,0.0,0.0,0.0,0.0,24%
CUST0233778,DECLINED,INSAGFFICIENT_NET_DISPOSABLE_INCOME,6321.991053175992,6658.3582897772185,17929.757542018837,0.0,0.0,0.0,0.0,0.0,0.0,24%
CUST0233785,DECLINED,INSAGFFICIENT_NET_DISPOSABLE_INCOME,3693.3803413487717,4098.986211738991,18188.51056898798,0.0,0.0,0.0,0.0,0.0,0.0,24%
CUST0233788,DECLINED,INSAGFFICIENT_NET_DISPOSABLE_INCOME,3.8267462858951e-07,4.701210519579216e-06,0.008046414676757957,0.0,0.0,0.0,0.0,0.0,0.0,24%
CUST0233790,DECLINED,INSAGFFICIENT_NET_DISPOSABLE_INCOME,3.8267462858951e-07,4.701210519579216e-06,0.008046414676757957,0.0,0.0,0.0,0.0,0.0,0.0,24%
CUST0233799,DECLINED,INSAGFFICIENT_NET_DISPOSABLE_INCOME,3.8267462858951e-07,4.701210519579216e-06,0.008046414676757957,0.0,0.0,0.0,0.0,0.0,0.0,24%
CUST0233874,DECLINED,INSAGFFICIENT_NET_DISPOSABLE_INCOME,3.8267462858951e-07,4.701210519579216e-06,0.008046414676757957,0.0,0.0,0.0,0.0,0.0,0.0,24%
CUST0233975,DECLINED,INSAGFFICIENT_NET_DISPOSABLE_INCOME,3.8267462858951e-07,4.701210519579216e-06,0.008046414676757957,0.0,0.0,0.0,0.0,0.0,0.0,24%
CUST0233987,DECLINED,INSAGFFICIENT_NET_DISPOSABLE_INCOME,3.8267462858951e-07,4.701210519579216e-06,0.008046414676757957,0.0,0.0,0.0,0.0,0.0,0.0,24%
CUST0234302,DECLINED,INSAGFFICIENT_NET_DISPOSABLE_INCOME,3.8267462858951e-07,4.701210519579216e-06,0.008046414676757957,0.0,0.0,0.0,0.0,0.0,0.0,24%
CUST0234356,DECLINED,INSAGFFICIENT_NET_DISPOSABLE_INCOME,3.8267462858951e-07,4.701210519579216e-06,0.008046414676757957,0.0,0.0,0.0,0.0,0.0,0.0,24%
CUST0234457,DECLINED,INSAGFFICIENT_NET_DISPOSABLE_INCOME,3.8267462858951e-07,4.701210519579216e-06,0.008046414676757957,0.0,0.0,0.0,0.0,0.0,0.0,24%
CUST0234491,DECLINED,INSAGFFICIENT_NET_DISPOSABLE_INCOME,3.8267462858951e-07,4.701210519579216e-06,0.008046414676757957,0.0,0.0,0.0,0.0,0.0,0.0,24%
CUST0234693,DECLINED,INSAGFFICIENT_NET_DISPOSABLE_INCOME,3.8267462858951e-07,4.701210519579216e-06,0.008046414676757957,0.0,0.0,0.0,0.0,0.0,0.0,24%
CUST0234702,DECLINED,INSAGFFICIENT_NET_DISPOSABLE_INCOME,3.8267462858951e-07,4.701210519579216e-06,0.008046414676757957,0.0,0.0,0.0,0.0,0.0,0.0,24%
CUST0234712,DECLINED,INSAGFFICIENT_NET_DISPOSABLE_INCOME,3.8267462858951e-07,4.701210519579216e-06,0.008046414676757957,0.0,0.0,0.0,0.0,0.0,0.0,24%
CUST0234729,DECLINED,INSAGFFICIENT_NET_DISPOSABLE_INCOME,3.8267462858951e-07,4.701210519579216e-06,0.008046414676757957,0.0,0.0,0.0,0.0,0.0,0.0,24%
CUST0234781,DECLINED,INSAGFFICIENT_NET_DISPOSABLE_INCOME,3.8267462858951e-07,4.701210519579216e-06,0.008046414676757957,0.0,0.0,0.0,0.0,0.0,0.0,24%
CUST0234850,DECLINED,INSAGFFICIENT_NET_DISPOSABLE_INCOME,3.8267462858951e-07,4.701210519579216e-06,0.008046414676757957,0.0,0.0,0.0,0.0,0.0,0.0,24%
CUST0234884,DECLINED,INSAGFFICIENT_NET_DISPOSABLE_INCOME,3.8267462858951e-07,4.701210519579216e-06,0.008046414676757957,0.0,0.0,0.0,0.0,0.0,0.0,24%
CUST0234933,DECLINED,INSAGFFICIENT_NET_DISPOSABLE_INCOME,5918.467964986894,6321.5599651054,12650.532767652809,0.0,0.0,0.0,0.0,0.0,0.0,24%
CUST0234961,DECLINED,INSAGFFICIENT_NET_DISPOSABLE_INCOME,3.8267462858951e-07,4.701210519579216e-06,0.008046414676757957,0.0,0.0,0.0,0.0,0.0,0.0,24%
CUST0235003,DECLINED,INSAGFFICIENT_NET_DISPOSABLE_INCOME,3.8267462858951e-07,4.701210519579216e-06,0.008046414676757957,0.0,0.0,0.0,0.0,0.0,0.0,24%
CUST0235044,DECLINED,INSAGFFICIENT_NET_DISPOSABLE_INCOME,5155.0737625525335,5747.618081316269,18740.220629369203,0.0,0.0,0.0,0.0,0.0,0.0,24%
CUST0235071,DECLINED,INSAGFFICIENT_NET_DISPOSABLE_INCOME,3.8267462858951e-07,4.701210519579216e-06,0.008046414676757957,0.0,0.0,0.0,0.0,0.0,0.0,24%
CUST0235121,DECLINED,INSAGFFICIENT_NET_DISPOSABLE_INCOME,3.8267462858951e-07,4.701210519579216e-06,0.008046414676757957,0.0,0.0,0.0,0.0,0.0,0.0,24%
CUST0235186,DECLINED,INSAGFFICIENT_NET_DISPOSABLE_INCOME,3902.8171110397566,20106.97126991227,36163.55800138149,0.0,0.0,0.0,0.0,0.0,0.0,24%
CUST0235298,DECLINED,INSAGFFICIENT_NET_DISPOSABLE_INCOME,3.8267462858951e-07,4.701210519579216e-06,0.008046414676757957,0.0,0.0,0.0,0.0,0.0,0.0,24%
CUST0235403,DECLINED,INSAGFFICIENT_NET_DISPOSABLE_INCOME,3.8267462858951e-07,4.701210519579216e-06,0.008046414676757957,0.0,0.0,0.0,0.0,0.0,0.0,24%
CUST0235450,DECLINED,INSAGFFICIENT_NET_DISPOSABLE_INCOME,3.8267462858951e-07,4.701210519579216e-06,0.008046414676757957,0.0,0.0,0.0,0.0,0.0,0.0,24%
CUST0235455,DECLINED,INSAGFFICIENT_NET_DISPOSABLE_INCOME,3.8267462858951e-07,4.701210519579216e-06,0.008046414676757957,0.0,0.0,0.0,0.0,0.0,0.0,24%
CUST0235582,DECLINED,INSAGFFICIENT_NET_DISPOSABLE_INCOME,3.8267462858951e-07,4.701210519579216e-06,0.008046414676757957,0.0,0.0,0.0,0.0,0.0,0.0,24%
CUST0235650,DECLINED,INSAGFFICIENT_NET_DISPOSABLE_INCOME,3.8267462858951e-07,4.701210519579216e-06,0.008046414676757957,0.0,0.0,0.0,0.0,0.0,0.0,24%
CUST0235651,DECLINED,INSAGFFICIENT_NET_DISPOSABLE_INCOME,3.8267462858951e-07,4.701210519579216e-06,0.008046414676757957,0.0,0.0,0.0,0.0,0.0,0.0,24%
CUST0235680,DECLINED,INSAGFFICIENT_NET_DISPOSABLE_INCOME,3.8267462858951e-07,4.701210519579216e-06,0.008046414676757957,0.0,0.0,0.0,0.0,0.0,0.0,24%
CUST0235681,DECLINED,INSAGFFICIENT_NET_DISPOSABLE_INCOME,3.8267462858951e-07,4.701210519579216e-06,0.008046414676757957,0.0,0.0,0.0,0.0,0.0,0.0,24%
CUST0235695,DECLINED,INSAGFFICIENT_NET_DISPOSABLE_INCOME,3.8267462858951e-07,4.701210519579216e-06,0.008046414676757957,0.0,0.0,0.0,0.0,0.0,0.0,24%
CUST0235697,DECLINED,INSAGFFICIENT_NET_DISPOSABLE_INCOME,3.8267462858951e-07,4.701210519579216e-06,0.008046414676757957,0.0,0.0,0.0,0.0,0.0,0.0,24%
CUST0235735,DECLINED,INSAGFFICIENT_NET_DISPOSABLE_INCOME,3.8267462858951e-07,4.701210519579216e-06,0.008046414676757957,0.0,0.0,0.0,0.0,0.0,0.0,24%
CUST0235754,DECLINED,INSAGFFICIENT_NET_DISPOSABLE_INCOME,3.8267462858951e-07,4.701210519579216e-06,0.008046414676757957,0.0,0.0,0.0,0.0,0.0,0.0,24%
CUST0235784,DECLINED,INSAGFFICIENT_NET_DISPOSABLE_INCOME,3.8267462858951e-07,4.701210519579216e-06,0.008046414676757957,0.0,0.0,0.0,0.0,0.0,0.0,24%
CUST0235835,DECLINED,INSAGFFICIENT_NET_DISPOSABLE_INCOME,3.8267462858951e-07,4.701210519579216e-06,0.008046414676757957,0.0,0.0,0.0,0.0,0.0,0.0,24%
CUST0235958,DECLINED,INSAGFFICIENT_NET_DISPOSABLE_INCOME,3.8267462858951e-07,4.701210519579216e-06,0.008046414676757957,0.0,0.0,0.0,0.0,0.0,0.0,24%
CUST0235963,DECLINED,INSAGFFICIENT_NET_DISPOSABLE_INCOME,3.8267462858951e-07,4.701210519579216e-06,0.008046414676757957,0.0,0.0,0.0,0.0,0.0,0.0,24%
CUST0236020,DECLINED,INSAGFFICIENT_NET_DISPOSABLE_INCOME,3902.8171110397566,20106.97126991227,36163.55800138149,0.0,0.0,0.0,0.0,0.0,0.0,24%
CUST0236148,DECLINED,INSAGFFICIENT_NET_DISPOSABLE_INCOME,3.8267462858951e-07,4.701210519579216e-06,0.008046414676757957,0.0,0.0,0.0,0.0,0.0,0.0,24%
CUST0236207,DECLINED,INSAGFFICIENT_NET_DISPOSABLE_INCOME,5649.679597553447,5967.696560458406,11920.27734345853,0.0,0.0,0.0,0.0,0.0,0.0,24%
CUST0236216,DECLINED,INSAGFFICIENT_NET_DISPOSABLE_INCOME,3.8267462858951e-07,4.701210519579216e-06,0.008046414676757957,0.0,0.0,0.0,0.0,0.0,0.0,24%
CUST0236314,DECLINED,INSAGFFICIENT_NET_DISPOSABLE_INCOME,3.8267462858951e-07,4.701210519579216e-06,0.008046414676757957,0.0,0.0,0.0,0.0,0.0,0.0,24%
CUST0236315,DECLINED,INSAGFFICIENT_NET_DISPOSABLE_INCOME,3.8267462858951e-07,4.701210519579216e-06,0.008046414676757957,0.0,0.0,0.0,0.0,0.0,0.0,24%
CUST0236356,DECLINED,INSAGFFICIENT_NET_DISPOSABLE_INCOME,3.8267462858951e-07,4.701210519579216e-06,0.008046414676757957,0.0,0.0,0.0,0.0,0.0,0.0,24%
CUST0236386,DECLINED,INSAGFFICIENT_NET_DISPOSABLE_INCOME,3.8267462858951e-07,4.701210519579216e-06,0.008046414676757957,0.0,0.0,0.0,0.0,0.0,0.0,24%
CUST0236413,DECLINED,INSAGFFICIENT_NET_DISPOSABLE_INCOME,3.8267462858951e-07,4.701210519579216e-06,0.008046414676757957,0.0,0.0,0.0,0.0,0.0,0.0,24%
CUST0236440,DECLINED,INSAGFFICIENT_NET_DISPOSABLE_INCOME,3.8267462858951e-07,4.701210519579216e-06,0.008046414676757957,0.0,0.0,0.0,0.0,0.0,0.0,24%
CUST0236485,DECLINED,INSAGFFICIENT_NET_DISPOSABLE_INCOME,3.8267462858951e-07,4.701210519579216e-06,0.008046414676757957,0.0,0.0,0.0,0.0,0.0,0.0,24%
CUST0236532,DECLINED,INSAGFFICIENT_NET_DISPOSABLE_INCOME,3.8267462858951e-07,4.701210519579216e-06,0.008046414676757957,0.0,0.0,0.0,0.0,0.0,0.0,24%
CUST0236537,DECLINED,INSAGFFICIENT_NET_DISPOSABLE_INCOME,6330.143519363616,6580.329484449973,18459.456759391345,0.0,0.0,0.0,0.0,0.0,0.0,24%
CUST0236580,DECLINED,INSAGFFICIENT_NET_DISPOSABLE_INCOME,3.8267462858951e-07,4.701210519579216e-06,0.008046414676757957,0.0,0.0,0.0,0.0,0.0,0.0,24%
CUST0236619,DECLINED,INSAGFFICIENT_NET_DISPOSABLE_INCOME,3.8267462858951e-07,4.701210519579216e-06,0.008046414676757957,0.0,0.0,0.0,0.0,0.0,0.0,24%
CUST0236621,DECLINED,INSAGFFICIENT_NET_DISPOSABLE_INCOME,3.8267462858951e-07,4.701210519579216e-06,0.008046414676757957,0.0,0.0,0.0,0.0,0.0,0.0,24%
CUST0236656,DECLINED,INSAGFFICIENT_NET_DISPOSABLE_INCOME,3.8267462858951e-07,4.701210519579216e-06,0.008046414676757957,0.0,0.0,0.0,0.0,0.0,0.0,24%
CUST0236691,DECLINED,INSAGFFICIENT_NET_DISPOSABLE_INCOME,3.8267462858951e-07,4.701210519579216e-06,0.008046414676757957,0.0,0.0,0.0,0.0,0.0,0.0,24%
CUST0236732,DECLINED,INSAGFFICIENT_NET_DISPOSABLE_INCOME,6368.27996061392,10406.983065434339,15755.584220753482,0.0,0.0,0.0,0.0,0.0,0.0,24%
CUST0236740,DECLINED,INSAGFFICIENT_NET_DISPOSABLE_INCOME,6521.603200271961,6807.045642445898,18480.3141559941,0.0,0.0,0.0,0.0,0.0,0.0,24%
CUST0236840,DECLINED,INSAGFFICIENT_NET_DISPOSABLE_INCOME,6351.777821889685,6821.422740935964,18552.763578081758,0.0,0.0,0.0,0.0,0.0,0.0,24%
CUST0236865,DECLINED,INSAGFFICIENT_NET_DISPOSABLE_INCOME,3.8267462858951e-07,4.701210519579216e-06,0.008046414676757957,0.0,0.0,0.0,0.0,0.0,0.0,24%
CUST0236902,DECLINED,INSAGFFICIENT_NET_DISPOSABLE_INCOME,3.8267462858951e-07,4.701210519579216e-06,0.008046414676757957,0.0,0.0,0.0,0.0,0.0,0.0,24%
CUST0236907,DECLINED,INSAGFFICIENT_NET_DISPOSABLE_INCOME,3.8267462858951e-07,4.701210519579216e-06,0.008046414676757957,0.0,0.0,0.0,0.0,0.0,0.0,24%
CUST0236983,DECLINED,INSAGFFICIENT_NET_DISPOSABLE_INCOME,3.8267462858951e-07,4.701210519579216e-06,0.008046414676757957,0.0,0.0,0.0,0.0,0.0,0.0,24%
CUST0237086,DECLINED,INSAGFFICIENT_NET_DISPOSABLE_INCOME,5285.419065535509,5537.41969524093,18316.066080589422,0.0,0.0,0.0,0.0,0.0,0.0,24%
CUST0237158,DECLINED,INSAGFFICIENT_NET_DISPOSABLE_INCOME,3.8267462858951e-07,4.701210519579216e-06,0.008046414676757957,0.0,0.0,0.0,0.0,0.0,0.0,24%
CUST0237170,DECLINED,INSAGFFICIENT_NET_DISPOSABLE_INCOME,3.8267462858951e-07,4.701210519579216e-06,0.008046414676757957,0.0,0.0,0.0,0.0,0.0,0.0,24%
CUST0237208,DECLINED,INSAGFFICIENT_NET_DISPOSABLE_INCOME,3.8267462858951e-07,4.701210519579216e-06,0.008046414676757957,0.0,0.0,0.0,0.0,0.0,0.0,24%
CUST0237297,DECLINED,INSAGFFICIENT_NET_DISPOSABLE_INCOME,3.8267462858951e-07,4.701210519579216e-06,0.008046414676757957,0.0,0.0,0.0,0.0,0.0,0.0,24%
CUST0237335,DECLINED,INSAGFFICIENT_NET_DISPOSABLE_INCOME,3.8267462858951e-07,4.701210519579216e-06,0.008046414676757957,0.0,0.0,0.0,0.0,0.0,0.0,24%
CUST0237413,DECLINED,INSAGFFICIENT_NET_DISPOSABLE_INCOME,3.8267462858951e-07,4.701210519579216e-06,0.008046414676757957,0.0,0.0,0.0,0.0,0.0,0.0,24%
CUST0237414,DECLINED,INSAGFFICIENT_NET_DISPOSABLE_INCOME,3902.8171110397566,20106.97126991227,36163.55800138149,0.0,0.0,0.0,0.0,0.0,0.0,24%
CUST0237423,DECLINED,INSAGFFICIENT_NET_DISPOSABLE_INCOME,3.8267462858951e-07,4.701210519579216e-06,0.008046414676757957,0.0,0.0,0.0,0.0,0.0,0.0,24%
CUST0237480,DECLINED,INSAGFFICIENT_NET_DISPOSABLE_INCOME,3.8267462858951e-07,4.701210519579216e-06,0.008046414676757957,0.0,0.0,0.0,0.0,0.0,0.0,24%
CUST0237509,DECLINED,INSAGFFICIENT_NET_DISPOSABLE_INCOME,3902.8171110397566,20106.97126991227,36163.55800138149,0.0,0.0,0.0,0.0,0.0,0.0,24%
CUST0237516,DECLINED,INSAGFFICIENT_NET_DISPOSABLE_INCOME,3.8267462858951e-07,4.701210519579216e-06,0.008046414676757957,0.0,0.0,0.0,0.0,0.0,0.0,24%
CUST0237519,DECLINED,INSAGFFICIENT_NET_DISPOSABLE_INCOME,3.8267462858951e-07,4.701210519579216e-06,0.008046414676757957,0.0,0.0,0.0,0.0,0.0,0.0,24%
CUST0237656,DECLINED,INSAGFFICIENT_NET_DISPOSABLE_INCOME,3484.9922433105553,3998.0051060152928,18144.099091416552,0.0,0.0,0.0,0.0,0.0,0.0,24%
CUST0237728,DECLINED,INSAGFFICIENT_NET_DISPOSABLE_INCOME,3.8267462858951e-07,4.701210519579216e-06,0.008046414676757957,0.0,0.0,0.0,0.0,0.0,0.0,24%
CUST0237753,DECLINED,INSAGFFICIENT_NET_DISPOSABLE_INCOME,3.8267462858951e-07,4.701210519579216e-06,0.008046414676757957,0.0,0.0,0.0,0.0,0.0,0.0,24%
CUST0237783,DECLINED,INSAGFFICIENT_NET_DISPOSABLE_INCOME,3.8267462858951e-07,4.701210519579216e-06,0.008046414676757957,0.0,0.0,0.0,0.0,0.0,0.0,24%
CUST0237922,DECLINED,INSAGFFICIENT_NET_DISPOSABLE_INCOME,3.8267462858951e-07,4.701210519579216e-06,0.008046414676757957,0.0,0.0,0.0,0.0,0.0,0.0,24%
CUST0237974,DECLINED,INSAGFFICIENT_NET_DISPOSABLE_INCOME,3.8267462858951e-07,4.701210519579216e-06,0.008046414676757957,0.0,0.0,0.0,0.0,0.0,0.0,24%
CUST0237981,DECLINED,INSAGFFICIENT_NET_DISPOSABLE_INCOME,3.8267462858951e-07,4.701210519579216e-06,0.008046414676757957,0.0,0.0,0.0,0.0,0.0,0.0,24%
CUST0238005,DECLINED,INSAGFFICIENT_NET_DISPOSABLE_INCOME,3.8267462858951e-07,4.701210519579216e-06,0.008046414676757957,0.0,0.0,0.0,0.0,0.0,0.0,24%
CUST0238093,DECLINED,INSAGFFICIENT_NET_DISPOSABLE_INCOME,3.8267462858951e-07,4.701210519579216e-06,0.008046414676757957,0.0,0.0,0.0,0.0,0.0,0.0,24%
CUST0238126,DECLINED,INSAGFFICIENT_NET_DISPOSABLE_INCOME,3.8267462858951e-07,4.701210519579216e-06,0.008046414676757957,0.0,0.0,0.0,0.0,0.0,0.0,24%
CUST0238256,DECLINED,INSAGFFICIENT_NET_DISPOSABLE_INCOME,3.8267462858951e-07,4.701210519579216e-06,0.008046414676757957,0.0,0.0,0.0,0.0,0.0,0.0,24%
CUST0238257,DECLINED,INSAGFFICIENT_NET_DISPOSABLE_INCOME,3.8267462858951e-07,4.701210519579216e-06,0.008046414676757957,0.0,0.0,0.0,0.0,0.0,0.0,24%
CUST0238393,DECLINED,INSAGFFICIENT_NET_DISPOSABLE_INCOME,3.8267462858951e-07,4.701210519579216e-06,0.008046414676757957,0.0,0.0,0.0,0.0,0.0,0.0,24%
CUST0238418,DECLINED,INSAGFFICIENT_NET_DISPOSABLE_INCOME,3.8267462858951e-07,4.701210519579216e-06,0.008046414676757957,0.0,0.0,0.0,0.0,0.0,0.0,24%
CUST0238431,DECLINED,INSAGFFICIENT_NET_DISPOSABLE_INCOME,3.8267462858951e-07,4.701210519579216e-06,0.008046414676757957,0.0,0.0,0.0,0.0,0.0,0.0,24%
CUST0238436,DECLINED,INSAGFFICIENT_NET_DISPOSABLE_INCOME,3.8267462858951e-07,4.701210519579216e-06,0.008046414676757957,0.0,0.0,0.0,0.0,0.0,0.0,24%
CUST0238558,DECLINED,INSAGFFICIENT_NET_DISPOSABLE_INCOME,3.8267462858951e-07,4.701210519579216e-06,0.008046414676757957,0.0,0.0,0.0,0.0,0.0,0.0,24%
CUST0238568,DECLINED,INSAGFFICIENT_NET_DISPOSABLE_INCOME,3.8267462858951e-07,4.701210519579216e-06,0.008046414676757957,0.0,0.0,0.0,0.0,0.0,0.0,24%
CUST0238584,DECLINED,INSAGFFICIENT_NET_DISPOSABLE_INCOME,3.8267462858951e-07,4.701210519579216e-06,0.008046414676757957,0.0,0.0,0.0,0.0,0.0,0.0,24%
CUST0238665,DECLINED,INSAGFFICIENT_NET_DISPOSABLE_INCOME,3.8267462858951e-07,4.701210519579216e-06,0.008046414676757957,0.0,0.0,0.0,0.0,0.0,0.0,24%
CUST0238684,DECLINED,INSAGFFICIENT_NET_DISPOSABLE_INCOME,3.8267462858951e-07,4.701210519579216e-06,0.008046414676757957,0.0,0.0,0.0,0.0,0.0,0.0,24%
CUST0238774,DECLINED,INSAGFFICIENT_NET_DISPOSABLE_INCOME,3.8267462858951e-07,4.701210519579216e-06,0.008046414676757957,0.0,0.0,0.0,0.0,0.0,0.0,24%
CUST0238834,DECLINED,INSAGFFICIENT_NET_DISPOSABLE_INCOME,3.8267462858951e-07,4.701210519579216e-06,0.008046414676757957,0.0,0.0,0.0,0.0,0.0,0.0,24%
CUST0239026,DECLINED,INSAGFFICIENT_NET_DISPOSABLE_INCOME,5947.8348321095655,6063.463623517987,12082.418585510984,0.0,0.0,0.0,0.0,0.0,0.0,24%
CUST0239032,DECLINED,INSAGFFICIENT_NET_DISPOSABLE_INCOME,3.8267462858951e-07,4.701210519579216e-06,0.008046414676757957,0.0,0.0,0.0,0.0,0.0,0.0,24%
CUST0239051,DECLINED,INSAGFFICIENT_NET_DISPOSABLE_INCOME,3.8267462858951e-07,4.701210519579216e-06,0.008046414676757957,0.0,0.0,0.0,0.0,0.0,0.0,24%
CUST0239114,DECLINED,INSAGFFICIENT_NET_DISPOSABLE_INCOME,3.8267462858951e-07,4.701210519579216e-06,0.008046414676757957,0.0,0.0,0.0,0.0,0.0,0.0,24%
CUST0239361,DECLINED,INSAGFFICIENT_NET_DISPOSABLE_INCOME,5281.180999193987,5555.811694383315,18420.354709841056,0.0,0.0,0.0,0.0,0.0,0.0,24%
CUST0239606,DECLINED,INSAGFFICIENT_NET_DISPOSABLE_INCOME,6495.626740396821,8595.727927164831,14936.202441458596,0.0,0.0,0.0,0.0,0.0,0.0,24%
CUST0239644,DECLINED,INSAGFFICIENT_NET_DISPOSABLE_INCOME,3.8267462858951e-07,4.701210519579216e-06,0.008046414676757957,0.0,0.0,0.0,0.0,0.0,0.0,24%
CUST0239688,DECLINED,INSAGFFICIENT_NET_DISPOSABLE_INCOME,3902.8171110397566,20106.97126991227,36163.55800138149,0.0,0.0,0.0,0.0,0.0,0.0,24%
CUST0239793,DECLINED,INSAGFFICIENT_NET_DISPOSABLE_INCOME,3.8267462858951e-07,4.701210519579216e-06,0.008046414676757957,0.0,0.0,0.0,0.0,0.0,0.0,24%
CUST0239855,DECLINED,INSAGFFICIENT_NET_DISPOSABLE_INCOME,6497.862515633288,9927.406473029034,15818.25291075471,0.0,0.0,0.0,0.0,0.0,0.0,24%
CUST0239884,DECLINED,INSAGFFICIENT_NET_DISPOSABLE_INCOME,3.8267462858951e-07,4.701210519579216e-06,0.008046414676757957,0.0,0.0,0.0,0.0,0.0,0.0,24%
CUST0239947,DECLINED,INSAGFFICIENT_NET_DISPOSABLE_INCOME,3.8267462858951e-07,4.701210519579216e-06,0.008046414676757957,0.0,0.0,0.0,0.0,0.0,0.0,24%
CUST0239972,DECLINED,INSAGFFICIENT_NET_DISPOSABLE_INCOME,3.8267462858951e-07,4.701210519579216e-06,0.008046414676757957,0.0,0.0,0.0,0.0,0.0,0.0,24%
CUST0240048,DECLINED,INSAGFFICIENT_NET_DISPOSABLE_INCOME,3.8267462858951e-07,4.701210519579216e-06,0.008046414676757957,0.0,0.0,0.0,0.0,0.0,0.0,24%
CUST0240099,DECLINED,INSAGFFICIENT_NET_DISPOSABLE_INCOME,3.8267462858951e-07,4.701210519579216e-06,0.008046414676757957,0.0,0.0,0.0,0.0,0.0,0.0,24%
CUST0240176,DECLINED,INSAGFFICIENT_NET_DISPOSABLE_INCOME,3.8267462858951e-07,4.701210519579216e-06,0.008046414676757957,0.0,0.0,0.0,0.0,0.0,0.0,24%
CUST0240362,DECLINED,INSAGFFICIENT_NET_DISPOSABLE_INCOME,3.8267462858951e-07,4.701210519579216e-06,0.008046414676757957,0.0,0.0,0.0,0.0,0.0,0.0,24%
CUST0240479,DECLINED,INSAGFFICIENT_NET_DISPOSABLE_INCOME,3.8267462858951e-07,4.701210519579216e-06,0.008046414676757957,0.0,0.0,0.0,0.0,0.0,0.0,24%
CUST0240533,DECLINED,INSAGFFICIENT_NET_DISPOSABLE_INCOME,3902.8171110397566,20106.97126991227,36163.55800138149,0.0,0.0,0.0,0.0,0.0,0.0,24%
CUST0240605,DECLINED,INSAGFFICIENT_NET_DISPOSABLE_INCOME,3.8267462858951e-07,4.701210519579216e-06,0.008046414676757957,0.0,0.0,0.0,0.0,0.0,0.0,24%
CUST0240667,DECLINED,INSAGFFICIENT_NET_DISPOSABLE_INCOME,3.8267462858951e-07,4.701210519579216e-06,0.008046414676757957,0.0,0.0,0.0,0.0,0.0,0.0,24%
CUST0240737,DECLINED,INSAGFFICIENT_NET_DISPOSABLE_INCOME,3.8267462858951e-07,4.701210519579216e-06,0.008046414676757957,0.0,0.0,0.0,0.0,0.0,0.0,24%
CUST0240752,DECLINED,INSAGFFICIENT_NET_DISPOSABLE_INCOME,3.8267462858951e-07,4.701210519579216e-06,0.008046414676757957,0.0,0.0,0.0,0.0,0.0,0.0,24%
CUST0240780,DECLINED,INSAGFFICIENT_NET_DISPOSABLE_INCOME,3.8267462858951e-07,4.701210519579216e-06,0.008046414676757957,0.0,0.0,0.0,0.0,0.0,0.0,24%
CUST0240825,DECLINED,INSAGFFICIENT_NET_DISPOSABLE_INCOME,3.8267462858951e-07,4.701210519579216e-06,0.008046414676757957,0.0,0.0,0.0,0.0,0.0,0.0,24%
CUST0240856,DECLINED,INSAGFFICIENT_NET_DISPOSABLE_INCOME,3.8267462858951e-07,4.701210519579216e-06,0.008046414676757957,0.0,0.0,0.0,0.0,0.0,0.0,24%
CUST0240914,DECLINED,INSAGFFICIENT_NET_DISPOSABLE_INCOME,3.8267462858951e-07,4.701210519579216e-06,0.008046414676757957,0.0,0.0,0.0,0.0,0.0,0.0,24%
CUST0240994,DECLINED,INSAGFFICIENT_NET_DISPOSABLE_INCOME,3.8267462858951e-07,4.701210519579216e-06,0.008046414676757957,0.0,0.0,0.0,0.0,0.0,0.0,24%
CUST0241159,DECLINED,INSAGFFICIENT_NET_DISPOSABLE_INCOME,3.8267462858951e-07,4.701210519579216e-06,0.008046414676757957,0.0,0.0,0.0,0.0,0.0,0.0,24%
CUST0241211,DECLINED,INSAGFFICIENT_NET_DISPOSABLE_INCOME,3.8267462858951e-07,4.701210519579216e-06,0.008046414676757957,0.0,0.0,0.0,0.0,0.0,0.0,24%
CUST0241254,DECLINED,INSAGFFICIENT_NET_DISPOSABLE_INCOME,3.8267462858951e-07,4.701210519579216e-06,0.008046414676757957,0.0,0.0,0.0,0.0,0.0,0.0,24%
CUST0241286,DECLINED,INSAGFFICIENT_NET_DISPOSABLE_INCOME,3.8267462858951e-07,4.701210519579216e-06,0.008046414676757957,0.0,0.0,0.0,0.0,0.0,0.0,24%
CUST0241416,DECLINED,INSAGFFICIENT_NET_DISPOSABLE_INCOME,3.8267462858951e-07,4.701210519579216e-06,0.008046414676757957,0.0,0.0,0.0,0.0,0.0,0.0,24%
CUST0241443,DECLINED,INSAGFFICIENT_NET_DISPOSABLE_INCOME,3.8267462858951e-07,4.701210519579216e-06,0.008046414676757957,0.0,0.0,0.0,0.0,0.0,0.0,24%
CUST0241555,DECLINED,INSAGFFICIENT_NET_DISPOSABLE_INCOME,3.8267462858951e-07,4.701210519579216e-06,0.008046414676757957,0.0,0.0,0.0,0.0,0.0,0.0,24%
CUST0241596,DECLINED,INSAGFFICIENT_NET_DISPOSABLE_INCOME,3.8267462858951e-07,4.701210519579216e-06,0.008046414676757957,0.0,0.0,0.0,0.0,0.0,0.0,24%
CUST0241601,DECLINED,INSAGFFICIENT_NET_DISPOSABLE_INCOME,3.8267462858951e-07,4.701210519579216e-06,0.008046414676757957,0.0,0.0,0.0,0.0,0.0,0.0,24%
CUST0241623,DECLINED,INSAGFFICIENT_NET_DISPOSABLE_INCOME,3.8267462858951e-07,4.701210519579216e-06,0.008046414676757957,0.0,0.0,0.0,0.0,0.0,0.0,24%
CUST0241709,DECLINED,INSAGFFICIENT_NET_DISPOSABLE_INCOME,3.8267462858951e-07,4.701210519579216e-06,0.008046414676757957,0.0,0.0,0.0,0.0,0.0,0.0,24%
CUST0241803,DECLINED,INSAGFFICIENT_NET_DISPOSABLE_INCOME,3.8267462858951e-07,4.701210519579216e-06,0.008046414676757957,0.0,0.0,0.0,0.0,0.0,0.0,24%
CUST0241911,DECLINED,INSAGFFICIENT_NET_DISPOSABLE_INCOME,3.8267462858951e-07,4.701210519579216e-06,0.008046414676757957,0.0,0.0,0.0,0.0,0.0,0.0,24%
CUST0241976,DECLINED,INSAGFFICIENT_NET_DISPOSABLE_INCOME,6201.201618849013,6560.743792334989,19305.46308264178,0.0,0.0,0.0,0.0,0.0,0.0,24%
CUST0242059,DECLINED,INSAGFFICIENT_NET_DISPOSABLE_INCOME,3.8267462858951e-07,4.701210519579216e-06,0.008046414676757957,0.0,0.0,0.0,0.0,0.0,0.0,24%
CUST0242072,DECLINED,INSAGFFICIENT_NET_DISPOSABLE_INCOME,3.8267462858951e-07,4.701210519579216e-06,0.008046414676757957,0.0,0.0,0.0,0.0,0.0,0.0,24%
CUST0242167,DECLINED,INSAGFFICIENT_NET_DISPOSABLE_INCOME,3.8267462858951e-07,4.701210519579216e-06,0.008046414676757957,0.0,0.0,0.0,0.0,0.0,0.0,24%
CUST0242174,DECLINED,INSAGFFICIENT_NET_DISPOSABLE_INCOME,3.8267462858951e-07,4.701210519579216e-06,0.008046414676757957,0.0,0.0,0.0,0.0,0.0,0.0,24%
CUST0242194,DECLINED,INSAGFFICIENT_NET_DISPOSABLE_INCOME,3.8267462858951e-07,4.701210519579216e-06,0.008046414676757957,0.0,0.0,0.0,0.0,0.0,0.0,24%
CUST0242246,DECLINED,INSAGFFICIENT_NET_DISPOSABLE_INCOME,3.8267462858951e-07,4.701210519579216e-06,0.008046414676757957,0.0,0.0,0.0,0.0,0.0,0.0,24%
CUST0242328,DECLINED,INSAGFFICIENT_NET_DISPOSABLE_INCOME,3.8267462858951e-07,4.701210519579216e-06,0.008046414676757957,0.0,0.0,0.0,0.0,0.0,0.0,24%
CUST0242333,DECLINED,INSAGFFICIENT_NET_DISPOSABLE_INCOME,3.8267462858951e-07,4.701210519579216e-06,0.008046414676757957,0.0,0.0,0.0,0.0,0.0,0.0,24%
CUST0242336,DECLINED,INSAGFFICIENT_NET_DISPOSABLE_INCOME,3.8267462858951e-07,4.701210519579216e-06,0.008046414676757957,0.0,0.0,0.0,0.0,0.0,0.0,24%
CUST0242393,DECLINED,INSAGFFICIENT_NET_DISPOSABLE_INCOME,3.8267462858951e-07,4.701210519579216e-06,0.008046414676757957,0.0,0.0,0.0,0.0,0.0,0.0,24%
CUST0242503,DECLINED,INSAGFFICIENT_NET_DISPOSABLE_INCOME,3.8267462858951e-07,4.701210519579216e-06,0.008046414676757957,0.0,0.0,0.0,0.0,0.0,0.0,24%
CUST0242561,DECLINED,INSAGFFICIENT_NET_DISPOSABLE_INCOME,3.8267462858951e-07,4.701210519579216e-06,0.008046414676757957,0.0,0.0,0.0,0.0,0.0,0.0,24%
CUST0242599,DECLINED,INSAGFFICIENT_NET_DISPOSABLE_INCOME,3.8267462858951e-07,4.701210519579216e-06,0.008046414676757957,0.0,0.0,0.0,0.0,0.0,0.0,24%
CUST0242603,DECLINED,INSAGFFICIENT_NET_DISPOSABLE_INCOME,3.8267462858951e-07,4.701210519579216e-06,0.008046414676757957,0.0,0.0,0.0,0.0,0.0,0.0,24%
CUST0242779,DECLINED,INSAGFFICIENT_NET_DISPOSABLE_INCOME,3.8267462858951e-07,4.701210519579216e-06,0.008046414676757957,0.0,0.0,0.0,0.0,0.0,0.0,24%
CUST0242791,DECLINED,INSAGFFICIENT_NET_DISPOSABLE_INCOME,3.8267462858951e-07,4.701210519579216e-06,0.008046414676757957,0.0,0.0,0.0,0.0,0.0,0.0,24%
CUST0242824,DECLINED,INSAGFFICIENT_NET_DISPOSABLE_INCOME,3.8267462858951e-07,4.701210519579216e-06,0.008046414676757957,0.0,0.0,0.0,0.0,0.0,0.0,24%
CUST0242874,DECLINED,INSAGFFICIENT_NET_DISPOSABLE_INCOME,3.8267462858951e-07,4.701210519579216e-06,0.008046414676757957,0.0,0.0,0.0,0.0,0.0,0.0,24%
CUST0242984,DECLINED,INSAGFFICIENT_NET_DISPOSABLE_INCOME,3.8267462858951e-07,4.701210519579216e-06,0.008046414676757957,0.0,0.0,0.0,0.0,0.0,0.0,24%
CUST0243042,DECLINED,INSAGFFICIENT_NET_DISPOSABLE_INCOME,3.8267462858951e-07,4.701210519579216e-06,0.008046414676757957,0.0,0.0,0.0,0.0,0.0,0.0,24%
CUST0243054,DECLINED,INSAGFFICIENT_NET_DISPOSABLE_INCOME,3.8267462858951e-07,4.701210519579216e-06,0.008046414676757957,0.0,0.0,0.0,0.0,0.0,0.0,24%
CUST0243081,DECLINED,INSAGFFICIENT_NET_DISPOSABLE_INCOME,3.8267462858951e-07,4.701210519579216e-06,0.008046414676757957,0.0,0.0,0.0,0.0,0.0,0.0,24%
CUST0243138,DECLINED,INSAGFFICIENT_NET_DISPOSABLE_INCOME,5242.082587273648,5269.264170781898,12587.864077651573,0.0,0.0,0.0,0.0,0.0,0.0,24%
CUST0243140,DECLINED,INSAGFFICIENT_NET_DISPOSABLE_INCOME,3.8267462858951e-07,4.701210519579216e-06,0.008046414676757957,0.0,0.0,0.0,0.0,0.0,0.0,24%
CUST0243151,DECLINED,INSAGFFICIENT_NET_DISPOSABLE_INCOME,3.8267462858951e-07,4.701210519579216e-06,0.008046414676757957,0.0,0.0,0.0,0.0,0.0,0.0,24%
CUST0243181,DECLINED,INSAGFFICIENT_NET_DISPOSABLE_INCOME,3.8267462858951e-07,4.701210519579216e-06,0.008046414676757957,0.0,0.0,0.0,0.0,0.0,0.0,24%
CUST0243322,DECLINED,INSAGFFICIENT_NET_DISPOSABLE_INCOME,3.8267462858951e-07,4.701210519579216e-06,0.008046414676757957,0.0,0.0,0.0,0.0,0.0,0.0,24%
CUST0243343,DECLINED,INSAGFFICIENT_NET_DISPOSABLE_INCOME,3.8267462858951e-07,4.701210519579216e-06,0.008046414676757957,0.0,0.0,0.0,0.0,0.0,0.0,24%
CUST0243355,DECLINED,INSAGFFICIENT_NET_DISPOSABLE_INCOME,3.8267462858951e-07,4.701210519579216e-06,0.008046414676757957,0.0,0.0,0.0,0.0,0.0,0.0,24%
CUST0243361,DECLINED,INSAGFFICIENT_NET_DISPOSABLE_INCOME,3.8267462858951e-07,4.701210519579216e-06,0.008046414676757957,0.0,0.0,0.0,0.0,0.0,0.0,24%
CUST0243379,DECLINED,INSAGFFICIENT_NET_DISPOSABLE_INCOME,3.8267462858951e-07,4.701210519579216e-06,0.008046414676757957,0.0,0.0,0.0,0.0,0.0,0.0,24%
CUST0243490,DECLINED,INSAGFFICIENT_NET_DISPOSABLE_INCOME,5007.994891281925,5396.327684139177,18344.490337707197,0.0,0.0,0.0,0.0,0.0,0.0,24%
CUST0243530,DECLINED,INSAGFFICIENT_NET_DISPOSABLE_INCOME,3.8267462858951e-07,4.701210519579216e-06,0.008046414676757957,0.0,0.0,0.0,0.0,0.0,0.0,24%
CUST0243687,DECLINED,INSAGFFICIENT_NET_DISPOSABLE_INCOME,3.8267462858951e-07,4.701210519579216e-06,0.008046414676757957,0.0,0.0,0.0,0.0,0.0,0.0,24%
CUST0243758,DECLINED,INSAGFFICIENT_NET_DISPOSABLE_INCOME,3.8267462858951e-07,4.701210519579216e-06,0.008046414676757957,0.0,0.0,0.0,0.0,0.0,0.0,24%
CUST0243783,DECLINED,INSAGFFICIENT_NET_DISPOSABLE_INCOME,3.8267462858951e-07,4.701210519579216e-06,0.008046414676757957,0.0,0.0,0.0,0.0,0.0,0.0,24%
CUST0243873,DECLINED,INSAGFFICIENT_NET_DISPOSABLE_INCOME,3.8267462858951e-07,4.701210519579216e-06,0.008046414676757957,0.0,0.0,0.0,0.0,0.0,0.0,24%
CUST0244007,DECLINED,INSAGFFICIENT_NET_DISPOSABLE_INCOME,3.8267462858951e-07,4.701210519579216e-06,0.008046414676757957,0.0,0.0,0.0,0.0,0.0,0.0,24%
CUST0244037,DECLINED,INSAGFFICIENT_NET_DISPOSABLE_INCOME,3.8267462858951e-07,4.701210519579216e-06,0.008046414676757957,0.0,0.0,0.0,0.0,0.0,0.0,24%
CUST0244042,DECLINED,INSAGFFICIENT_NET_DISPOSABLE_INCOME,3.8267462858951e-07,4.701210519579216e-06,0.008046414676757957,0.0,0.0,0.0,0.0,0.0,0.0,24%
CUST0244250,DECLINED,INSAGFFICIENT_NET_DISPOSABLE_INCOME,3.8267462858951e-07,4.701210519579216e-06,0.008046414676757957,0.0,0.0,0.0,0.0,0.0,0.0,24%
CUST0244262,DECLINED,INSAGFFICIENT_NET_DISPOSABLE_INCOME,3.8267462858951e-07,4.701210519579216e-06,0.008046414676757957,0.0,0.0,0.0,0.0,0.0,0.0,24%
CUST0244274,DECLINED,INSAGFFICIENT_NET_DISPOSABLE_INCOME,3.8267462858951e-07,4.701210519579216e-06,0.008046414676757957,0.0,0.0,0.0,0.0,0.0,0.0,24%
CUST0244275,DECLINED,INSAGFFICIENT_NET_DISPOSABLE_INCOME,3.8267462858951e-07,4.701210519579216e-06,0.008046414676757957,0.0,0.0,0.0,0.0,0.0,0.0,24%
CUST0244294,DECLINED,INSAGFFICIENT_NET_DISPOSABLE_INCOME,3.8267462858951e-07,4.701210519579216e-06,0.008046414676757957,0.0,0.0,0.0,0.0,0.0,0.0,24%
CUST0244383,DECLINED,INSAGFFICIENT_NET_DISPOSABLE_INCOME,3.8267462858951e-07,4.701210519579216e-06,0.008046414676757957,0.0,0.0,0.0,0.0,0.0,0.0,24%
CUST0244463,DECLINED,INSAGFFICIENT_NET_DISPOSABLE_INCOME,3.8267462858951e-07,4.701210519579216e-06,0.008046414676757957,0.0,0.0,0.0,0.0,0.0,0.0,24%
CUST0244732,DECLINED,INSAGFFICIENT_NET_DISPOSABLE_INCOME,3.8267462858951e-07,4.701210519579216e-06,0.008046414676757957,0.0,0.0,0.0,0.0,0.0,0.0,24%
CUST0244775,DECLINED,INSAGFFICIENT_NET_DISPOSABLE_INCOME,3.8267462858951e-07,4.701210519579216e-06,0.008046414676757957,0.0,0.0,0.0,0.0,0.0,0.0,24%
CUST0244798,DECLINED,INSAGFFICIENT_NET_DISPOSABLE_INCOME,3.8267462858951e-07,4.701210519579216e-06,0.008046414676757957,0.0,0.0,0.0,0.0,0.0,0.0,24%
CUST0244806,DECLINED,INSAGFFICIENT_NET_DISPOSABLE_INCOME,3.8267462858951e-07,4.701210519579216e-06,0.008046414676757957,0.0,0.0,0.0,0.0,0.0,0.0,24%
CUST0244916,DECLINED,INSAGFFICIENT_NET_DISPOSABLE_INCOME,3.8267462858951e-07,4.701210519579216e-06,0.008046414676757957,0.0,0.0,0.0,0.0,0.0,0.0,24%
CUST0244928,DECLINED,INSAGFFICIENT_NET_DISPOSABLE_INCOME,3.8267462858951e-07,4.701210519579216e-06,0.008046414676757957,0.0,0.0,0.0,0.0,0.0,0.0,24%
CUST0245008,DECLINED,INSAGFFICIENT_NET_DISPOSABLE_INCOME,3.8267462858951e-07,4.701210519579216e-06,0.008046414676757957,0.0,0.0,0.0,0.0,0.0,0.0,24%
CUST0245077,DECLINED,INSAGFFICIENT_NET_DISPOSABLE_INCOME,3.8267462858951e-07,4.701210519579216e-06,0.008046414676757957,0.0,0.0,0.0,0.0,0.0,0.0,24%
CUST0245082,DECLINED,INSAGFFICIENT_NET_DISPOSABLE_INCOME,3.8267462858951e-07,4.701210519579216e-06,0.008046414676757957,0.0,0.0,0.0,0.0,0.0,0.0,24%
CUST0245096,DECLINED,INSAGFFICIENT_NET_DISPOSABLE_INCOME,3.8267462858951e-07,4.701210519579216e-06,0.008046414676757957,0.0,0.0,0.0,0.0,0.0,0.0,24%
CUST0245121,DECLINED,INSAGFFICIENT_NET_DISPOSABLE_INCOME,3.8267462858951e-07,4.701210519579216e-06,0.008046414676757957,0.0,0.0,0.0,0.0,0.0,0.0,24%
CUST0245179,DECLINED,INSAGFFICIENT_NET_DISPOSABLE_INCOME,3.8267462858951e-07,4.701210519579216e-06,0.008046414676757957,0.0,0.0,0.0,0.0,0.0,0.0,24%
CUST0245210,DECLINED,INSAGFFICIENT_NET_DISPOSABLE_INCOME,5242.253847201763,5741.755094552141,19069.108570995326,0.0,0.0,0.0,0.0,0.0,0.0,24%
CUST0245228,DECLINED,INSAGFFICIENT_NET_DISPOSABLE_INCOME,3.8267462858951e-07,4.701210519579216e-06,0.008046414676757957,0.0,0.0,0.0,0.0,0.0,0.0,24%
CUST0245234,DECLINED,INSAGFFICIENT_NET_DISPOSABLE_INCOME,3.8267462858951e-07,4.701210519579216e-06,0.008046414676757957,0.0,0.0,0.0,0.0,0.0,0.0,24%
CUST0245258,DECLINED,INSAGFFICIENT_NET_DISPOSABLE_INCOME,3.8267462858951e-07,4.701210519579216e-06,0.008046414676757957,0.0,0.0,0.0,0.0,0.0,0.0,24%
CUST0245273,DECLINED,INSAGFFICIENT_NET_DISPOSABLE_INCOME,3.8267462858951e-07,4.701210519579216e-06,0.008046414676757957,0.0,0.0,0.0,0.0,0.0,0.0,24%
CUST0245412,DECLINED,INSAGFFICIENT_NET_DISPOSABLE_INCOME,3.8267462858951e-07,4.701210519579216e-06,0.008046414676757957,0.0,0.0,0.0,0.0,0.0,0.0,24%
CUST0245498,DECLINED,INSAGFFICIENT_NET_DISPOSABLE_INCOME,3.8267462858951e-07,4.701210519579216e-06,0.008046414676757957,0.0,0.0,0.0,0.0,0.0,0.0,24%
CUST0245500,DECLINED,INSAGFFICIENT_NET_DISPOSABLE_INCOME,3.8267462858951e-07,4.701210519579216e-06,0.008046414676757957,0.0,0.0,0.0,0.0,0.0,0.0,24%
CUST0245506,DECLINED,INSAGFFICIENT_NET_DISPOSABLE_INCOME,3.8267462858951e-07,4.701210519579216e-06,0.008046414676757957,0.0,0.0,0.0,0.0,0.0,0.0,24%
CUST0245542,DECLINED,INSAGFFICIENT_NET_DISPOSABLE_INCOME,3.8267462858951e-07,4.701210519579216e-06,0.008046414676757957,0.0,0.0,0.0,0.0,0.0,0.0,24%
CUST0245617,DECLINED,INSAGFFICIENT_NET_DISPOSABLE_INCOME,3.8267462858951e-07,4.701210519579216e-06,0.008046414676757957,0.0,0.0,0.0,0.0,0.0,0.0,24%
CUST0245680,DECLINED,INSAGFFICIENT_NET_DISPOSABLE_INCOME,3902.8171110397566,20106.97126991227,36163.55800138149,0.0,0.0,0.0,0.0,0.0,0.0,24%
CUST0245824,DECLINED,INSAGFFICIENT_NET_DISPOSABLE_INCOME,3.8267462858951e-07,4.701210519579216e-06,0.008046414676757957,0.0,0.0,0.0,0.0,0.0,0.0,24%
CUST0245837,DECLINED,INSAGFFICIENT_NET_DISPOSABLE_INCOME,3.8267462858951e-07,4.701210519579216e-06,0.008046414676757957,0.0,0.0,0.0,0.0,0.0,0.0,24%
CUST0245864,DECLINED,INSAGFFICIENT_NET_DISPOSABLE_INCOME,3.8267462858951e-07,4.701210519579216e-06,0.008046414676757957,0.0,0.0,0.0,0.0,0.0,0.0,24%
CUST0245936,DECLINED,INSAGFFICIENT_NET_DISPOSABLE_INCOME,3.8267462858951e-07,4.701210519579216e-06,0.008046414676757957,0.0,0.0,0.0,0.0,0.0,0.0,24%
CUST0245941,DECLINED,INSAGFFICIENT_NET_DISPOSABLE_INCOME,3.8267462858951e-07,4.701210519579216e-06,0.008046414676757957,0.0,0.0,0.0,0.0,0.0,0.0,24%
CUST0245942,DECLINED,INSAGFFICIENT_NET_DISPOSABLE_INCOME,3.8267462858951e-07,4.701210519579216e-06,0.008046414676757957,0.0,0.0,0.0,0.0,0.0,0.0,24%
CUST0245986,DECLINED,INSAGFFICIENT_NET_DISPOSABLE_INCOME,3.8267462858951e-07,4.701210519579216e-06,0.008046414676757957,0.0,0.0,0.0,0.0,0.0,0.0,24%
CUST0246033,DECLINED,INSAGFFICIENT_NET_DISPOSABLE_INCOME,3.8267462858951e-07,4.701210519579216e-06,0.008046414676757957,0.0,0.0,0.0,0.0,0.0,0.0,24%
CUST0246100,DECLINED,INSAGFFICIENT_NET_DISPOSABLE_INCOME,3.8267462858951e-07,4.701210519579216e-06,0.008046414676757957,0.0,0.0,0.0,0.0,0.0,0.0,24%
CUST0246123,DECLINED,INSAGFFICIENT_NET_DISPOSABLE_INCOME,3.8267462858951e-07,4.701210519579216e-06,0.008046414676757957,0.0,0.0,0.0,0.0,0.0,0.0,24%
CUST0246164,DECLINED,INSAGFFICIENT_NET_DISPOSABLE_INCOME,3.8267462858951e-07,4.701210519579216e-06,0.008046414676757957,0.0,0.0,0.0,0.0,0.0,0.0,24%
CUST0246232,DECLINED,INSAGFFICIENT_NET_DISPOSABLE_INCOME,3.8267462858951e-07,4.701210519579216e-06,0.008046414676757957,0.0,0.0,0.0,0.0,0.0,0.0,24%
CUST0246262,DECLINED,INSAGFFICIENT_NET_DISPOSABLE_INCOME,3.8267462858951e-07,4.701210519579216e-06,0.008046414676757957,0.0,0.0,0.0,0.0,0.0,0.0,24%
CUST0246268,DECLINED,INSAGFFICIENT_NET_DISPOSABLE_INCOME,4408.446707250769,4502.297581807386,18872.910040674884,0.0,0.0,0.0,0.0,0.0,0.0,24%
CUST0246269,DECLINED,INSAGFFICIENT_NET_DISPOSABLE_INCOME,3.8267462858951e-07,4.701210519579216e-06,0.008046414676757957,0.0,0.0,0.0,0.0,0.0,0.0,24%
CUST0246287,DECLINED,INSAGFFICIENT_NET_DISPOSABLE_INCOME,3.8267462858951e-07,4.701210519579216e-06,0.008046414676757957,0.0,0.0,0.0,0.0,0.0,0.0,24%
CUST0246326,DECLINED,INSAGFFICIENT_NET_DISPOSABLE_INCOME,3.8267462858951e-07,4.701210519579216e-06,0.008046414676757957,0.0,0.0,0.0,0.0,0.0,0.0,24%
CUST0246356,DECLINED,INSAGFFICIENT_NET_DISPOSABLE_INCOME,3.8267462858951e-07,4.701210519579216e-06,0.008046414676757957,0.0,0.0,0.0,0.0,0.0,0.0,24%
CUST0246438,DECLINED,INSAGFFICIENT_NET_DISPOSABLE_INCOME,3902.8171110397566,20106.97126991227,36163.55800138149,0.0,0.0,0.0,0.0,0.0,0.0,24%
CUST0246466,DECLINED,INSAGFFICIENT_NET_DISPOSABLE_INCOME,3.8267462858951e-07,4.701210519579216e-06,0.008046414676757957,0.0,0.0,0.0,0.0,0.0,0.0,24%
CUST0246530,DECLINED,INSAGFFICIENT_NET_DISPOSABLE_INCOME,3.8267462858951e-07,4.701210519579216e-06,0.008046414676757957,0.0,0.0,0.0,0.0,0.0,0.0,24%
CUST0246537,DECLINED,INSAGFFICIENT_NET_DISPOSABLE_INCOME,3.8267462858951e-07,4.701210519579216e-06,0.008046414676757957,0.0,0.0,0.0,0.0,0.0,0.0,24%
CUST0246541,DECLINED,INSAGFFICIENT_NET_DISPOSABLE_INCOME,3.8267462858951e-07,4.701210519579216e-06,0.008046414676757957,0.0,0.0,0.0,0.0,0.0,0.0,24%
CUST0246542,DECLINED,INSAGFFICIENT_NET_DISPOSABLE_INCOME,3.8267462858951e-07,4.701210519579216e-06,0.008046414676757957,0.0,0.0,0.0,0.0,0.0,0.0,24%
CUST0246621,DECLINED,INSAGFFICIENT_NET_DISPOSABLE_INCOME,3.8267462858951e-07,4.701210519579216e-06,0.008046414676757957,0.0,0.0,0.0,0.0,0.0,0.0,24%
CUST0246688,DECLINED,INSAGFFICIENT_NET_DISPOSABLE_INCOME,3.8267462858951e-07,4.701210519579216e-06,0.008046414676757957,0.0,0.0,0.0,0.0,0.0,0.0,24%
CUST0246702,DECLINED,INSAGFFICIENT_NET_DISPOSABLE_INCOME,3.8267462858951e-07,4.701210519579216e-06,0.008046414676757957,0.0,0.0,0.0,0.0,0.0,0.0,24%
CUST0246705,DECLINED,INSAGFFICIENT_NET_DISPOSABLE_INCOME,3.8267462858951e-07,4.701210519579216e-06,0.008046414676757957,0.0,0.0,0.0,0.0,0.0,0.0,24%
CUST0246814,DECLINED,INSAGFFICIENT_NET_DISPOSABLE_INCOME,3.8267462858951e-07,4.701210519579216e-06,0.008046414676757957,0.0,0.0,0.0,0.0,0.0,0.0,24%
CUST0246906,DECLINED,INSAGFFICIENT_NET_DISPOSABLE_INCOME,3.8267462858951e-07,4.701210519579216e-06,0.008046414676757957,0.0,0.0,0.0,0.0,0.0,0.0,24%
CUST0246946,DECLINED,INSAGFFICIENT_NET_DISPOSABLE_INCOME,3.8267462858951e-07,4.701210519579216e-06,0.008046414676757957,0.0,0.0,0.0,0.0,0.0,0.0,24%
CUST0246981,DECLINED,INSAGFFICIENT_NET_DISPOSABLE_INCOME,3.8267462858951e-07,4.701210519579216e-06,0.008046414676757957,0.0,0.0,0.0,0.0,0.0,0.0,24%
CUST0246982,DECLINED,INSAGFFICIENT_NET_DISPOSABLE_INCOME,3.8267462858951e-07,4.701210519579216e-06,0.008046414676757957,0.0,0.0,0.0,0.0,0.0,0.0,24%
CUST0247020,DECLINED,INSAGFFICIENT_NET_DISPOSABLE_INCOME,3.8267462858951e-07,4.701210519579216e-06,0.008046414676757957,0.0,0.0,0.0,0.0,0.0,0.0,24%
CUST0247032,DECLINED,INSAGFFICIENT_NET_DISPOSABLE_INCOME,3.8267462858951e-07,4.701210519579216e-06,0.008046414676757957,0.0,0.0,0.0,0.0,0.0,0.0,24%
CUST0247070,DECLINED,INSAGFFICIENT_NET_DISPOSABLE_INCOME,3.8267462858951e-07,4.701210519579216e-06,0.008046414676757957,0.0,0.0,0.0,0.0,0.0,0.0,24%
CUST0247077,DECLINED,INSAGFFICIENT_NET_DISPOSABLE_INCOME,3.8267462858951e-07,4.701210519579216e-06,0.008046414676757957,0.0,0.0,0.0,0.0,0.0,0.0,24%
CUST0247156,DECLINED,INSAGFFICIENT_NET_DISPOSABLE_INCOME,3.8267462858951e-07,4.701210519579216e-06,0.008046414676757957,0.0,0.0,0.0,0.0,0.0,0.0,24%
CUST0247192,DECLINED,INSAGFFICIENT_NET_DISPOSABLE_INCOME,3.8267462858951e-07,4.701210519579216e-06,0.008046414676757957,0.0,0.0,0.0,0.0,0.0,0.0,24%
CUST0247273,DECLINED,INSAGFFICIENT_NET_DISPOSABLE_INCOME,3.8267462858951e-07,4.701210519579216e-06,0.008046414676757957,0.0,0.0,0.0,0.0,0.0,0.0,24%
CUST0247320,DECLINED,INSAGFFICIENT_NET_DISPOSABLE_INCOME,3.8267462858951e-07,4.701210519579216e-06,0.008046414676757957,0.0,0.0,0.0,0.0,0.0,0.0,24%
CUST0247321,DECLINED,INSAGFFICIENT_NET_DISPOSABLE_INCOME,3.8267462858951e-07,4.701210519579216e-06,0.008046414676757957,0.0,0.0,0.0,0.0,0.0,0.0,24%
CUST0247325,DECLINED,INSAGFFICIENT_NET_DISPOSABLE_INCOME,3.8267462858951e-07,4.701210519579216e-06,0.008046414676757957,0.0,0.0,0.0,0.0,0.0,0.0,24%
CUST0247359,DECLINED,INSAGFFICIENT_NET_DISPOSABLE_INCOME,3.8267462858951e-07,4.701210519579216e-06,0.008046414676757957,0.0,0.0,0.0,0.0,0.0,0.0,24%
CUST0247362,DECLINED,INSAGFFICIENT_NET_DISPOSABLE_INCOME,3.8267462858951e-07,4.701210519579216e-06,0.008046414676757957,0.0,0.0,0.0,0.0,0.0,0.0,24%
CUST0247459,DECLINED,INSAGFFICIENT_NET_DISPOSABLE_INCOME,3.8267462858951e-07,4.701210519579216e-06,0.008046414676757957,0.0,0.0,0.0,0.0,0.0,0.0,24%
CUST0247472,DECLINED,INSAGFFICIENT_NET_DISPOSABLE_INCOME,3.8267462858951e-07,4.701210519579216e-06,0.008046414676757957,0.0,0.0,0.0,0.0,0.0,0.0,24%
CUST0247508,DECLINED,INSAGFFICIENT_NET_DISPOSABLE_INCOME,3.8267462858951e-07,4.701210519579216e-06,0.008046414676757957,0.0,0.0,0.0,0.0,0.0,0.0,24%
CUST0247532,DECLINED,INSAGFFICIENT_NET_DISPOSABLE_INCOME,3.8267462858951e-07,4.701210519579216e-06,0.008046414676757957,0.0,0.0,0.0,0.0,0.0,0.0,24%
CUST0247542,DECLINED,INSAGFFICIENT_NET_DISPOSABLE_INCOME,3.8267462858951e-07,4.701210519579216e-06,0.008046414676757957,0.0,0.0,0.0,0.0,0.0,0.0,24%
CUST0247710,DECLINED,INSAGFFICIENT_NET_DISPOSABLE_INCOME,3.8267462858951e-07,4.701210519579216e-06,0.008046414676757957,0.0,0.0,0.0,0.0,0.0,0.0,24%
CUST0247727,DECLINED,INSAGFFICIENT_NET_DISPOSABLE_INCOME,3.8267462858951e-07,4.701210519579216e-06,0.008046414676757957,0.0,0.0,0.0,0.0,0.0,0.0,24%
CUST0247782,DECLINED,INSAGFFICIENT_NET_DISPOSABLE_INCOME,3.8267462858951e-07,4.701210519579216e-06,0.008046414676757957,0.0,0.0,0.0,0.0,0.0,0.0,24%
CUST0247826,DECLINED,INSAGFFICIENT_NET_DISPOSABLE_INCOME,3.8267462858951e-07,4.701210519579216e-06,0.008046414676757957,0.0,0.0,0.0,0.0,0.0,0.0,24%
CUST0247897,DECLINED,INSAGFFICIENT_NET_DISPOSABLE_INCOME,3.8267462858951e-07,4.701210519579216e-06,0.008046414676757957,0.0,0.0,0.0,0.0,0.0,0.0,24%
CUST0247927,DECLINED,INSAGFFICIENT_NET_DISPOSABLE_INCOME,3.8267462858951e-07,4.701210519579216e-06,0.008046414676757957,0.0,0.0,0.0,0.0,0.0,0.0,24%
CUST0248018,DECLINED,INSAGFFICIENT_NET_DISPOSABLE_INCOME,3.8267462858951e-07,4.701210519579216e-06,0.008046414676757957,0.0,0.0,0.0,0.0,0.0,0.0,24%
CUST0248030,DECLINED,INSAGFFICIENT_NET_DISPOSABLE_INCOME,3.8267462858951e-07,4.701210519579216e-06,0.008046414676757957,0.0,0.0,0.0,0.0,0.0,0.0,24%
CUST0248105,DECLINED,INSAGFFICIENT_NET_DISPOSABLE_INCOME,3.8267462858951e-07,4.701210519579216e-06,0.008046414676757957,0.0,0.0,0.0,0.0,0.0,0.0,24%
CUST0248147,DECLINED,INSAGFFICIENT_NET_DISPOSABLE_INCOME,3.8267462858951e-07,4.701210519579216e-06,0.008046414676757957,0.0,0.0,0.0,0.0,0.0,0.0,24%
CUST0248163,DECLINED,INSAGFFICIENT_NET_DISPOSABLE_INCOME,3.8267462858951e-07,4.701210519579216e-06,0.008046414676757957,0.0,0.0,0.0,0.0,0.0,0.0,24%
CUST0248200,DECLINED,INSAGFFICIENT_NET_DISPOSABLE_INCOME,3.8267462858951e-07,4.701210519579216e-06,0.008046414676757957,0.0,0.0,0.0,0.0,0.0,0.0,24%
CUST0248217,DECLINED,INSAGFFICIENT_NET_DISPOSABLE_INCOME,3.8267462858951e-07,4.701210519579216e-06,0.008046414676757957,0.0,0.0,0.0,0.0,0.0,0.0,24%
CUST0248260,DECLINED,INSAGFFICIENT_NET_DISPOSABLE_INCOME,3.8267462858951e-07,4.701210519579216e-06,0.008046414676757957,0.0,0.0,0.0,0.0,0.0,0.0,24%
CUST0248389,DECLINED,INSAGFFICIENT_NET_DISPOSABLE_INCOME,3.8267462858951e-07,4.701210519579216e-06,0.008046414676757957,0.0,0.0,0.0,0.0,0.0,0.0,24%
CUST0248428,DECLINED,INSAGFFICIENT_NET_DISPOSABLE_INCOME,3.8267462858951e-07,4.701210519579216e-06,0.008046414676757957,0.0,0.0,0.0,0.0,0.0,0.0,24%
CUST0248512,DECLINED,INSAGFFICIENT_NET_DISPOSABLE_INCOME,3.8267462858951e-07,4.701210519579216e-06,0.008046414676757957,0.0,0.0,0.0,0.0,0.0,0.0,24%
CUST0248536,DECLINED,INSAGFFICIENT_NET_DISPOSABLE_INCOME,3.8267462858951e-07,4.701210519579216e-06,0.008046414676757957,0.0,0.0,0.0,0.0,0.0,0.0,24%
CUST0248683,DECLINED,INSAGFFICIENT_NET_DISPOSABLE_INCOME,3.8267462858951e-07,4.701210519579216e-06,0.008046414676757957,0.0,0.0,0.0,0.0,0.0,0.0,24%
CUST0248699,DECLINED,INSAGFFICIENT_NET_DISPOSABLE_INCOME,3.8267462858951e-07,4.701210519579216e-06,0.008046414676757957,0.0,0.0,0.0,0.0,0.0,0.0,24%
CUST0248728,DECLINED,INSAGFFICIENT_NET_DISPOSABLE_INCOME,3.8267462858951e-07,4.701210519579216e-06,0.008046414676757957,0.0,0.0,0.0,0.0,0.0,0.0,24%
CUST0248733,DECLINED,INSAGFFICIENT_NET_DISPOSABLE_INCOME,3.8267462858951e-07,4.701210519579216e-06,0.008046414676757957,0.0,0.0,0.0,0.0,0.0,0.0,24%
CUST0248762,DECLINED,INSAGFFICIENT_NET_DISPOSABLE_INCOME,3.8267462858951e-07,4.701210519579216e-06,0.008046414676757957,0.0,0.0,0.0,0.0,0.0,0.0,24%
CUST0248772,DECLINED,INSAGFFICIENT_NET_DISPOSABLE_INCOME,3.8267462858951e-07,4.701210519579216e-06,0.008046414676757957,0.0,0.0,0.0,0.0,0.0,0.0,24%
CUST0248856,DECLINED,INSAGFFICIENT_NET_DISPOSABLE_INCOME,5824.000995471831,6351.277772688011,18413.80149247557,0.0,0.0,0.0,0.0,0.0,0.0,24%
CUST0248862,DECLINED,INSAGFFICIENT_NET_DISPOSABLE_INCOME,6223.276866092786,7575.069553268352,21334.363320592027,0.0,0.0,0.0,0.0,0.0,0.0,24%
CUST0248883,DECLINED,INSAGFFICIENT_NET_DISPOSABLE_INCOME,3.8267462858951e-07,4.701210519579216e-06,0.008046414676757957,0.0,0.0,0.0,0.0,0.0,0.0,24%
CUST0248911,DECLINED,INSAGFFICIENT_NET_DISPOSABLE_INCOME,3.8267462858951e-07,4.701210519579216e-06,0.008046414676757957,0.0,0.0,0.0,0.0,0.0,0.0,24%
CUST0248943,DECLINED,INSAGFFICIENT_NET_DISPOSABLE_INCOME,3.8267462858951e-07,4.701210519579216e-06,0.008046414676757957,0.0,0.0,0.0,0.0,0.0,0.0,24%
CUST0249015,DECLINED,INSAGFFICIENT_NET_DISPOSABLE_INCOME,3.8267462858951e-07,4.701210519579216e-06,0.008046414676757957,0.0,0.0,0.0,0.0,0.0,0.0,24%
CUST0249093,DECLINED,INSAGFFICIENT_NET_DISPOSABLE_INCOME,3.8267462858951e-07,4.701210519579216e-06,0.008046414676757957,0.0,0.0,0.0,0.0,0.0,0.0,24%
CUST0249110,DECLINED,INSAGFFICIENT_NET_DISPOSABLE_INCOME,3.8267462858951e-07,4.701210519579216e-06,0.008046414676757957,0.0,0.0,0.0,0.0,0.0,0.0,24%
CUST0249133,DECLINED,INSAGFFICIENT_NET_DISPOSABLE_INCOME,3.8267462858951e-07,4.701210519579216e-06,0.008046414676757957,0.0,0.0,0.0,0.0,0.0,0.0,24%
CUST0249137,DECLINED,INSAGFFICIENT_NET_DISPOSABLE_INCOME,3.8267462858951e-07,4.701210519579216e-06,0.008046414676757957,0.0,0.0,0.0,0.0,0.0,0.0,24%
CUST0249154,DECLINED,INSAGFFICIENT_NET_DISPOSABLE_INCOME,3.8267462858951e-07,4.701210519579216e-06,0.008046414676757957,0.0,0.0,0.0,0.0,0.0,0.0,24%
CUST0249180,DECLINED,INSAGFFICIENT_NET_DISPOSABLE_INCOME,3.8267462858951e-07,4.701210519579216e-06,0.008046414676757957,0.0,0.0,0.0,0.0,0.0,0.0,24%
CUST0249198,DECLINED,INSAGFFICIENT_NET_DISPOSABLE_INCOME,5131.112017612426,5171.657662783951,12442.141595216788,0.0,0.0,0.0,0.0,0.0,0.0,24%
CUST0249291,DECLINED,INSAGFFICIENT_NET_DISPOSABLE_INCOME,3.8267462858951e-07,4.701210519579216e-06,0.008046414676757957,0.0,0.0,0.0,0.0,0.0,0.0,24%
CUST0249297,DECLINED,INSAGFFICIENT_NET_DISPOSABLE_INCOME,3.8267462858951e-07,4.701210519579216e-06,0.008046414676757957,0.0,0.0,0.0,0.0,0.0,0.0,24%
CUST0249326,DECLINED,INSAGFFICIENT_NET_DISPOSABLE_INCOME,3.8267462858951e-07,4.701210519579216e-06,0.008046414676757957,0.0,0.0,0.0,0.0,0.0,0.0,24%
CUST0249476,DECLINED,INSAGFFICIENT_NET_DISPOSABLE_INCOME,3.8267462858951e-07,4.701210519579216e-06,0.008046414676757957,0.0,0.0,0.0,0.0,0.0,0.0,24%
CUST0249499,DECLINED,INSAGFFICIENT_NET_DISPOSABLE_INCOME,3.8267462858951e-07,4.701210519579216e-06,0.008046414676757957,0.0,0.0,0.0,0.0,0.0,0.0,24%
CUST0249607,DECLINED,INSAGFFICIENT_NET_DISPOSABLE_INCOME,3.8267462858951e-07,4.701210519579216e-06,0.008046414676757957,0.0,0.0,0.0,0.0,0.0,0.0,24%
CUST0249675,DECLINED,INSAGFFICIENT_NET_DISPOSABLE_INCOME,3.8267462858951e-07,4.701210519579216e-06,0.008046414676757957,0.0,0.0,0.0,0.0,0.0,0.0,24%
CUST0249760,DECLINED,INSAGFFICIENT_NET_DISPOSABLE_INCOME,3.8267462858951e-07,4.701210519579216e-06,0.008046414676757957,0.0,0.0,0.0,0.0,0.0,0.0,24%
CUST0249860,DECLINED,INSAGFFICIENT_NET_DISPOSABLE_INCOME,3.8267462858951e-07,4.701210519579216e-06,0.008046414676757957,0.0,0.0,0.0,0.0,0.0,0.0,24%
CUST0249910,DECLINED,INSAGFFICIENT_NET_DISPOSABLE_INCOME,5762.78865570401,5929.1405329763475,13268.528092681645,0.0,0.0,0.0,0.0,0.0,0.0,24%
CUST0249986,DECLINED,INSAGFFICIENT_NET_DISPOSABLE_INCOME,3.8267462858951e-07,4.701210519579216e-06,0.008046414676757957,0.0,0.0,0.0,0.0,0.0,0.0,24%
